feature,importance
monetary_mean,2.035074303039912
monetary_median,1.8111384284047258
spend_last_60d,0.5354254311722433
recency_days,0.2554439588102802
orders_last_30d,0.1459660415780818
trend_spend_30_vs_90,0.09545131888721452
spend_last_30d,0.045840430892088356
orders_last_90d,0.03642125657032832
trend_orders_30_vs_90,-0.11720743915762967
orders_last_60d,-0.4580382549637346
spend_last_90d,-0.484657876737426
monetary_total,-1.347235216651892
frequency_orders,-1.4981469235879803
