CustomerID,top_risk_drivers,top_protective_drivers,model_explanation
12346,"monetary_mean, monetary_median, frequency_orders","monetary_total, spend_last_60d, trend_orders_30_vs_90","Main churn-risk drivers: monetary_mean, monetary_median, frequency_orders. Main factors reducing churn risk: monetary_total, spend_last_60d, trend_orders_30_vs_90."
12347,"trend_orders_30_vs_90, spend_last_60d","frequency_orders, monetary_total, recency_days","Main churn-risk drivers: trend_orders_30_vs_90, spend_last_60d. Main factors reducing churn risk: frequency_orders, monetary_total, recency_days."
12348,"orders_last_60d, recency_days, frequency_orders","spend_last_60d, trend_orders_30_vs_90, orders_last_30d","Main churn-risk drivers: orders_last_60d, recency_days, frequency_orders. Main factors reducing churn risk: spend_last_60d, trend_orders_30_vs_90, orders_last_30d."
12350,"frequency_orders, recency_days, monetary_total","spend_last_60d, trend_orders_30_vs_90, orders_last_30d","Main churn-risk drivers: frequency_orders, recency_days, monetary_total. Main factors reducing churn risk: spend_last_60d, trend_orders_30_vs_90, orders_last_30d."
12352,"recency_days, orders_last_60d, spend_last_90d","frequency_orders, spend_last_60d, trend_orders_30_vs_90","Main churn-risk drivers: recency_days, orders_last_60d, spend_last_90d. Main factors reducing churn risk: frequency_orders, spend_last_60d, trend_orders_30_vs_90."
12353,"frequency_orders, monetary_total, orders_last_60d","spend_last_60d, trend_orders_30_vs_90, orders_last_30d","Main churn-risk drivers: frequency_orders, monetary_total, orders_last_60d. Main factors reducing churn risk: spend_last_60d, trend_orders_30_vs_90, orders_last_30d."
12354,"frequency_orders, orders_last_60d, recency_days","spend_last_60d, trend_orders_30_vs_90, orders_last_30d","Main churn-risk drivers: frequency_orders, orders_last_60d, recency_days. Main factors reducing churn risk: spend_last_60d, trend_orders_30_vs_90, orders_last_30d."
12355,"frequency_orders, monetary_total, orders_last_60d","spend_last_60d, trend_orders_30_vs_90, orders_last_30d","Main churn-risk drivers: frequency_orders, monetary_total, orders_last_60d. Main factors reducing churn risk: spend_last_60d, trend_orders_30_vs_90, orders_last_30d."
12356,"frequency_orders, orders_last_60d, recency_days","monetary_total, spend_last_60d, trend_orders_30_vs_90","Main churn-risk drivers: frequency_orders, orders_last_60d, recency_days. Main factors reducing churn risk: monetary_total, spend_last_60d, trend_orders_30_vs_90."
12358,"frequency_orders, monetary_total, orders_last_60d","trend_spend_30_vs_90, spend_last_60d, recency_days","Main churn-risk drivers: frequency_orders, monetary_total, orders_last_60d. Main factors reducing churn risk: trend_spend_30_vs_90, spend_last_60d, recency_days."
12359,"orders_last_60d, frequency_orders, spend_last_90d","monetary_total, spend_last_60d, trend_orders_30_vs_90","Main churn-risk drivers: orders_last_60d, frequency_orders, spend_last_90d. Main factors reducing churn risk: monetary_total, spend_last_60d, trend_orders_30_vs_90."
12360,"frequency_orders, orders_last_30d, trend_spend_30_vs_90","recency_days, trend_orders_30_vs_90, orders_last_60d","Main churn-risk drivers: frequency_orders, orders_last_30d, trend_spend_30_vs_90. Main factors reducing churn risk: recency_days, trend_orders_30_vs_90, orders_last_60d."
12361,"frequency_orders, monetary_total, recency_days","spend_last_60d, trend_orders_30_vs_90, orders_last_30d","Main churn-risk drivers: frequency_orders, monetary_total, recency_days. Main factors reducing churn risk: spend_last_60d, trend_orders_30_vs_90, orders_last_30d."
12362,"orders_last_30d, trend_orders_30_vs_90, spend_last_60d","recency_days, frequency_orders, orders_last_60d","Main churn-risk drivers: orders_last_30d, trend_orders_30_vs_90, spend_last_60d. Main factors reducing churn risk: recency_days, frequency_orders, orders_last_60d."
12363,"frequency_orders, monetary_total, orders_last_30d","recency_days, trend_orders_30_vs_90, orders_last_60d","Main churn-risk drivers: frequency_orders, monetary_total, orders_last_30d. Main factors reducing churn risk: recency_days, trend_orders_30_vs_90, orders_last_60d."
12364,"frequency_orders, monetary_total, orders_last_30d","recency_days, trend_orders_30_vs_90, orders_last_60d","Main churn-risk drivers: frequency_orders, monetary_total, orders_last_30d. Main factors reducing churn risk: recency_days, trend_orders_30_vs_90, orders_last_60d."
12365,"frequency_orders, recency_days, orders_last_60d","spend_last_60d, trend_orders_30_vs_90, orders_last_30d","Main churn-risk drivers: frequency_orders, recency_days, orders_last_60d. Main factors reducing churn risk: spend_last_60d, trend_orders_30_vs_90, orders_last_30d."
12370,"recency_days, orders_last_60d, frequency_orders","monetary_total, spend_last_60d, trend_orders_30_vs_90","Main churn-risk drivers: recency_days, orders_last_60d, frequency_orders. Main factors reducing churn risk: monetary_total, spend_last_60d, trend_orders_30_vs_90."
12372,"frequency_orders, orders_last_60d, monetary_total","spend_last_60d, trend_orders_30_vs_90, orders_last_30d","Main churn-risk drivers: frequency_orders, orders_last_60d, monetary_total. Main factors reducing churn risk: spend_last_60d, trend_orders_30_vs_90, orders_last_30d."
12373,"frequency_orders, recency_days, monetary_total","spend_last_60d, trend_orders_30_vs_90, orders_last_30d","Main churn-risk drivers: frequency_orders, recency_days, monetary_total. Main factors reducing churn risk: spend_last_60d, trend_orders_30_vs_90, orders_last_30d."
12375,"frequency_orders, monetary_total, orders_last_30d","recency_days, trend_orders_30_vs_90, orders_last_60d","Main churn-risk drivers: frequency_orders, monetary_total, orders_last_30d. Main factors reducing churn risk: recency_days, trend_orders_30_vs_90, orders_last_60d."
12377,"recency_days, frequency_orders, orders_last_60d","spend_last_60d, trend_orders_30_vs_90, orders_last_30d","Main churn-risk drivers: recency_days, frequency_orders, orders_last_60d. Main factors reducing churn risk: spend_last_60d, trend_orders_30_vs_90, orders_last_30d."
12378,"spend_last_60d, frequency_orders, trend_orders_30_vs_90","spend_last_90d, monetary_total, recency_days","Main churn-risk drivers: spend_last_60d, frequency_orders, trend_orders_30_vs_90. Main factors reducing churn risk: spend_last_90d, monetary_total, recency_days."
12379,"frequency_orders, monetary_total, orders_last_60d","trend_spend_30_vs_90, spend_last_60d, orders_last_30d","Main churn-risk drivers: frequency_orders, monetary_total, orders_last_60d. Main factors reducing churn risk: trend_spend_30_vs_90, spend_last_60d, orders_last_30d."
12380,"frequency_orders, monetary_total, orders_last_60d","spend_last_60d, trend_orders_30_vs_90, orders_last_30d","Main churn-risk drivers: frequency_orders, monetary_total, orders_last_60d. Main factors reducing churn risk: spend_last_60d, trend_orders_30_vs_90, orders_last_30d."
12381,"frequency_orders, spend_last_60d, orders_last_30d","recency_days, spend_last_90d, trend_orders_30_vs_90","Main churn-risk drivers: frequency_orders, spend_last_60d, orders_last_30d. Main factors reducing churn risk: recency_days, spend_last_90d, trend_orders_30_vs_90."
12383,"orders_last_60d, spend_last_90d, trend_spend_30_vs_90","frequency_orders, spend_last_60d, trend_orders_30_vs_90","Main churn-risk drivers: orders_last_60d, spend_last_90d, trend_spend_30_vs_90. Main factors reducing churn risk: frequency_orders, spend_last_60d, trend_orders_30_vs_90."
12384,"frequency_orders, monetary_total, trend_orders_30_vs_90","recency_days, trend_spend_30_vs_90, orders_last_30d","Main churn-risk drivers: frequency_orders, monetary_total, trend_orders_30_vs_90. Main factors reducing churn risk: recency_days, trend_spend_30_vs_90, orders_last_30d."
12386,"recency_days, frequency_orders, monetary_total","spend_last_60d, trend_orders_30_vs_90, orders_last_30d","Main churn-risk drivers: recency_days, frequency_orders, monetary_total. Main factors reducing churn risk: spend_last_60d, trend_orders_30_vs_90, orders_last_30d."
12388,"spend_last_60d, trend_orders_30_vs_90","trend_spend_30_vs_90, recency_days, frequency_orders","Main churn-risk drivers: spend_last_60d, trend_orders_30_vs_90. Main factors reducing churn risk: trend_spend_30_vs_90, recency_days, frequency_orders."
12393,"orders_last_60d, recency_days, frequency_orders","spend_last_60d, trend_orders_30_vs_90, orders_last_30d","Main churn-risk drivers: orders_last_60d, recency_days, frequency_orders. Main factors reducing churn risk: spend_last_60d, trend_orders_30_vs_90, orders_last_30d."
12394,"frequency_orders, monetary_total, orders_last_60d","spend_last_60d, trend_orders_30_vs_90, orders_last_30d","Main churn-risk drivers: frequency_orders, monetary_total, orders_last_60d. Main factors reducing churn risk: spend_last_60d, trend_orders_30_vs_90, orders_last_30d."
12395,"orders_last_30d, spend_last_90d, trend_orders_30_vs_90","frequency_orders, recency_days, spend_last_60d","Main churn-risk drivers: orders_last_30d, spend_last_90d, trend_orders_30_vs_90. Main factors reducing churn risk: frequency_orders, recency_days, spend_last_60d."
12397,"frequency_orders, spend_last_60d, trend_orders_30_vs_90","recency_days, spend_last_90d, trend_spend_30_vs_90","Main churn-risk drivers: frequency_orders, spend_last_60d, trend_orders_30_vs_90. Main factors reducing churn risk: recency_days, spend_last_90d, trend_spend_30_vs_90."
12399,"monetary_total, orders_last_30d, trend_spend_30_vs_90","recency_days, frequency_orders, trend_orders_30_vs_90","Main churn-risk drivers: monetary_total, orders_last_30d, trend_spend_30_vs_90. Main factors reducing churn risk: recency_days, frequency_orders, trend_orders_30_vs_90."
12401,"frequency_orders, recency_days, monetary_total","spend_last_60d, trend_orders_30_vs_90, orders_last_30d","Main churn-risk drivers: frequency_orders, recency_days, monetary_total. Main factors reducing churn risk: spend_last_60d, trend_orders_30_vs_90, orders_last_30d."
12402,"frequency_orders, recency_days, monetary_total","spend_last_60d, trend_orders_30_vs_90, orders_last_30d","Main churn-risk drivers: frequency_orders, recency_days, monetary_total. Main factors reducing churn risk: spend_last_60d, trend_orders_30_vs_90, orders_last_30d."
12405,"frequency_orders, spend_last_60d, trend_orders_30_vs_90","spend_last_90d, trend_spend_30_vs_90, recency_days","Main churn-risk drivers: frequency_orders, spend_last_60d, trend_orders_30_vs_90. Main factors reducing churn risk: spend_last_90d, trend_spend_30_vs_90, recency_days."
12406,"frequency_orders, orders_last_60d, spend_last_90d","spend_last_60d, trend_orders_30_vs_90, orders_last_30d","Main churn-risk drivers: frequency_orders, orders_last_60d, spend_last_90d. Main factors reducing churn risk: spend_last_60d, trend_orders_30_vs_90, orders_last_30d."
12407,"trend_orders_30_vs_90, monetary_total, orders_last_90d","recency_days, trend_spend_30_vs_90, frequency_orders","Main churn-risk drivers: trend_orders_30_vs_90, monetary_total, orders_last_90d. Main factors reducing churn risk: recency_days, trend_spend_30_vs_90, frequency_orders."
12408,"orders_last_30d, spend_last_60d, trend_orders_30_vs_90","recency_days, spend_last_90d, monetary_total","Main churn-risk drivers: orders_last_30d, spend_last_60d, trend_orders_30_vs_90. Main factors reducing churn risk: recency_days, spend_last_90d, monetary_total."
12409,"frequency_orders, orders_last_60d, spend_last_90d","monetary_total, spend_last_60d, trend_orders_30_vs_90","Main churn-risk drivers: frequency_orders, orders_last_60d, spend_last_90d. Main factors reducing churn risk: monetary_total, spend_last_60d, trend_orders_30_vs_90."
12410,"recency_days, frequency_orders, orders_last_60d","spend_last_60d, trend_orders_30_vs_90, orders_last_30d","Main churn-risk drivers: recency_days, frequency_orders, orders_last_60d. Main factors reducing churn risk: spend_last_60d, trend_orders_30_vs_90, orders_last_30d."
12412,"frequency_orders, trend_orders_30_vs_90, monetary_total","recency_days, trend_spend_30_vs_90, spend_last_90d","Main churn-risk drivers: frequency_orders, trend_orders_30_vs_90, monetary_total. Main factors reducing churn risk: recency_days, trend_spend_30_vs_90, spend_last_90d."
12413,"frequency_orders, monetary_total, orders_last_60d","spend_last_60d, trend_orders_30_vs_90, orders_last_30d","Main churn-risk drivers: frequency_orders, monetary_total, orders_last_60d. Main factors reducing churn risk: spend_last_60d, trend_orders_30_vs_90, orders_last_30d."
12414,"monetary_total, orders_last_60d, frequency_orders","spend_last_60d, trend_orders_30_vs_90, orders_last_30d","Main churn-risk drivers: monetary_total, orders_last_60d, frequency_orders. Main factors reducing churn risk: spend_last_60d, trend_orders_30_vs_90, orders_last_30d."
12415,"spend_last_60d, spend_last_30d, orders_last_30d","monetary_total, spend_last_90d, frequency_orders","Main churn-risk drivers: spend_last_60d, spend_last_30d, orders_last_30d. Main factors reducing churn risk: monetary_total, spend_last_90d, frequency_orders."
12417,"spend_last_60d, orders_last_30d, trend_orders_30_vs_90","frequency_orders, orders_last_60d, monetary_total","Main churn-risk drivers: spend_last_60d, orders_last_30d, trend_orders_30_vs_90. Main factors reducing churn risk: frequency_orders, orders_last_60d, monetary_total."
12418,"frequency_orders, monetary_total, orders_last_30d","recency_days, trend_orders_30_vs_90, orders_last_60d","Main churn-risk drivers: frequency_orders, monetary_total, orders_last_30d. Main factors reducing churn risk: recency_days, trend_orders_30_vs_90, orders_last_60d."
12421,"monetary_total, frequency_orders, orders_last_30d","recency_days, orders_last_60d, monetary_mean","Main churn-risk drivers: monetary_total, frequency_orders, orders_last_30d. Main factors reducing churn risk: recency_days, orders_last_60d, monetary_mean."
12422,"monetary_total, frequency_orders, orders_last_30d","recency_days, spend_last_60d, trend_spend_30_vs_90","Main churn-risk drivers: monetary_total, frequency_orders, orders_last_30d. Main factors reducing churn risk: recency_days, spend_last_60d, trend_spend_30_vs_90."
12423,"orders_last_30d, trend_spend_30_vs_90, spend_last_90d","frequency_orders, recency_days, trend_orders_30_vs_90","Main churn-risk drivers: orders_last_30d, trend_spend_30_vs_90, spend_last_90d. Main factors reducing churn risk: frequency_orders, recency_days, trend_orders_30_vs_90."
12424,"frequency_orders, orders_last_60d, trend_orders_30_vs_90","spend_last_90d, trend_spend_30_vs_90, spend_last_60d","Main churn-risk drivers: frequency_orders, orders_last_60d, trend_orders_30_vs_90. Main factors reducing churn risk: spend_last_90d, trend_spend_30_vs_90, spend_last_60d."
12426,"frequency_orders, monetary_total, orders_last_60d","spend_last_60d, trend_orders_30_vs_90, orders_last_30d","Main churn-risk drivers: frequency_orders, monetary_total, orders_last_60d. Main factors reducing churn risk: spend_last_60d, trend_orders_30_vs_90, orders_last_30d."
12427,"frequency_orders, recency_days, monetary_total","spend_last_60d, trend_orders_30_vs_90, orders_last_30d","Main churn-risk drivers: frequency_orders, recency_days, monetary_total. Main factors reducing churn risk: spend_last_60d, trend_orders_30_vs_90, orders_last_30d."
12428,"orders_last_30d, spend_last_60d, trend_orders_30_vs_90","monetary_total, frequency_orders, recency_days","Main churn-risk drivers: orders_last_30d, spend_last_60d, trend_orders_30_vs_90. Main factors reducing churn risk: monetary_total, frequency_orders, recency_days."
12429,"orders_last_60d, frequency_orders, trend_orders_30_vs_90","monetary_total, trend_spend_30_vs_90, spend_last_60d","Main churn-risk drivers: orders_last_60d, frequency_orders, trend_orders_30_vs_90. Main factors reducing churn risk: monetary_total, trend_spend_30_vs_90, spend_last_60d."
12431,"spend_last_60d, trend_orders_30_vs_90, orders_last_30d","frequency_orders, orders_last_60d, monetary_total","Main churn-risk drivers: spend_last_60d, trend_orders_30_vs_90, orders_last_30d. Main factors reducing churn risk: frequency_orders, orders_last_60d, monetary_total."
12432,"orders_last_60d, trend_orders_30_vs_90, frequency_orders","spend_last_90d, monetary_total, trend_spend_30_vs_90","Main churn-risk drivers: orders_last_60d, trend_orders_30_vs_90, frequency_orders. Main factors reducing churn risk: spend_last_90d, monetary_total, trend_spend_30_vs_90."
12433,"spend_last_60d, frequency_orders, spend_last_30d","monetary_total, spend_last_90d, recency_days","Main churn-risk drivers: spend_last_60d, frequency_orders, spend_last_30d. Main factors reducing churn risk: monetary_total, spend_last_90d, recency_days."
12434,"frequency_orders, monetary_total, recency_days","spend_last_60d, trend_orders_30_vs_90, orders_last_30d","Main churn-risk drivers: frequency_orders, monetary_total, recency_days. Main factors reducing churn risk: spend_last_60d, trend_orders_30_vs_90, orders_last_30d."
12435,"frequency_orders, recency_days, orders_last_60d","monetary_total, spend_last_60d, trend_orders_30_vs_90","Main churn-risk drivers: frequency_orders, recency_days, orders_last_60d. Main factors reducing churn risk: monetary_total, spend_last_60d, trend_orders_30_vs_90."
12436,"frequency_orders, monetary_total, orders_last_30d","recency_days, trend_orders_30_vs_90, orders_last_60d","Main churn-risk drivers: frequency_orders, monetary_total, orders_last_30d. Main factors reducing churn risk: recency_days, trend_orders_30_vs_90, orders_last_60d."
12437,"orders_last_30d, orders_last_90d, trend_orders_30_vs_90","frequency_orders, orders_last_60d, recency_days","Main churn-risk drivers: orders_last_30d, orders_last_90d, trend_orders_30_vs_90. Main factors reducing churn risk: frequency_orders, orders_last_60d, recency_days."
12438,"frequency_orders, spend_last_60d, monetary_total","recency_days, trend_spend_30_vs_90, spend_last_90d","Main churn-risk drivers: frequency_orders, spend_last_60d, monetary_total. Main factors reducing churn risk: recency_days, trend_spend_30_vs_90, spend_last_90d."
12441,"frequency_orders, recency_days, monetary_total","spend_last_60d, trend_orders_30_vs_90, orders_last_30d","Main churn-risk drivers: frequency_orders, recency_days, monetary_total. Main factors reducing churn risk: spend_last_60d, trend_orders_30_vs_90, orders_last_30d."
12444,"frequency_orders, trend_orders_30_vs_90, spend_last_60d","spend_last_90d, monetary_total, recency_days","Main churn-risk drivers: frequency_orders, trend_orders_30_vs_90, spend_last_60d. Main factors reducing churn risk: spend_last_90d, monetary_total, recency_days."
12447,"frequency_orders, monetary_total, orders_last_60d","spend_last_60d, trend_orders_30_vs_90, orders_last_30d","Main churn-risk drivers: frequency_orders, monetary_total, orders_last_60d. Main factors reducing churn risk: spend_last_60d, trend_orders_30_vs_90, orders_last_30d."
12449,"spend_last_60d, frequency_orders, orders_last_30d","orders_last_60d, recency_days, spend_last_90d","Main churn-risk drivers: spend_last_60d, frequency_orders, orders_last_30d. Main factors reducing churn risk: orders_last_60d, recency_days, spend_last_90d."
12450,"frequency_orders, monetary_total, orders_last_60d","trend_spend_30_vs_90, spend_last_60d, recency_days","Main churn-risk drivers: frequency_orders, monetary_total, orders_last_60d. Main factors reducing churn risk: trend_spend_30_vs_90, spend_last_60d, recency_days."
12451,"frequency_orders, orders_last_60d, spend_last_90d","monetary_total, spend_last_60d, trend_orders_30_vs_90","Main churn-risk drivers: frequency_orders, orders_last_60d, spend_last_90d. Main factors reducing churn risk: monetary_total, spend_last_60d, trend_orders_30_vs_90."
12453,"frequency_orders, monetary_total, trend_orders_30_vs_90","recency_days, trend_spend_30_vs_90, orders_last_30d","Main churn-risk drivers: frequency_orders, monetary_total, trend_orders_30_vs_90. Main factors reducing churn risk: recency_days, trend_spend_30_vs_90, orders_last_30d."
12455,"trend_orders_30_vs_90, spend_last_90d, orders_last_90d","frequency_orders, recency_days, monetary_total","Main churn-risk drivers: trend_orders_30_vs_90, spend_last_90d, orders_last_90d. Main factors reducing churn risk: frequency_orders, recency_days, monetary_total."
12456,"frequency_orders, spend_last_60d, trend_orders_30_vs_90","recency_days, spend_last_90d, monetary_total","Main churn-risk drivers: frequency_orders, spend_last_60d, trend_orders_30_vs_90. Main factors reducing churn risk: recency_days, spend_last_90d, monetary_total."
12457,"orders_last_60d, recency_days, frequency_orders","spend_last_60d, trend_orders_30_vs_90, orders_last_30d","Main churn-risk drivers: orders_last_60d, recency_days, frequency_orders. Main factors reducing churn risk: spend_last_60d, trend_orders_30_vs_90, orders_last_30d."
12458,"frequency_orders, recency_days, monetary_total","spend_last_60d, trend_orders_30_vs_90, orders_last_30d","Main churn-risk drivers: frequency_orders, recency_days, monetary_total. Main factors reducing churn risk: spend_last_60d, trend_orders_30_vs_90, orders_last_30d."
12461,"frequency_orders, monetary_total, orders_last_30d","recency_days, trend_spend_30_vs_90, orders_last_60d","Main churn-risk drivers: frequency_orders, monetary_total, orders_last_30d. Main factors reducing churn risk: recency_days, trend_spend_30_vs_90, orders_last_60d."
12462,"frequency_orders, recency_days, orders_last_60d","spend_last_60d, trend_orders_30_vs_90, orders_last_30d","Main churn-risk drivers: frequency_orders, recency_days, orders_last_60d. Main factors reducing churn risk: spend_last_60d, trend_orders_30_vs_90, orders_last_30d."
12463,"orders_last_60d, monetary_total, frequency_orders","trend_spend_30_vs_90, spend_last_60d, orders_last_30d","Main churn-risk drivers: orders_last_60d, monetary_total, frequency_orders. Main factors reducing churn risk: trend_spend_30_vs_90, spend_last_60d, orders_last_30d."
12464,"monetary_total, orders_last_30d, spend_last_90d","frequency_orders, orders_last_60d, recency_days","Main churn-risk drivers: monetary_total, orders_last_30d, spend_last_90d. Main factors reducing churn risk: frequency_orders, orders_last_60d, recency_days."
12465,"frequency_orders, monetary_total, orders_last_60d","trend_spend_30_vs_90, spend_last_60d, orders_last_30d","Main churn-risk drivers: frequency_orders, monetary_total, orders_last_60d. Main factors reducing churn risk: trend_spend_30_vs_90, spend_last_60d, orders_last_30d."
12468,"frequency_orders, orders_last_60d, monetary_total","spend_last_60d, trend_orders_30_vs_90, orders_last_30d","Main churn-risk drivers: frequency_orders, orders_last_60d, monetary_total. Main factors reducing churn risk: spend_last_60d, trend_orders_30_vs_90, orders_last_30d."
12471,"spend_last_60d, orders_last_30d, trend_orders_30_vs_90","frequency_orders, monetary_total, orders_last_60d","Main churn-risk drivers: spend_last_60d, orders_last_30d, trend_orders_30_vs_90. Main factors reducing churn risk: frequency_orders, monetary_total, orders_last_60d."
12472,"trend_orders_30_vs_90, spend_last_60d, orders_last_90d","monetary_total, frequency_orders, spend_last_90d","Main churn-risk drivers: trend_orders_30_vs_90, spend_last_60d, orders_last_90d. Main factors reducing churn risk: monetary_total, frequency_orders, spend_last_90d."
12473,"frequency_orders, orders_last_30d, monetary_total","recency_days, trend_orders_30_vs_90, orders_last_60d","Main churn-risk drivers: frequency_orders, orders_last_30d, monetary_total. Main factors reducing churn risk: recency_days, trend_orders_30_vs_90, orders_last_60d."
12474,"spend_last_60d, trend_orders_30_vs_90, orders_last_30d","frequency_orders, monetary_total, orders_last_60d","Main churn-risk drivers: spend_last_60d, trend_orders_30_vs_90, orders_last_30d. Main factors reducing churn risk: frequency_orders, monetary_total, orders_last_60d."
12476,"spend_last_60d, trend_orders_30_vs_90","frequency_orders, monetary_total, recency_days","Main churn-risk drivers: spend_last_60d, trend_orders_30_vs_90. Main factors reducing churn risk: frequency_orders, monetary_total, recency_days."
12477,"spend_last_60d, spend_last_30d, frequency_orders","monetary_total, spend_last_90d, recency_days","Main churn-risk drivers: spend_last_60d, spend_last_30d, frequency_orders. Main factors reducing churn risk: monetary_total, spend_last_90d, recency_days."
12480,"frequency_orders, trend_orders_30_vs_90, spend_last_60d","recency_days, trend_spend_30_vs_90, monetary_total","Main churn-risk drivers: frequency_orders, trend_orders_30_vs_90, spend_last_60d. Main factors reducing churn risk: recency_days, trend_spend_30_vs_90, monetary_total."
12481,"orders_last_60d, trend_orders_30_vs_90","frequency_orders, monetary_total, trend_spend_30_vs_90","Main churn-risk drivers: orders_last_60d, trend_orders_30_vs_90. Main factors reducing churn risk: frequency_orders, monetary_total, trend_spend_30_vs_90."
12483,"orders_last_30d, trend_spend_30_vs_90, spend_last_90d","frequency_orders, recency_days, trend_orders_30_vs_90","Main churn-risk drivers: orders_last_30d, trend_spend_30_vs_90, spend_last_90d. Main factors reducing churn risk: frequency_orders, recency_days, trend_orders_30_vs_90."
12484,"spend_last_60d, orders_last_30d, spend_last_30d","monetary_total, spend_last_90d, orders_last_60d","Main churn-risk drivers: spend_last_60d, orders_last_30d, spend_last_30d. Main factors reducing churn risk: monetary_total, spend_last_90d, orders_last_60d."
12489,"frequency_orders, recency_days, monetary_total","spend_last_60d, trend_orders_30_vs_90, orders_last_30d","Main churn-risk drivers: frequency_orders, recency_days, monetary_total. Main factors reducing churn risk: spend_last_60d, trend_orders_30_vs_90, orders_last_30d."
12490,"spend_last_60d, orders_last_30d, trend_orders_30_vs_90","orders_last_60d, frequency_orders, monetary_total","Main churn-risk drivers: spend_last_60d, orders_last_30d, trend_orders_30_vs_90. Main factors reducing churn risk: orders_last_60d, frequency_orders, monetary_total."
12492,"frequency_orders, monetary_total, orders_last_30d","recency_days, trend_orders_30_vs_90, spend_last_60d","Main churn-risk drivers: frequency_orders, monetary_total, orders_last_30d. Main factors reducing churn risk: recency_days, trend_orders_30_vs_90, spend_last_60d."
12493,"frequency_orders, monetary_total, orders_last_60d","trend_spend_30_vs_90, spend_last_60d, orders_last_30d","Main churn-risk drivers: frequency_orders, monetary_total, orders_last_60d. Main factors reducing churn risk: trend_spend_30_vs_90, spend_last_60d, orders_last_30d."
12494,"orders_last_60d, monetary_total, trend_orders_30_vs_90","frequency_orders, trend_spend_30_vs_90, spend_last_60d","Main churn-risk drivers: orders_last_60d, monetary_total, trend_orders_30_vs_90. Main factors reducing churn risk: frequency_orders, trend_spend_30_vs_90, spend_last_60d."
12500,"orders_last_30d, trend_orders_30_vs_90, orders_last_90d","frequency_orders, recency_days, orders_last_60d","Main churn-risk drivers: orders_last_30d, trend_orders_30_vs_90, orders_last_90d. Main factors reducing churn risk: frequency_orders, recency_days, orders_last_60d."
12501,"frequency_orders, recency_days, orders_last_60d","monetary_total, spend_last_60d, trend_orders_30_vs_90","Main churn-risk drivers: frequency_orders, recency_days, orders_last_60d. Main factors reducing churn risk: monetary_total, spend_last_60d, trend_orders_30_vs_90."
12502,"spend_last_60d, orders_last_30d, spend_last_30d","monetary_total, frequency_orders, orders_last_60d","Main churn-risk drivers: spend_last_60d, orders_last_30d, spend_last_30d. Main factors reducing churn risk: monetary_total, frequency_orders, orders_last_60d."
12506,"frequency_orders, monetary_total, orders_last_60d","spend_last_60d, trend_orders_30_vs_90, monetary_mean","Main churn-risk drivers: frequency_orders, monetary_total, orders_last_60d. Main factors reducing churn risk: spend_last_60d, trend_orders_30_vs_90, monetary_mean."
12507,"trend_orders_30_vs_90, spend_last_60d, frequency_orders","recency_days, trend_spend_30_vs_90, orders_last_30d","Main churn-risk drivers: trend_orders_30_vs_90, spend_last_60d, frequency_orders. Main factors reducing churn risk: recency_days, trend_spend_30_vs_90, orders_last_30d."
12509,"frequency_orders, monetary_total, recency_days","spend_last_60d, trend_orders_30_vs_90, orders_last_30d","Main churn-risk drivers: frequency_orders, monetary_total, recency_days. Main factors reducing churn risk: spend_last_60d, trend_orders_30_vs_90, orders_last_30d."
12510,"frequency_orders, monetary_total, trend_orders_30_vs_90","recency_days, trend_spend_30_vs_90, orders_last_30d","Main churn-risk drivers: frequency_orders, monetary_total, trend_orders_30_vs_90. Main factors reducing churn risk: recency_days, trend_spend_30_vs_90, orders_last_30d."
12513,"frequency_orders, monetary_total, orders_last_30d","recency_days, trend_orders_30_vs_90, orders_last_60d","Main churn-risk drivers: frequency_orders, monetary_total, orders_last_30d. Main factors reducing churn risk: recency_days, trend_orders_30_vs_90, orders_last_60d."
12514,"frequency_orders, recency_days, orders_last_60d","spend_last_60d, trend_orders_30_vs_90, orders_last_30d","Main churn-risk drivers: frequency_orders, recency_days, orders_last_60d. Main factors reducing churn risk: spend_last_60d, trend_orders_30_vs_90, orders_last_30d."
12515,"frequency_orders, recency_days, monetary_total","spend_last_60d, trend_orders_30_vs_90, orders_last_30d","Main churn-risk drivers: frequency_orders, recency_days, monetary_total. Main factors reducing churn risk: spend_last_60d, trend_orders_30_vs_90, orders_last_30d."
12516,"frequency_orders, monetary_total, orders_last_60d","spend_last_60d, trend_orders_30_vs_90, orders_last_30d","Main churn-risk drivers: frequency_orders, monetary_total, orders_last_60d. Main factors reducing churn risk: spend_last_60d, trend_orders_30_vs_90, orders_last_30d."
12517,"frequency_orders, spend_last_60d, trend_orders_30_vs_90","recency_days, trend_spend_30_vs_90, monetary_mean","Main churn-risk drivers: frequency_orders, spend_last_60d, trend_orders_30_vs_90. Main factors reducing churn risk: recency_days, trend_spend_30_vs_90, monetary_mean."
12518,"frequency_orders, monetary_total, orders_last_30d","recency_days, trend_orders_30_vs_90, orders_last_60d","Main churn-risk drivers: frequency_orders, monetary_total, orders_last_30d. Main factors reducing churn risk: recency_days, trend_orders_30_vs_90, orders_last_60d."
12520,"trend_orders_30_vs_90, spend_last_90d","recency_days, trend_spend_30_vs_90, frequency_orders","Main churn-risk drivers: trend_orders_30_vs_90, spend_last_90d. Main factors reducing churn risk: recency_days, trend_spend_30_vs_90, frequency_orders."
12521,"frequency_orders, monetary_total, trend_orders_30_vs_90","recency_days, trend_spend_30_vs_90, orders_last_30d","Main churn-risk drivers: frequency_orders, monetary_total, trend_orders_30_vs_90. Main factors reducing churn risk: recency_days, trend_spend_30_vs_90, orders_last_30d."
12523,"orders_last_30d, monetary_total, spend_last_60d","frequency_orders, orders_last_60d, recency_days","Main churn-risk drivers: orders_last_30d, monetary_total, spend_last_60d. Main factors reducing churn risk: frequency_orders, orders_last_60d, recency_days."
12524,"orders_last_60d, trend_orders_30_vs_90, spend_last_90d","frequency_orders, monetary_total, trend_spend_30_vs_90","Main churn-risk drivers: orders_last_60d, trend_orders_30_vs_90, spend_last_90d. Main factors reducing churn risk: frequency_orders, monetary_total, trend_spend_30_vs_90."
12526,"frequency_orders, monetary_total, orders_last_30d","recency_days, trend_orders_30_vs_90, orders_last_60d","Main churn-risk drivers: frequency_orders, monetary_total, orders_last_30d. Main factors reducing churn risk: recency_days, trend_orders_30_vs_90, orders_last_60d."
12527,"frequency_orders, recency_days, monetary_total","spend_last_60d, trend_orders_30_vs_90, orders_last_30d","Main churn-risk drivers: frequency_orders, recency_days, monetary_total. Main factors reducing churn risk: spend_last_60d, trend_orders_30_vs_90, orders_last_30d."
12528,"orders_last_30d, monetary_total, spend_last_60d","orders_last_60d, recency_days, frequency_orders","Main churn-risk drivers: orders_last_30d, monetary_total, spend_last_60d. Main factors reducing churn risk: orders_last_60d, recency_days, frequency_orders."
12530,"frequency_orders, trend_orders_30_vs_90, monetary_total","recency_days, trend_spend_30_vs_90, orders_last_30d","Main churn-risk drivers: frequency_orders, trend_orders_30_vs_90, monetary_total. Main factors reducing churn risk: recency_days, trend_spend_30_vs_90, orders_last_30d."
12534,"frequency_orders, spend_last_60d, monetary_total","recency_days, trend_spend_30_vs_90, spend_last_90d","Main churn-risk drivers: frequency_orders, spend_last_60d, monetary_total. Main factors reducing churn risk: recency_days, trend_spend_30_vs_90, spend_last_90d."
12535,"frequency_orders, monetary_total, orders_last_30d","recency_days, trend_orders_30_vs_90, orders_last_60d","Main churn-risk drivers: frequency_orders, monetary_total, orders_last_30d. Main factors reducing churn risk: recency_days, trend_orders_30_vs_90, orders_last_60d."
12539,"recency_days, orders_last_60d, frequency_orders","monetary_total, spend_last_60d, trend_orders_30_vs_90","Main churn-risk drivers: recency_days, orders_last_60d, frequency_orders. Main factors reducing churn risk: monetary_total, spend_last_60d, trend_orders_30_vs_90."
12540,"spend_last_60d, orders_last_30d, trend_orders_30_vs_90","frequency_orders, monetary_total, orders_last_60d","Main churn-risk drivers: spend_last_60d, orders_last_30d, trend_orders_30_vs_90. Main factors reducing churn risk: frequency_orders, monetary_total, orders_last_60d."
12541,"frequency_orders, monetary_total, orders_last_60d","trend_spend_30_vs_90, spend_last_60d, orders_last_30d","Main churn-risk drivers: frequency_orders, monetary_total, orders_last_60d. Main factors reducing churn risk: trend_spend_30_vs_90, spend_last_60d, orders_last_30d."
12545,"frequency_orders, recency_days, orders_last_60d","spend_last_60d, trend_orders_30_vs_90, orders_last_30d","Main churn-risk drivers: frequency_orders, recency_days, orders_last_60d. Main factors reducing churn risk: spend_last_60d, trend_orders_30_vs_90, orders_last_30d."
12547,"frequency_orders, monetary_total, orders_last_60d","spend_last_60d, trend_orders_30_vs_90, orders_last_30d","Main churn-risk drivers: frequency_orders, monetary_total, orders_last_60d. Main factors reducing churn risk: spend_last_60d, trend_orders_30_vs_90, orders_last_30d."
12548,"frequency_orders, monetary_total, orders_last_60d","trend_spend_30_vs_90, spend_last_60d, orders_last_30d","Main churn-risk drivers: frequency_orders, monetary_total, orders_last_60d. Main factors reducing churn risk: trend_spend_30_vs_90, spend_last_60d, orders_last_30d."
12551,"frequency_orders, recency_days, monetary_total","spend_last_60d, trend_orders_30_vs_90, orders_last_30d","Main churn-risk drivers: frequency_orders, recency_days, monetary_total. Main factors reducing churn risk: spend_last_60d, trend_orders_30_vs_90, orders_last_30d."
12553,"orders_last_30d, trend_orders_30_vs_90, orders_last_90d","frequency_orders, recency_days, monetary_total","Main churn-risk drivers: orders_last_30d, trend_orders_30_vs_90, orders_last_90d. Main factors reducing churn risk: frequency_orders, recency_days, monetary_total."
12556,"frequency_orders, monetary_total, orders_last_60d","trend_spend_30_vs_90, spend_last_60d, recency_days","Main churn-risk drivers: frequency_orders, monetary_total, orders_last_60d. Main factors reducing churn risk: trend_spend_30_vs_90, spend_last_60d, recency_days."
12557,"monetary_mean, orders_last_60d, trend_orders_30_vs_90","monetary_total, spend_last_90d, trend_spend_30_vs_90","Main churn-risk drivers: monetary_mean, orders_last_60d, trend_orders_30_vs_90. Main factors reducing churn risk: monetary_total, spend_last_90d, trend_spend_30_vs_90."
12559,"recency_days, frequency_orders, monetary_total","spend_last_60d, trend_orders_30_vs_90, orders_last_30d","Main churn-risk drivers: recency_days, frequency_orders, monetary_total. Main factors reducing churn risk: spend_last_60d, trend_orders_30_vs_90, orders_last_30d."
12560,"frequency_orders, spend_last_60d, orders_last_30d","orders_last_60d, recency_days, spend_last_90d","Main churn-risk drivers: frequency_orders, spend_last_60d, orders_last_30d. Main factors reducing churn risk: orders_last_60d, recency_days, spend_last_90d."
12561,"frequency_orders, recency_days, monetary_total","spend_last_60d, trend_orders_30_vs_90, monetary_mean","Main churn-risk drivers: frequency_orders, recency_days, monetary_total. Main factors reducing churn risk: spend_last_60d, trend_orders_30_vs_90, monetary_mean."
12562,"trend_orders_30_vs_90, frequency_orders, spend_last_60d","recency_days, trend_spend_30_vs_90, spend_last_90d","Main churn-risk drivers: trend_orders_30_vs_90, frequency_orders, spend_last_60d. Main factors reducing churn risk: recency_days, trend_spend_30_vs_90, spend_last_90d."
12564,"frequency_orders, monetary_total, recency_days","spend_last_60d, trend_orders_30_vs_90, orders_last_30d","Main churn-risk drivers: frequency_orders, monetary_total, recency_days. Main factors reducing churn risk: spend_last_60d, trend_orders_30_vs_90, orders_last_30d."
12565,"frequency_orders, monetary_total, recency_days","spend_last_60d, trend_orders_30_vs_90, orders_last_30d","Main churn-risk drivers: frequency_orders, monetary_total, recency_days. Main factors reducing churn risk: spend_last_60d, trend_orders_30_vs_90, orders_last_30d."
12567,"spend_last_60d, orders_last_30d, spend_last_30d","monetary_total, frequency_orders, spend_last_90d","Main churn-risk drivers: spend_last_60d, orders_last_30d, spend_last_30d. Main factors reducing churn risk: monetary_total, frequency_orders, spend_last_90d."
12569,"orders_last_30d, spend_last_60d, orders_last_90d","frequency_orders, orders_last_60d, recency_days","Main churn-risk drivers: orders_last_30d, spend_last_60d, orders_last_90d. Main factors reducing churn risk: frequency_orders, orders_last_60d, recency_days."
12571,"frequency_orders, monetary_total, trend_orders_30_vs_90","recency_days, trend_spend_30_vs_90, orders_last_30d","Main churn-risk drivers: frequency_orders, monetary_total, trend_orders_30_vs_90. Main factors reducing churn risk: recency_days, trend_spend_30_vs_90, orders_last_30d."
12573,"frequency_orders, monetary_total, orders_last_60d","spend_last_60d, trend_orders_30_vs_90, monetary_mean","Main churn-risk drivers: frequency_orders, monetary_total, orders_last_60d. Main factors reducing churn risk: spend_last_60d, trend_orders_30_vs_90, monetary_mean."
12574,"frequency_orders, recency_days, monetary_total","spend_last_60d, trend_orders_30_vs_90, orders_last_30d","Main churn-risk drivers: frequency_orders, recency_days, monetary_total. Main factors reducing churn risk: spend_last_60d, trend_orders_30_vs_90, orders_last_30d."
12576,"monetary_total, orders_last_30d, spend_last_60d","orders_last_60d, recency_days, frequency_orders","Main churn-risk drivers: monetary_total, orders_last_30d, spend_last_60d. Main factors reducing churn risk: orders_last_60d, recency_days, frequency_orders."
12577,"frequency_orders, recency_days, monetary_total","spend_last_60d, trend_orders_30_vs_90, monetary_mean","Main churn-risk drivers: frequency_orders, recency_days, monetary_total. Main factors reducing churn risk: spend_last_60d, trend_orders_30_vs_90, monetary_mean."
12578,"frequency_orders, recency_days, orders_last_60d","spend_last_60d, trend_orders_30_vs_90, orders_last_30d","Main churn-risk drivers: frequency_orders, recency_days, orders_last_60d. Main factors reducing churn risk: spend_last_60d, trend_orders_30_vs_90, orders_last_30d."
12580,"frequency_orders, monetary_total, orders_last_60d","spend_last_60d, trend_orders_30_vs_90, orders_last_30d","Main churn-risk drivers: frequency_orders, monetary_total, orders_last_60d. Main factors reducing churn risk: spend_last_60d, trend_orders_30_vs_90, orders_last_30d."
12582,"frequency_orders, monetary_total, orders_last_60d","spend_last_60d, trend_orders_30_vs_90, orders_last_30d","Main churn-risk drivers: frequency_orders, monetary_total, orders_last_60d. Main factors reducing churn risk: spend_last_60d, trend_orders_30_vs_90, orders_last_30d."
12583,"trend_orders_30_vs_90, orders_last_30d, orders_last_90d","frequency_orders, monetary_total, recency_days","Main churn-risk drivers: trend_orders_30_vs_90, orders_last_30d, orders_last_90d. Main factors reducing churn risk: frequency_orders, monetary_total, recency_days."
12584,"monetary_total, trend_orders_30_vs_90, spend_last_90d","orders_last_60d, recency_days, trend_spend_30_vs_90","Main churn-risk drivers: monetary_total, trend_orders_30_vs_90, spend_last_90d. Main factors reducing churn risk: orders_last_60d, recency_days, trend_spend_30_vs_90."
12585,"frequency_orders, orders_last_60d, recency_days","spend_last_60d, trend_orders_30_vs_90, monetary_total","Main churn-risk drivers: frequency_orders, orders_last_60d, recency_days. Main factors reducing churn risk: spend_last_60d, trend_orders_30_vs_90, monetary_total."
12589,"frequency_orders, monetary_total, trend_orders_30_vs_90","recency_days, trend_spend_30_vs_90, spend_last_60d","Main churn-risk drivers: frequency_orders, monetary_total, trend_orders_30_vs_90. Main factors reducing churn risk: recency_days, trend_spend_30_vs_90, spend_last_60d."
12590,"frequency_orders, orders_last_60d, spend_last_90d","monetary_total, spend_last_60d, trend_orders_30_vs_90","Main churn-risk drivers: frequency_orders, orders_last_60d, spend_last_90d. Main factors reducing churn risk: monetary_total, spend_last_60d, trend_orders_30_vs_90."
12591,"frequency_orders, recency_days, monetary_total","spend_last_60d, trend_orders_30_vs_90, orders_last_30d","Main churn-risk drivers: frequency_orders, recency_days, monetary_total. Main factors reducing churn risk: spend_last_60d, trend_orders_30_vs_90, orders_last_30d."
12592,"frequency_orders, monetary_total, orders_last_30d","recency_days, trend_orders_30_vs_90, orders_last_60d","Main churn-risk drivers: frequency_orders, monetary_total, orders_last_30d. Main factors reducing churn risk: recency_days, trend_orders_30_vs_90, orders_last_60d."
12593,"monetary_total, frequency_orders, orders_last_30d","orders_last_60d, recency_days, spend_last_60d","Main churn-risk drivers: monetary_total, frequency_orders, orders_last_30d. Main factors reducing churn risk: orders_last_60d, recency_days, spend_last_60d."
12594,"trend_orders_30_vs_90, spend_last_60d","frequency_orders, monetary_total, recency_days","Main churn-risk drivers: trend_orders_30_vs_90, spend_last_60d. Main factors reducing churn risk: frequency_orders, monetary_total, recency_days."
12596,"frequency_orders, monetary_total, orders_last_60d","spend_last_60d, trend_orders_30_vs_90, orders_last_30d","Main churn-risk drivers: frequency_orders, monetary_total, orders_last_60d. Main factors reducing churn risk: spend_last_60d, trend_orders_30_vs_90, orders_last_30d."
12597,"frequency_orders, orders_last_60d, spend_last_90d","spend_last_60d, trend_orders_30_vs_90, orders_last_30d","Main churn-risk drivers: frequency_orders, orders_last_60d, spend_last_90d. Main factors reducing churn risk: spend_last_60d, trend_orders_30_vs_90, orders_last_30d."
12598,"orders_last_60d, trend_orders_30_vs_90, spend_last_90d","trend_spend_30_vs_90, spend_last_60d, frequency_orders","Main churn-risk drivers: orders_last_60d, trend_orders_30_vs_90, spend_last_90d. Main factors reducing churn risk: trend_spend_30_vs_90, spend_last_60d, frequency_orders."
12599,"trend_orders_30_vs_90, monetary_total, spend_last_90d","frequency_orders, recency_days, trend_spend_30_vs_90","Main churn-risk drivers: trend_orders_30_vs_90, monetary_total, spend_last_90d. Main factors reducing churn risk: frequency_orders, recency_days, trend_spend_30_vs_90."
12600,"orders_last_30d, spend_last_60d, trend_orders_30_vs_90","frequency_orders, orders_last_60d, recency_days","Main churn-risk drivers: orders_last_30d, spend_last_60d, trend_orders_30_vs_90. Main factors reducing churn risk: frequency_orders, orders_last_60d, recency_days."
12601,"monetary_total, orders_last_60d, spend_last_90d","frequency_orders, spend_last_60d, trend_orders_30_vs_90","Main churn-risk drivers: monetary_total, orders_last_60d, spend_last_90d. Main factors reducing churn risk: frequency_orders, spend_last_60d, trend_orders_30_vs_90."
12604,"frequency_orders, monetary_total, recency_days","spend_last_60d, trend_orders_30_vs_90, orders_last_30d","Main churn-risk drivers: frequency_orders, monetary_total, recency_days. Main factors reducing churn risk: spend_last_60d, trend_orders_30_vs_90, orders_last_30d."
12609,"frequency_orders, orders_last_60d, monetary_total","spend_last_60d, trend_orders_30_vs_90, orders_last_30d","Main churn-risk drivers: frequency_orders, orders_last_60d, monetary_total. Main factors reducing churn risk: spend_last_60d, trend_orders_30_vs_90, orders_last_30d."
12610,"frequency_orders, spend_last_60d, orders_last_30d","orders_last_60d, recency_days, spend_last_90d","Main churn-risk drivers: frequency_orders, spend_last_60d, orders_last_30d. Main factors reducing churn risk: orders_last_60d, recency_days, spend_last_90d."
12613,"orders_last_60d, spend_last_90d, trend_spend_30_vs_90","spend_last_60d, frequency_orders, trend_orders_30_vs_90","Main churn-risk drivers: orders_last_60d, spend_last_90d, trend_spend_30_vs_90. Main factors reducing churn risk: spend_last_60d, frequency_orders, trend_orders_30_vs_90."
12614,"frequency_orders, monetary_total, recency_days","spend_last_60d, trend_orders_30_vs_90, orders_last_30d","Main churn-risk drivers: frequency_orders, monetary_total, recency_days. Main factors reducing churn risk: spend_last_60d, trend_orders_30_vs_90, orders_last_30d."
12615,"frequency_orders, orders_last_60d, monetary_total","trend_spend_30_vs_90, spend_last_60d, orders_last_30d","Main churn-risk drivers: frequency_orders, orders_last_60d, monetary_total. Main factors reducing churn risk: trend_spend_30_vs_90, spend_last_60d, orders_last_30d."
12616,"frequency_orders, monetary_total, orders_last_30d","recency_days, trend_orders_30_vs_90, orders_last_60d","Main churn-risk drivers: frequency_orders, monetary_total, orders_last_30d. Main factors reducing churn risk: recency_days, trend_orders_30_vs_90, orders_last_60d."
12619,"spend_last_60d, trend_orders_30_vs_90, orders_last_30d","frequency_orders, orders_last_60d, recency_days","Main churn-risk drivers: spend_last_60d, trend_orders_30_vs_90, orders_last_30d. Main factors reducing churn risk: frequency_orders, orders_last_60d, recency_days."
12620,"frequency_orders, monetary_total, orders_last_60d","spend_last_60d, trend_orders_30_vs_90, orders_last_30d","Main churn-risk drivers: frequency_orders, monetary_total, orders_last_60d. Main factors reducing churn risk: spend_last_60d, trend_orders_30_vs_90, orders_last_30d."
12621,"spend_last_60d, orders_last_30d, trend_orders_30_vs_90","frequency_orders, monetary_total, orders_last_60d","Main churn-risk drivers: spend_last_60d, orders_last_30d, trend_orders_30_vs_90. Main factors reducing churn risk: frequency_orders, monetary_total, orders_last_60d."
12622,"frequency_orders, monetary_total, orders_last_60d","spend_last_60d, trend_orders_30_vs_90, orders_last_30d","Main churn-risk drivers: frequency_orders, monetary_total, orders_last_60d. Main factors reducing churn risk: spend_last_60d, trend_orders_30_vs_90, orders_last_30d."
12623,"frequency_orders, monetary_total, recency_days","spend_last_60d, trend_orders_30_vs_90, orders_last_30d","Main churn-risk drivers: frequency_orders, monetary_total, recency_days. Main factors reducing churn risk: spend_last_60d, trend_orders_30_vs_90, orders_last_30d."
12624,"frequency_orders, monetary_total, orders_last_30d","recency_days, orders_last_60d, monetary_mean","Main churn-risk drivers: frequency_orders, monetary_total, orders_last_30d. Main factors reducing churn risk: recency_days, orders_last_60d, monetary_mean."
12625,"frequency_orders, orders_last_60d, spend_last_90d","monetary_total, spend_last_60d, trend_orders_30_vs_90","Main churn-risk drivers: frequency_orders, orders_last_60d, spend_last_90d. Main factors reducing churn risk: monetary_total, spend_last_60d, trend_orders_30_vs_90."
12626,"spend_last_60d, trend_orders_30_vs_90, orders_last_30d","monetary_total, orders_last_60d, frequency_orders","Main churn-risk drivers: spend_last_60d, trend_orders_30_vs_90, orders_last_30d. Main factors reducing churn risk: monetary_total, orders_last_60d, frequency_orders."
12627,"spend_last_60d, orders_last_30d, spend_last_30d","orders_last_60d, spend_last_90d, frequency_orders","Main churn-risk drivers: spend_last_60d, orders_last_30d, spend_last_30d. Main factors reducing churn risk: orders_last_60d, spend_last_90d, frequency_orders."
12633,"frequency_orders, trend_orders_30_vs_90, spend_last_90d","recency_days, trend_spend_30_vs_90, monetary_total","Main churn-risk drivers: frequency_orders, trend_orders_30_vs_90, spend_last_90d. Main factors reducing churn risk: recency_days, trend_spend_30_vs_90, monetary_total."
12635,"frequency_orders, orders_last_60d, monetary_total","trend_spend_30_vs_90, spend_last_60d, recency_days","Main churn-risk drivers: frequency_orders, orders_last_60d, monetary_total. Main factors reducing churn risk: trend_spend_30_vs_90, spend_last_60d, recency_days."
12637,"spend_last_60d, orders_last_30d, spend_last_30d","monetary_total, frequency_orders, spend_last_90d","Main churn-risk drivers: spend_last_60d, orders_last_30d, spend_last_30d. Main factors reducing churn risk: monetary_total, frequency_orders, spend_last_90d."
12639,"frequency_orders, monetary_total, orders_last_60d","spend_last_60d, trend_orders_30_vs_90, orders_last_30d","Main churn-risk drivers: frequency_orders, monetary_total, orders_last_60d. Main factors reducing churn risk: spend_last_60d, trend_orders_30_vs_90, orders_last_30d."
12641,"frequency_orders, monetary_total, orders_last_30d","recency_days, trend_orders_30_vs_90, orders_last_60d","Main churn-risk drivers: frequency_orders, monetary_total, orders_last_30d. Main factors reducing churn risk: recency_days, trend_orders_30_vs_90, orders_last_60d."
12642,"frequency_orders, monetary_total, orders_last_30d","recency_days, trend_orders_30_vs_90, monetary_mean","Main churn-risk drivers: frequency_orders, monetary_total, orders_last_30d. Main factors reducing churn risk: recency_days, trend_orders_30_vs_90, monetary_mean."
12643,"spend_last_60d, trend_orders_30_vs_90, monetary_mean","frequency_orders, monetary_total, spend_last_90d","Main churn-risk drivers: spend_last_60d, trend_orders_30_vs_90, monetary_mean. Main factors reducing churn risk: frequency_orders, monetary_total, spend_last_90d."
12644,"frequency_orders, monetary_total, trend_orders_30_vs_90","recency_days, trend_spend_30_vs_90, monetary_mean","Main churn-risk drivers: frequency_orders, monetary_total, trend_orders_30_vs_90. Main factors reducing churn risk: recency_days, trend_spend_30_vs_90, monetary_mean."
12645,"frequency_orders, orders_last_30d, trend_spend_30_vs_90","recency_days, trend_orders_30_vs_90, orders_last_60d","Main churn-risk drivers: frequency_orders, orders_last_30d, trend_spend_30_vs_90. Main factors reducing churn risk: recency_days, trend_orders_30_vs_90, orders_last_60d."
12647,"trend_orders_30_vs_90, orders_last_90d","frequency_orders, monetary_total, recency_days","Main churn-risk drivers: trend_orders_30_vs_90, orders_last_90d. Main factors reducing churn risk: frequency_orders, monetary_total, recency_days."
12648,"frequency_orders, monetary_total, orders_last_60d","trend_spend_30_vs_90, spend_last_60d, recency_days","Main churn-risk drivers: frequency_orders, monetary_total, orders_last_60d. Main factors reducing churn risk: trend_spend_30_vs_90, spend_last_60d, recency_days."
12649,"orders_last_30d, monetary_total, frequency_orders","orders_last_60d, recency_days, trend_orders_30_vs_90","Main churn-risk drivers: orders_last_30d, monetary_total, frequency_orders. Main factors reducing churn risk: orders_last_60d, recency_days, trend_orders_30_vs_90."
12651,"frequency_orders, recency_days, monetary_total","spend_last_60d, trend_orders_30_vs_90, monetary_mean","Main churn-risk drivers: frequency_orders, recency_days, monetary_total. Main factors reducing churn risk: spend_last_60d, trend_orders_30_vs_90, monetary_mean."
12652,"frequency_orders, recency_days, orders_last_60d","spend_last_60d, trend_orders_30_vs_90, orders_last_30d","Main churn-risk drivers: frequency_orders, recency_days, orders_last_60d. Main factors reducing churn risk: spend_last_60d, trend_orders_30_vs_90, orders_last_30d."
12653,"frequency_orders, spend_last_60d, trend_orders_30_vs_90","spend_last_90d, monetary_total, trend_spend_30_vs_90","Main churn-risk drivers: frequency_orders, spend_last_60d, trend_orders_30_vs_90. Main factors reducing churn risk: spend_last_90d, monetary_total, trend_spend_30_vs_90."
12654,"monetary_total, orders_last_60d, frequency_orders","spend_last_60d, trend_orders_30_vs_90, monetary_mean","Main churn-risk drivers: monetary_total, orders_last_60d, frequency_orders. Main factors reducing churn risk: spend_last_60d, trend_orders_30_vs_90, monetary_mean."
12656,"spend_last_60d, frequency_orders, orders_last_30d","monetary_total, recency_days, spend_last_90d","Main churn-risk drivers: spend_last_60d, frequency_orders, orders_last_30d. Main factors reducing churn risk: monetary_total, recency_days, spend_last_90d."
12662,"spend_last_60d, orders_last_30d, trend_orders_30_vs_90","frequency_orders, orders_last_60d, recency_days","Main churn-risk drivers: spend_last_60d, orders_last_30d, trend_orders_30_vs_90. Main factors reducing churn risk: frequency_orders, orders_last_60d, recency_days."
12664,"frequency_orders, trend_orders_30_vs_90, spend_last_60d","recency_days, trend_spend_30_vs_90, monetary_total","Main churn-risk drivers: frequency_orders, trend_orders_30_vs_90, spend_last_60d. Main factors reducing churn risk: recency_days, trend_spend_30_vs_90, monetary_total."
12665,"frequency_orders, recency_days, monetary_total","spend_last_60d, trend_orders_30_vs_90, orders_last_30d","Main churn-risk drivers: frequency_orders, recency_days, monetary_total. Main factors reducing churn risk: spend_last_60d, trend_orders_30_vs_90, orders_last_30d."
12668,"recency_days, orders_last_60d, frequency_orders","monetary_total, spend_last_60d, trend_orders_30_vs_90","Main churn-risk drivers: recency_days, orders_last_60d, frequency_orders. Main factors reducing churn risk: monetary_total, spend_last_60d, trend_orders_30_vs_90."
12669,"orders_last_60d, frequency_orders, trend_orders_30_vs_90","monetary_total, trend_spend_30_vs_90, spend_last_60d","Main churn-risk drivers: orders_last_60d, frequency_orders, trend_orders_30_vs_90. Main factors reducing churn risk: monetary_total, trend_spend_30_vs_90, spend_last_60d."
12670,"frequency_orders, orders_last_30d, trend_spend_30_vs_90","recency_days, trend_orders_30_vs_90, orders_last_60d","Main churn-risk drivers: frequency_orders, orders_last_30d, trend_spend_30_vs_90. Main factors reducing churn risk: recency_days, trend_orders_30_vs_90, orders_last_60d."
12672,"frequency_orders, recency_days, monetary_total","spend_last_60d, trend_orders_30_vs_90, orders_last_30d","Main churn-risk drivers: frequency_orders, recency_days, monetary_total. Main factors reducing churn risk: spend_last_60d, trend_orders_30_vs_90, orders_last_30d."
12673,"frequency_orders, recency_days, monetary_total","spend_last_60d, trend_orders_30_vs_90, monetary_mean","Main churn-risk drivers: frequency_orders, recency_days, monetary_total. Main factors reducing churn risk: spend_last_60d, trend_orders_30_vs_90, monetary_mean."
12674,"frequency_orders, orders_last_30d, monetary_total","recency_days, orders_last_60d, spend_last_90d","Main churn-risk drivers: frequency_orders, orders_last_30d, monetary_total. Main factors reducing churn risk: recency_days, orders_last_60d, spend_last_90d."
12676,"monetary_total, trend_orders_30_vs_90, spend_last_90d","recency_days, trend_spend_30_vs_90, frequency_orders","Main churn-risk drivers: monetary_total, trend_orders_30_vs_90, spend_last_90d. Main factors reducing churn risk: recency_days, trend_spend_30_vs_90, frequency_orders."
12678,"spend_last_60d, orders_last_30d, spend_last_30d","monetary_total, frequency_orders, orders_last_60d","Main churn-risk drivers: spend_last_60d, orders_last_30d, spend_last_30d. Main factors reducing churn risk: monetary_total, frequency_orders, orders_last_60d."
12679,"frequency_orders, orders_last_60d, monetary_total","spend_last_60d, trend_orders_30_vs_90, orders_last_30d","Main churn-risk drivers: frequency_orders, orders_last_60d, monetary_total. Main factors reducing churn risk: spend_last_60d, trend_orders_30_vs_90, orders_last_30d."
12680,"frequency_orders, monetary_total, orders_last_30d","recency_days, trend_orders_30_vs_90, orders_last_60d","Main churn-risk drivers: frequency_orders, monetary_total, orders_last_30d. Main factors reducing churn risk: recency_days, trend_orders_30_vs_90, orders_last_60d."
12681,"orders_last_60d, trend_orders_30_vs_90, orders_last_90d","frequency_orders, monetary_total, trend_spend_30_vs_90","Main churn-risk drivers: orders_last_60d, trend_orders_30_vs_90, orders_last_90d. Main factors reducing churn risk: frequency_orders, monetary_total, trend_spend_30_vs_90."
12682,"orders_last_30d, spend_last_60d, trend_orders_30_vs_90","frequency_orders, monetary_total, orders_last_60d","Main churn-risk drivers: orders_last_30d, spend_last_60d, trend_orders_30_vs_90. Main factors reducing churn risk: frequency_orders, monetary_total, orders_last_60d."
12683,"spend_last_60d, orders_last_30d, trend_spend_30_vs_90","frequency_orders, monetary_total, orders_last_60d","Main churn-risk drivers: spend_last_60d, orders_last_30d, trend_spend_30_vs_90. Main factors reducing churn risk: frequency_orders, monetary_total, orders_last_60d."
12684,"orders_last_60d, trend_orders_30_vs_90, monetary_total","trend_spend_30_vs_90, spend_last_60d, frequency_orders","Main churn-risk drivers: orders_last_60d, trend_orders_30_vs_90, monetary_total. Main factors reducing churn risk: trend_spend_30_vs_90, spend_last_60d, frequency_orders."
12685,"spend_last_60d, frequency_orders, orders_last_30d","orders_last_60d, recency_days, spend_last_90d","Main churn-risk drivers: spend_last_60d, frequency_orders, orders_last_30d. Main factors reducing churn risk: orders_last_60d, recency_days, spend_last_90d."
12686,"frequency_orders, recency_days, monetary_total","spend_last_60d, trend_orders_30_vs_90, monetary_mean","Main churn-risk drivers: frequency_orders, recency_days, monetary_total. Main factors reducing churn risk: spend_last_60d, trend_orders_30_vs_90, monetary_mean."
12688,"spend_last_60d, frequency_orders, spend_last_30d","spend_last_90d, monetary_total, recency_days","Main churn-risk drivers: spend_last_60d, frequency_orders, spend_last_30d. Main factors reducing churn risk: spend_last_90d, monetary_total, recency_days."
12689,"frequency_orders, monetary_total, trend_orders_30_vs_90","recency_days, trend_spend_30_vs_90, monetary_mean","Main churn-risk drivers: frequency_orders, monetary_total, trend_orders_30_vs_90. Main factors reducing churn risk: recency_days, trend_spend_30_vs_90, monetary_mean."
12690,"frequency_orders, monetary_total, orders_last_60d","spend_last_60d, trend_orders_30_vs_90, orders_last_30d","Main churn-risk drivers: frequency_orders, monetary_total, orders_last_60d. Main factors reducing churn risk: spend_last_60d, trend_orders_30_vs_90, orders_last_30d."
12691,"monetary_total, trend_orders_30_vs_90, spend_last_90d","recency_days, trend_spend_30_vs_90, frequency_orders","Main churn-risk drivers: monetary_total, trend_orders_30_vs_90, spend_last_90d. Main factors reducing churn risk: recency_days, trend_spend_30_vs_90, frequency_orders."
12693,"monetary_total, trend_orders_30_vs_90, spend_last_90d","recency_days, trend_spend_30_vs_90, frequency_orders","Main churn-risk drivers: monetary_total, trend_orders_30_vs_90, spend_last_90d. Main factors reducing churn risk: recency_days, trend_spend_30_vs_90, frequency_orders."
12694,"frequency_orders, monetary_total, orders_last_60d","spend_last_60d, trend_orders_30_vs_90, orders_last_30d","Main churn-risk drivers: frequency_orders, monetary_total, orders_last_60d. Main factors reducing churn risk: spend_last_60d, trend_orders_30_vs_90, orders_last_30d."
12695,"frequency_orders, monetary_total, orders_last_30d","recency_days, trend_orders_30_vs_90, orders_last_60d","Main churn-risk drivers: frequency_orders, monetary_total, orders_last_30d. Main factors reducing churn risk: recency_days, trend_orders_30_vs_90, orders_last_60d."
12697,"frequency_orders, monetary_total, trend_orders_30_vs_90","recency_days, trend_spend_30_vs_90, orders_last_30d","Main churn-risk drivers: frequency_orders, monetary_total, trend_orders_30_vs_90. Main factors reducing churn risk: recency_days, trend_spend_30_vs_90, orders_last_30d."
12700,"frequency_orders, orders_last_60d, trend_orders_30_vs_90","trend_spend_30_vs_90, spend_last_60d, monetary_total","Main churn-risk drivers: frequency_orders, orders_last_60d, trend_orders_30_vs_90. Main factors reducing churn risk: trend_spend_30_vs_90, spend_last_60d, monetary_total."
12701,"frequency_orders, monetary_total, orders_last_60d","spend_last_60d, trend_orders_30_vs_90, orders_last_30d","Main churn-risk drivers: frequency_orders, monetary_total, orders_last_60d. Main factors reducing churn risk: spend_last_60d, trend_orders_30_vs_90, orders_last_30d."
12704,"frequency_orders, spend_last_60d, monetary_total","orders_last_60d, recency_days, spend_last_90d","Main churn-risk drivers: frequency_orders, spend_last_60d, monetary_total. Main factors reducing churn risk: orders_last_60d, recency_days, spend_last_90d."
12705,"orders_last_60d, trend_orders_30_vs_90","monetary_total, trend_spend_30_vs_90, spend_last_60d","Main churn-risk drivers: orders_last_60d, trend_orders_30_vs_90. Main factors reducing churn risk: monetary_total, trend_spend_30_vs_90, spend_last_60d."
12707,"frequency_orders, recency_days, monetary_total","spend_last_60d, trend_orders_30_vs_90, orders_last_30d","Main churn-risk drivers: frequency_orders, recency_days, monetary_total. Main factors reducing churn risk: spend_last_60d, trend_orders_30_vs_90, orders_last_30d."
12708,"orders_last_30d, trend_orders_30_vs_90, orders_last_90d","frequency_orders, recency_days, monetary_total","Main churn-risk drivers: orders_last_30d, trend_orders_30_vs_90, orders_last_90d. Main factors reducing churn risk: frequency_orders, recency_days, monetary_total."
12709,"spend_last_60d, trend_orders_30_vs_90, orders_last_30d","frequency_orders, monetary_total, orders_last_60d","Main churn-risk drivers: spend_last_60d, trend_orders_30_vs_90, orders_last_30d. Main factors reducing churn risk: frequency_orders, monetary_total, orders_last_60d."
12710,"frequency_orders, monetary_total, orders_last_30d","recency_days, monetary_mean, orders_last_60d","Main churn-risk drivers: frequency_orders, monetary_total, orders_last_30d. Main factors reducing churn risk: recency_days, monetary_mean, orders_last_60d."
12712,"spend_last_60d, orders_last_30d, trend_orders_30_vs_90","frequency_orders, monetary_total, orders_last_60d","Main churn-risk drivers: spend_last_60d, orders_last_30d, trend_orders_30_vs_90. Main factors reducing churn risk: frequency_orders, monetary_total, orders_last_60d."
12714,"spend_last_60d, orders_last_30d, spend_last_30d","monetary_total, recency_days, spend_last_90d","Main churn-risk drivers: spend_last_60d, orders_last_30d, spend_last_30d. Main factors reducing churn risk: monetary_total, recency_days, spend_last_90d."
12715,"frequency_orders, monetary_total, orders_last_30d","recency_days, trend_orders_30_vs_90, orders_last_60d","Main churn-risk drivers: frequency_orders, monetary_total, orders_last_30d. Main factors reducing churn risk: recency_days, trend_orders_30_vs_90, orders_last_60d."
12716,"frequency_orders, monetary_total, trend_orders_30_vs_90","recency_days, trend_spend_30_vs_90, monetary_mean","Main churn-risk drivers: frequency_orders, monetary_total, trend_orders_30_vs_90. Main factors reducing churn risk: recency_days, trend_spend_30_vs_90, monetary_mean."
12717,"frequency_orders, orders_last_60d, monetary_total","trend_spend_30_vs_90, spend_last_60d, recency_days","Main churn-risk drivers: frequency_orders, orders_last_60d, monetary_total. Main factors reducing churn risk: trend_spend_30_vs_90, spend_last_60d, recency_days."
12720,"orders_last_30d, spend_last_60d, trend_orders_30_vs_90","frequency_orders, orders_last_60d, monetary_total","Main churn-risk drivers: orders_last_30d, spend_last_60d, trend_orders_30_vs_90. Main factors reducing churn risk: frequency_orders, orders_last_60d, monetary_total."
12721,"orders_last_60d, spend_last_90d, trend_spend_30_vs_90","spend_last_60d, frequency_orders, trend_orders_30_vs_90","Main churn-risk drivers: orders_last_60d, spend_last_90d, trend_spend_30_vs_90. Main factors reducing churn risk: spend_last_60d, frequency_orders, trend_orders_30_vs_90."
12722,"orders_last_30d, monetary_total, frequency_orders","orders_last_60d, recency_days, spend_last_90d","Main churn-risk drivers: orders_last_30d, monetary_total, frequency_orders. Main factors reducing churn risk: orders_last_60d, recency_days, spend_last_90d."
12724,"frequency_orders, monetary_total, orders_last_60d","trend_spend_30_vs_90, spend_last_60d, orders_last_30d","Main churn-risk drivers: frequency_orders, monetary_total, orders_last_60d. Main factors reducing churn risk: trend_spend_30_vs_90, spend_last_60d, orders_last_30d."
12725,"frequency_orders, recency_days, monetary_total","spend_last_60d, trend_orders_30_vs_90, orders_last_30d","Main churn-risk drivers: frequency_orders, recency_days, monetary_total. Main factors reducing churn risk: spend_last_60d, trend_orders_30_vs_90, orders_last_30d."
12726,"orders_last_60d, spend_last_90d, trend_spend_30_vs_90","frequency_orders, spend_last_60d, trend_orders_30_vs_90","Main churn-risk drivers: orders_last_60d, spend_last_90d, trend_spend_30_vs_90. Main factors reducing churn risk: frequency_orders, spend_last_60d, trend_orders_30_vs_90."
12727,"orders_last_30d, trend_spend_30_vs_90, spend_last_60d","frequency_orders, monetary_total, recency_days","Main churn-risk drivers: orders_last_30d, trend_spend_30_vs_90, spend_last_60d. Main factors reducing churn risk: frequency_orders, monetary_total, recency_days."
12728,"monetary_total, orders_last_60d, recency_days","spend_last_60d, trend_orders_30_vs_90, orders_last_30d","Main churn-risk drivers: monetary_total, orders_last_60d, recency_days. Main factors reducing churn risk: spend_last_60d, trend_orders_30_vs_90, orders_last_30d."
12729,"frequency_orders, monetary_total, orders_last_30d","recency_days, trend_orders_30_vs_90, orders_last_60d","Main churn-risk drivers: frequency_orders, monetary_total, orders_last_30d. Main factors reducing churn risk: recency_days, trend_orders_30_vs_90, orders_last_60d."
12731,"spend_last_60d, trend_orders_30_vs_90, orders_last_90d","monetary_total, frequency_orders, spend_last_90d","Main churn-risk drivers: spend_last_60d, trend_orders_30_vs_90, orders_last_90d. Main factors reducing churn risk: monetary_total, frequency_orders, spend_last_90d."
12732,"frequency_orders, monetary_total, orders_last_60d","trend_spend_30_vs_90, spend_last_60d, orders_last_30d","Main churn-risk drivers: frequency_orders, monetary_total, orders_last_60d. Main factors reducing churn risk: trend_spend_30_vs_90, spend_last_60d, orders_last_30d."
12733,"frequency_orders, monetary_total, orders_last_60d","spend_last_60d, trend_orders_30_vs_90, orders_last_30d","Main churn-risk drivers: frequency_orders, monetary_total, orders_last_60d. Main factors reducing churn risk: spend_last_60d, trend_orders_30_vs_90, orders_last_30d."
12734,"frequency_orders, recency_days, monetary_total","spend_last_60d, trend_orders_30_vs_90, orders_last_30d","Main churn-risk drivers: frequency_orders, recency_days, monetary_total. Main factors reducing churn risk: spend_last_60d, trend_orders_30_vs_90, orders_last_30d."
12735,"recency_days, frequency_orders, orders_last_60d","spend_last_60d, trend_orders_30_vs_90, orders_last_30d","Main churn-risk drivers: recency_days, frequency_orders, orders_last_60d. Main factors reducing churn risk: spend_last_60d, trend_orders_30_vs_90, orders_last_30d."
12736,"frequency_orders, recency_days, monetary_total","spend_last_60d, trend_orders_30_vs_90, orders_last_30d","Main churn-risk drivers: frequency_orders, recency_days, monetary_total. Main factors reducing churn risk: spend_last_60d, trend_orders_30_vs_90, orders_last_30d."
12738,"frequency_orders, recency_days, monetary_total","spend_last_60d, trend_orders_30_vs_90, monetary_mean","Main churn-risk drivers: frequency_orders, recency_days, monetary_total. Main factors reducing churn risk: spend_last_60d, trend_orders_30_vs_90, monetary_mean."
12739,"frequency_orders, spend_last_60d, monetary_total","recency_days, trend_orders_30_vs_90, spend_last_90d","Main churn-risk drivers: frequency_orders, spend_last_60d, monetary_total. Main factors reducing churn risk: recency_days, trend_orders_30_vs_90, spend_last_90d."
12743,"frequency_orders, monetary_total, trend_orders_30_vs_90","orders_last_60d, recency_days, trend_spend_30_vs_90","Main churn-risk drivers: frequency_orders, monetary_total, trend_orders_30_vs_90. Main factors reducing churn risk: orders_last_60d, recency_days, trend_spend_30_vs_90."
12744,"spend_last_60d, trend_orders_30_vs_90, monetary_mean","monetary_total, spend_last_90d, frequency_orders","Main churn-risk drivers: spend_last_60d, trend_orders_30_vs_90, monetary_mean. Main factors reducing churn risk: monetary_total, spend_last_90d, frequency_orders."
12747,"orders_last_30d, trend_orders_30_vs_90, orders_last_90d","frequency_orders, monetary_total, recency_days","Main churn-risk drivers: orders_last_30d, trend_orders_30_vs_90, orders_last_90d. Main factors reducing churn risk: frequency_orders, monetary_total, recency_days."
12748,"orders_last_30d, orders_last_90d, spend_last_60d","frequency_orders, orders_last_60d, monetary_total","Main churn-risk drivers: orders_last_30d, orders_last_90d, spend_last_60d. Main factors reducing churn risk: frequency_orders, orders_last_60d, monetary_total."
12749,"spend_last_60d, trend_orders_30_vs_90, frequency_orders","orders_last_60d, spend_last_90d, monetary_total","Main churn-risk drivers: spend_last_60d, trend_orders_30_vs_90, frequency_orders. Main factors reducing churn risk: orders_last_60d, spend_last_90d, monetary_total."
12750,"frequency_orders, monetary_total, trend_orders_30_vs_90","recency_days, trend_spend_30_vs_90, orders_last_30d","Main churn-risk drivers: frequency_orders, monetary_total, trend_orders_30_vs_90. Main factors reducing churn risk: recency_days, trend_spend_30_vs_90, orders_last_30d."
12753,"spend_last_60d, trend_orders_30_vs_90, monetary_mean","monetary_total, spend_last_90d, frequency_orders","Main churn-risk drivers: spend_last_60d, trend_orders_30_vs_90, monetary_mean. Main factors reducing churn risk: monetary_total, spend_last_90d, frequency_orders."
12754,"orders_last_60d, recency_days, frequency_orders","monetary_total, spend_last_60d, trend_orders_30_vs_90","Main churn-risk drivers: orders_last_60d, recency_days, frequency_orders. Main factors reducing churn risk: monetary_total, spend_last_60d, trend_orders_30_vs_90."
12755,"monetary_mean, frequency_orders, recency_days","monetary_total, spend_last_60d, trend_orders_30_vs_90","Main churn-risk drivers: monetary_mean, frequency_orders, recency_days. Main factors reducing churn risk: monetary_total, spend_last_60d, trend_orders_30_vs_90."
12757,"spend_last_60d, trend_orders_30_vs_90","frequency_orders, monetary_total, recency_days","Main churn-risk drivers: spend_last_60d, trend_orders_30_vs_90. Main factors reducing churn risk: frequency_orders, monetary_total, recency_days."
12758,"frequency_orders, spend_last_60d, orders_last_30d","monetary_total, recency_days, spend_last_90d","Main churn-risk drivers: frequency_orders, spend_last_60d, orders_last_30d. Main factors reducing churn risk: monetary_total, recency_days, spend_last_90d."
12759,"frequency_orders, orders_last_60d, monetary_total","trend_spend_30_vs_90, spend_last_60d, orders_last_30d","Main churn-risk drivers: frequency_orders, orders_last_60d, monetary_total. Main factors reducing churn risk: trend_spend_30_vs_90, spend_last_60d, orders_last_30d."
12763,"frequency_orders, monetary_total, trend_orders_30_vs_90","recency_days, trend_spend_30_vs_90, spend_last_60d","Main churn-risk drivers: frequency_orders, monetary_total, trend_orders_30_vs_90. Main factors reducing churn risk: recency_days, trend_spend_30_vs_90, spend_last_60d."
12764,"frequency_orders, recency_days, orders_last_60d","spend_last_60d, trend_orders_30_vs_90, orders_last_30d","Main churn-risk drivers: frequency_orders, recency_days, orders_last_60d. Main factors reducing churn risk: spend_last_60d, trend_orders_30_vs_90, orders_last_30d."
12766,"spend_last_60d, trend_orders_30_vs_90","monetary_total, frequency_orders, trend_spend_30_vs_90","Main churn-risk drivers: spend_last_60d, trend_orders_30_vs_90. Main factors reducing churn risk: monetary_total, frequency_orders, trend_spend_30_vs_90."
12769,"frequency_orders, orders_last_60d, recency_days","spend_last_60d, trend_orders_30_vs_90, orders_last_30d","Main churn-risk drivers: frequency_orders, orders_last_60d, recency_days. Main factors reducing churn risk: spend_last_60d, trend_orders_30_vs_90, orders_last_30d."
12770,"frequency_orders, orders_last_60d, spend_last_90d","spend_last_60d, trend_orders_30_vs_90, orders_last_30d","Main churn-risk drivers: frequency_orders, orders_last_60d, spend_last_90d. Main factors reducing churn risk: spend_last_60d, trend_orders_30_vs_90, orders_last_30d."
12775,"orders_last_60d, spend_last_90d, monetary_total","spend_last_60d, frequency_orders, trend_orders_30_vs_90","Main churn-risk drivers: orders_last_60d, spend_last_90d, monetary_total. Main factors reducing churn risk: spend_last_60d, frequency_orders, trend_orders_30_vs_90."
12778,"monetary_total, orders_last_60d, spend_last_90d","spend_last_60d, frequency_orders, trend_orders_30_vs_90","Main churn-risk drivers: monetary_total, orders_last_60d, spend_last_90d. Main factors reducing churn risk: spend_last_60d, frequency_orders, trend_orders_30_vs_90."
12779,"orders_last_60d, spend_last_90d, trend_spend_30_vs_90","frequency_orders, monetary_total, spend_last_60d","Main churn-risk drivers: orders_last_60d, spend_last_90d, trend_spend_30_vs_90. Main factors reducing churn risk: frequency_orders, monetary_total, spend_last_60d."
12781,"frequency_orders, recency_days, monetary_total","spend_last_60d, trend_orders_30_vs_90, orders_last_30d","Main churn-risk drivers: frequency_orders, recency_days, monetary_total. Main factors reducing churn risk: spend_last_60d, trend_orders_30_vs_90, orders_last_30d."
12782,"trend_orders_30_vs_90, spend_last_60d, spend_last_90d","trend_spend_30_vs_90, frequency_orders, recency_days","Main churn-risk drivers: trend_orders_30_vs_90, spend_last_60d, spend_last_90d. Main factors reducing churn risk: trend_spend_30_vs_90, frequency_orders, recency_days."
12785,"frequency_orders, recency_days, monetary_total","spend_last_60d, trend_orders_30_vs_90, orders_last_30d","Main churn-risk drivers: frequency_orders, recency_days, monetary_total. Main factors reducing churn risk: spend_last_60d, trend_orders_30_vs_90, orders_last_30d."
12787,"frequency_orders, monetary_total, orders_last_30d","recency_days, trend_orders_30_vs_90, orders_last_60d","Main churn-risk drivers: frequency_orders, monetary_total, orders_last_30d. Main factors reducing churn risk: recency_days, trend_orders_30_vs_90, orders_last_60d."
12790,"frequency_orders, monetary_total, orders_last_60d","spend_last_60d, trend_orders_30_vs_90, orders_last_30d","Main churn-risk drivers: frequency_orders, monetary_total, orders_last_60d. Main factors reducing churn risk: spend_last_60d, trend_orders_30_vs_90, orders_last_30d."
12791,"frequency_orders, recency_days, monetary_total","spend_last_60d, trend_orders_30_vs_90, orders_last_30d","Main churn-risk drivers: frequency_orders, recency_days, monetary_total. Main factors reducing churn risk: spend_last_60d, trend_orders_30_vs_90, orders_last_30d."
12792,"frequency_orders, monetary_total, orders_last_60d","spend_last_60d, trend_orders_30_vs_90, orders_last_30d","Main churn-risk drivers: frequency_orders, monetary_total, orders_last_60d. Main factors reducing churn risk: spend_last_60d, trend_orders_30_vs_90, orders_last_30d."
12793,"recency_days, frequency_orders, monetary_total","spend_last_60d, trend_orders_30_vs_90, orders_last_30d","Main churn-risk drivers: recency_days, frequency_orders, monetary_total. Main factors reducing churn risk: spend_last_60d, trend_orders_30_vs_90, orders_last_30d."
12794,"frequency_orders, monetary_total, orders_last_30d","recency_days, trend_orders_30_vs_90, orders_last_60d","Main churn-risk drivers: frequency_orders, monetary_total, orders_last_30d. Main factors reducing churn risk: recency_days, trend_orders_30_vs_90, orders_last_60d."
12797,"frequency_orders, recency_days, monetary_total","spend_last_60d, trend_orders_30_vs_90, orders_last_30d","Main churn-risk drivers: frequency_orders, recency_days, monetary_total. Main factors reducing churn risk: spend_last_60d, trend_orders_30_vs_90, orders_last_30d."
12798,"frequency_orders, monetary_mean, orders_last_60d","spend_last_90d, trend_spend_30_vs_90, spend_last_60d","Main churn-risk drivers: frequency_orders, monetary_mean, orders_last_60d. Main factors reducing churn risk: spend_last_90d, trend_spend_30_vs_90, spend_last_60d."
12802,"frequency_orders, monetary_total, orders_last_60d","spend_last_60d, trend_orders_30_vs_90, orders_last_30d","Main churn-risk drivers: frequency_orders, monetary_total, orders_last_60d. Main factors reducing churn risk: spend_last_60d, trend_orders_30_vs_90, orders_last_30d."
12808,"frequency_orders, monetary_total, orders_last_60d","spend_last_60d, trend_orders_30_vs_90, orders_last_30d","Main churn-risk drivers: frequency_orders, monetary_total, orders_last_60d. Main factors reducing churn risk: spend_last_60d, trend_orders_30_vs_90, orders_last_30d."
12809,"frequency_orders, monetary_total, orders_last_60d","trend_spend_30_vs_90, spend_last_60d, orders_last_30d","Main churn-risk drivers: frequency_orders, monetary_total, orders_last_60d. Main factors reducing churn risk: trend_spend_30_vs_90, spend_last_60d, orders_last_30d."
12811,"monetary_total, recency_days, orders_last_60d","spend_last_60d, trend_orders_30_vs_90, orders_last_30d","Main churn-risk drivers: monetary_total, recency_days, orders_last_60d. Main factors reducing churn risk: spend_last_60d, trend_orders_30_vs_90, orders_last_30d."
12814,"frequency_orders, monetary_total, orders_last_30d","recency_days, trend_orders_30_vs_90, spend_last_60d","Main churn-risk drivers: frequency_orders, monetary_total, orders_last_30d. Main factors reducing churn risk: recency_days, trend_orders_30_vs_90, spend_last_60d."
12815,"frequency_orders, monetary_total, trend_orders_30_vs_90","trend_spend_30_vs_90, recency_days, orders_last_30d","Main churn-risk drivers: frequency_orders, monetary_total, trend_orders_30_vs_90. Main factors reducing churn risk: trend_spend_30_vs_90, recency_days, orders_last_30d."
12816,"frequency_orders, monetary_total, orders_last_30d","recency_days, orders_last_60d, monetary_mean","Main churn-risk drivers: frequency_orders, monetary_total, orders_last_30d. Main factors reducing churn risk: recency_days, orders_last_60d, monetary_mean."
12817,"frequency_orders, monetary_total, recency_days","spend_last_60d, trend_orders_30_vs_90, orders_last_30d","Main churn-risk drivers: frequency_orders, monetary_total, recency_days. Main factors reducing churn risk: spend_last_60d, trend_orders_30_vs_90, orders_last_30d."
12818,"frequency_orders, recency_days, orders_last_60d","spend_last_60d, trend_orders_30_vs_90, orders_last_30d","Main churn-risk drivers: frequency_orders, recency_days, orders_last_60d. Main factors reducing churn risk: spend_last_60d, trend_orders_30_vs_90, orders_last_30d."
12820,"frequency_orders, recency_days, monetary_total","spend_last_60d, trend_orders_30_vs_90, orders_last_30d","Main churn-risk drivers: frequency_orders, recency_days, monetary_total. Main factors reducing churn risk: spend_last_60d, trend_orders_30_vs_90, orders_last_30d."
12821,"frequency_orders, monetary_total, orders_last_60d","spend_last_60d, trend_orders_30_vs_90, orders_last_30d","Main churn-risk drivers: frequency_orders, monetary_total, orders_last_60d. Main factors reducing churn risk: spend_last_60d, trend_orders_30_vs_90, orders_last_30d."
12823,"monetary_mean, monetary_median, trend_orders_30_vs_90","recency_days, trend_spend_30_vs_90, frequency_orders","Main churn-risk drivers: monetary_mean, monetary_median, trend_orders_30_vs_90. Main factors reducing churn risk: recency_days, trend_spend_30_vs_90, frequency_orders."
12826,"orders_last_60d, monetary_total, trend_orders_30_vs_90","trend_spend_30_vs_90, spend_last_60d, frequency_orders","Main churn-risk drivers: orders_last_60d, monetary_total, trend_orders_30_vs_90. Main factors reducing churn risk: trend_spend_30_vs_90, spend_last_60d, frequency_orders."
12828,"monetary_total, orders_last_30d, frequency_orders","orders_last_60d, recency_days, monetary_mean","Main churn-risk drivers: monetary_total, orders_last_30d, frequency_orders. Main factors reducing churn risk: orders_last_60d, recency_days, monetary_mean."
12829,"recency_days, frequency_orders, monetary_total","spend_last_60d, trend_orders_30_vs_90, orders_last_30d","Main churn-risk drivers: recency_days, frequency_orders, monetary_total. Main factors reducing churn risk: spend_last_60d, trend_orders_30_vs_90, orders_last_30d."
12830,"spend_last_60d, trend_orders_30_vs_90, monetary_mean","spend_last_90d, monetary_total, orders_last_60d","Main churn-risk drivers: spend_last_60d, trend_orders_30_vs_90, monetary_mean. Main factors reducing churn risk: spend_last_90d, monetary_total, orders_last_60d."
12831,"frequency_orders, monetary_total, recency_days","spend_last_60d, trend_orders_30_vs_90, orders_last_30d","Main churn-risk drivers: frequency_orders, monetary_total, recency_days. Main factors reducing churn risk: spend_last_60d, trend_orders_30_vs_90, orders_last_30d."
12832,"frequency_orders, monetary_total, orders_last_30d","recency_days, trend_orders_30_vs_90, monetary_mean","Main churn-risk drivers: frequency_orders, monetary_total, orders_last_30d. Main factors reducing churn risk: recency_days, trend_orders_30_vs_90, monetary_mean."
12833,"frequency_orders, monetary_total, trend_orders_30_vs_90","trend_spend_30_vs_90, recency_days, orders_last_30d","Main churn-risk drivers: frequency_orders, monetary_total, trend_orders_30_vs_90. Main factors reducing churn risk: trend_spend_30_vs_90, recency_days, orders_last_30d."
12834,"frequency_orders, recency_days, monetary_total","spend_last_60d, trend_orders_30_vs_90, orders_last_30d","Main churn-risk drivers: frequency_orders, recency_days, monetary_total. Main factors reducing churn risk: spend_last_60d, trend_orders_30_vs_90, orders_last_30d."
12836,"frequency_orders, trend_orders_30_vs_90, spend_last_60d","recency_days, trend_spend_30_vs_90, monetary_total","Main churn-risk drivers: frequency_orders, trend_orders_30_vs_90, spend_last_60d. Main factors reducing churn risk: recency_days, trend_spend_30_vs_90, monetary_total."
12837,"frequency_orders, monetary_total, orders_last_60d","trend_spend_30_vs_90, spend_last_60d, monetary_mean","Main churn-risk drivers: frequency_orders, monetary_total, orders_last_60d. Main factors reducing churn risk: trend_spend_30_vs_90, spend_last_60d, monetary_mean."
12838,"frequency_orders, recency_days, monetary_total","spend_last_60d, trend_orders_30_vs_90, monetary_mean","Main churn-risk drivers: frequency_orders, recency_days, monetary_total. Main factors reducing churn risk: spend_last_60d, trend_orders_30_vs_90, monetary_mean."
12839,"orders_last_30d, spend_last_60d, trend_orders_30_vs_90","frequency_orders, orders_last_60d, monetary_total","Main churn-risk drivers: orders_last_30d, spend_last_60d, trend_orders_30_vs_90. Main factors reducing churn risk: frequency_orders, orders_last_60d, monetary_total."
12840,"trend_orders_30_vs_90, spend_last_60d","monetary_total, recency_days, trend_spend_30_vs_90","Main churn-risk drivers: trend_orders_30_vs_90, spend_last_60d. Main factors reducing churn risk: monetary_total, recency_days, trend_spend_30_vs_90."
12841,"trend_orders_30_vs_90, orders_last_30d, orders_last_90d","frequency_orders, orders_last_60d, monetary_total","Main churn-risk drivers: trend_orders_30_vs_90, orders_last_30d, orders_last_90d. Main factors reducing churn risk: frequency_orders, orders_last_60d, monetary_total."
12842,"frequency_orders, recency_days, monetary_total","spend_last_60d, trend_orders_30_vs_90, orders_last_30d","Main churn-risk drivers: frequency_orders, recency_days, monetary_total. Main factors reducing churn risk: spend_last_60d, trend_orders_30_vs_90, orders_last_30d."
12843,"orders_last_60d, trend_orders_30_vs_90, orders_last_90d","frequency_orders, trend_spend_30_vs_90, spend_last_60d","Main churn-risk drivers: orders_last_60d, trend_orders_30_vs_90, orders_last_90d. Main factors reducing churn risk: frequency_orders, trend_spend_30_vs_90, spend_last_60d."
12844,"frequency_orders, monetary_total, trend_orders_30_vs_90","recency_days, trend_spend_30_vs_90, monetary_mean","Main churn-risk drivers: frequency_orders, monetary_total, trend_orders_30_vs_90. Main factors reducing churn risk: recency_days, trend_spend_30_vs_90, monetary_mean."
12845,"monetary_total, recency_days, orders_last_60d","spend_last_60d, frequency_orders, trend_orders_30_vs_90","Main churn-risk drivers: monetary_total, recency_days, orders_last_60d. Main factors reducing churn risk: spend_last_60d, frequency_orders, trend_orders_30_vs_90."
12849,"frequency_orders, recency_days, orders_last_60d","spend_last_60d, trend_orders_30_vs_90, orders_last_30d","Main churn-risk drivers: frequency_orders, recency_days, orders_last_60d. Main factors reducing churn risk: spend_last_60d, trend_orders_30_vs_90, orders_last_30d."
12851,"frequency_orders, monetary_total, orders_last_30d","recency_days, trend_orders_30_vs_90, monetary_mean","Main churn-risk drivers: frequency_orders, monetary_total, orders_last_30d. Main factors reducing churn risk: recency_days, trend_orders_30_vs_90, monetary_mean."
12852,"frequency_orders, recency_days, monetary_total","spend_last_60d, trend_orders_30_vs_90, orders_last_30d","Main churn-risk drivers: frequency_orders, recency_days, monetary_total. Main factors reducing churn risk: spend_last_60d, trend_orders_30_vs_90, orders_last_30d."
12853,"spend_last_60d, trend_orders_30_vs_90, orders_last_90d","orders_last_60d, frequency_orders, recency_days","Main churn-risk drivers: spend_last_60d, trend_orders_30_vs_90, orders_last_90d. Main factors reducing churn risk: orders_last_60d, frequency_orders, recency_days."
12854,"frequency_orders, orders_last_60d, monetary_total","spend_last_60d, trend_orders_30_vs_90, monetary_mean","Main churn-risk drivers: frequency_orders, orders_last_60d, monetary_total. Main factors reducing churn risk: spend_last_60d, trend_orders_30_vs_90, monetary_mean."
12855,"frequency_orders, recency_days, monetary_total","spend_last_60d, trend_orders_30_vs_90, monetary_mean","Main churn-risk drivers: frequency_orders, recency_days, monetary_total. Main factors reducing churn risk: spend_last_60d, trend_orders_30_vs_90, monetary_mean."
12857,"frequency_orders, orders_last_60d, monetary_total","spend_last_60d, trend_orders_30_vs_90, orders_last_30d","Main churn-risk drivers: frequency_orders, orders_last_60d, monetary_total. Main factors reducing churn risk: spend_last_60d, trend_orders_30_vs_90, orders_last_30d."
12864,"frequency_orders, monetary_total, trend_orders_30_vs_90","recency_days, trend_spend_30_vs_90, spend_last_60d","Main churn-risk drivers: frequency_orders, monetary_total, trend_orders_30_vs_90. Main factors reducing churn risk: recency_days, trend_spend_30_vs_90, spend_last_60d."
12865,"frequency_orders, spend_last_60d, monetary_total","recency_days, trend_spend_30_vs_90, spend_last_90d","Main churn-risk drivers: frequency_orders, spend_last_60d, monetary_total. Main factors reducing churn risk: recency_days, trend_spend_30_vs_90, spend_last_90d."
12866,"frequency_orders, recency_days, monetary_total","spend_last_60d, trend_orders_30_vs_90, orders_last_30d","Main churn-risk drivers: frequency_orders, recency_days, monetary_total. Main factors reducing churn risk: spend_last_60d, trend_orders_30_vs_90, orders_last_30d."
12867,"orders_last_30d, spend_last_60d, trend_orders_30_vs_90","frequency_orders, monetary_total, recency_days","Main churn-risk drivers: orders_last_30d, spend_last_60d, trend_orders_30_vs_90. Main factors reducing churn risk: frequency_orders, monetary_total, recency_days."
12868,"orders_last_60d, spend_last_90d, trend_spend_30_vs_90","frequency_orders, spend_last_60d, trend_orders_30_vs_90","Main churn-risk drivers: orders_last_60d, spend_last_90d, trend_spend_30_vs_90. Main factors reducing churn risk: frequency_orders, spend_last_60d, trend_orders_30_vs_90."
12871,"frequency_orders, monetary_total, orders_last_60d","spend_last_60d, trend_orders_30_vs_90, orders_last_30d","Main churn-risk drivers: frequency_orders, monetary_total, orders_last_60d. Main factors reducing churn risk: spend_last_60d, trend_orders_30_vs_90, orders_last_30d."
12872,"recency_days, frequency_orders, monetary_total","spend_last_60d, trend_orders_30_vs_90, monetary_mean","Main churn-risk drivers: recency_days, frequency_orders, monetary_total. Main factors reducing churn risk: spend_last_60d, trend_orders_30_vs_90, monetary_mean."
12873,"frequency_orders, recency_days, monetary_total","spend_last_60d, trend_orders_30_vs_90, orders_last_30d","Main churn-risk drivers: frequency_orders, recency_days, monetary_total. Main factors reducing churn risk: spend_last_60d, trend_orders_30_vs_90, orders_last_30d."
12875,"frequency_orders, monetary_total, monetary_mean","recency_days, trend_spend_30_vs_90, spend_last_60d","Main churn-risk drivers: frequency_orders, monetary_total, monetary_mean. Main factors reducing churn risk: recency_days, trend_spend_30_vs_90, spend_last_60d."
12876,"frequency_orders, orders_last_60d, monetary_total","spend_last_60d, trend_orders_30_vs_90, orders_last_30d","Main churn-risk drivers: frequency_orders, orders_last_60d, monetary_total. Main factors reducing churn risk: spend_last_60d, trend_orders_30_vs_90, orders_last_30d."
12877,"trend_orders_30_vs_90, monetary_total, spend_last_90d","frequency_orders, recency_days, trend_spend_30_vs_90","Main churn-risk drivers: trend_orders_30_vs_90, monetary_total, spend_last_90d. Main factors reducing churn risk: frequency_orders, recency_days, trend_spend_30_vs_90."
12878,"frequency_orders, orders_last_60d, monetary_total","spend_last_60d, trend_orders_30_vs_90, orders_last_30d","Main churn-risk drivers: frequency_orders, orders_last_60d, monetary_total. Main factors reducing churn risk: spend_last_60d, trend_orders_30_vs_90, orders_last_30d."
12879,"frequency_orders, monetary_total, orders_last_30d","recency_days, trend_orders_30_vs_90, spend_last_60d","Main churn-risk drivers: frequency_orders, monetary_total, orders_last_30d. Main factors reducing churn risk: recency_days, trend_orders_30_vs_90, spend_last_60d."
12881,"frequency_orders, monetary_total, recency_days","spend_last_60d, trend_orders_30_vs_90, orders_last_30d","Main churn-risk drivers: frequency_orders, monetary_total, recency_days. Main factors reducing churn risk: spend_last_60d, trend_orders_30_vs_90, orders_last_30d."
12885,"frequency_orders, monetary_total, trend_orders_30_vs_90","recency_days, trend_spend_30_vs_90, orders_last_30d","Main churn-risk drivers: frequency_orders, monetary_total, trend_orders_30_vs_90. Main factors reducing churn risk: recency_days, trend_spend_30_vs_90, orders_last_30d."
12886,"frequency_orders, orders_last_60d, monetary_total","spend_last_60d, trend_orders_30_vs_90, orders_last_30d","Main churn-risk drivers: frequency_orders, orders_last_60d, monetary_total. Main factors reducing churn risk: spend_last_60d, trend_orders_30_vs_90, orders_last_30d."
12888,"frequency_orders, monetary_total, orders_last_60d","spend_last_60d, trend_orders_30_vs_90, orders_last_30d","Main churn-risk drivers: frequency_orders, monetary_total, orders_last_60d. Main factors reducing churn risk: spend_last_60d, trend_orders_30_vs_90, orders_last_30d."
12891,"monetary_total, orders_last_60d, frequency_orders","spend_last_60d, trend_orders_30_vs_90, orders_last_30d","Main churn-risk drivers: monetary_total, orders_last_60d, frequency_orders. Main factors reducing churn risk: spend_last_60d, trend_orders_30_vs_90, orders_last_30d."
12897,"frequency_orders, monetary_total, orders_last_60d","spend_last_60d, trend_orders_30_vs_90, orders_last_30d","Main churn-risk drivers: frequency_orders, monetary_total, orders_last_60d. Main factors reducing churn risk: spend_last_60d, trend_orders_30_vs_90, orders_last_30d."
12901,"spend_last_60d, trend_orders_30_vs_90, orders_last_30d","frequency_orders, monetary_total, orders_last_60d","Main churn-risk drivers: spend_last_60d, trend_orders_30_vs_90, orders_last_30d. Main factors reducing churn risk: frequency_orders, monetary_total, orders_last_60d."
12902,"frequency_orders, monetary_total, recency_days","spend_last_60d, trend_orders_30_vs_90, monetary_mean","Main churn-risk drivers: frequency_orders, monetary_total, recency_days. Main factors reducing churn risk: spend_last_60d, trend_orders_30_vs_90, monetary_mean."
12904,"frequency_orders, monetary_total, orders_last_60d","trend_spend_30_vs_90, spend_last_60d, monetary_mean","Main churn-risk drivers: frequency_orders, monetary_total, orders_last_60d. Main factors reducing churn risk: trend_spend_30_vs_90, spend_last_60d, monetary_mean."
12908,"monetary_mean, frequency_orders, monetary_median","trend_spend_30_vs_90, spend_last_60d, orders_last_30d","Main churn-risk drivers: monetary_mean, frequency_orders, monetary_median. Main factors reducing churn risk: trend_spend_30_vs_90, spend_last_60d, orders_last_30d."
12909,"orders_last_60d, frequency_orders, spend_last_90d","spend_last_60d, trend_orders_30_vs_90, orders_last_30d","Main churn-risk drivers: orders_last_60d, frequency_orders, spend_last_90d. Main factors reducing churn risk: spend_last_60d, trend_orders_30_vs_90, orders_last_30d."
12910,"trend_orders_30_vs_90, spend_last_90d, monetary_total","recency_days, trend_spend_30_vs_90, frequency_orders","Main churn-risk drivers: trend_orders_30_vs_90, spend_last_90d, monetary_total. Main factors reducing churn risk: recency_days, trend_spend_30_vs_90, frequency_orders."
12913,"recency_days, orders_last_60d, monetary_total","spend_last_60d, trend_orders_30_vs_90, orders_last_30d","Main churn-risk drivers: recency_days, orders_last_60d, monetary_total. Main factors reducing churn risk: spend_last_60d, trend_orders_30_vs_90, orders_last_30d."
12915,"frequency_orders, monetary_total, trend_orders_30_vs_90","trend_spend_30_vs_90, recency_days, spend_last_60d","Main churn-risk drivers: frequency_orders, monetary_total, trend_orders_30_vs_90. Main factors reducing churn risk: trend_spend_30_vs_90, recency_days, spend_last_60d."
12916,"trend_orders_30_vs_90, spend_last_60d","monetary_total, recency_days, trend_spend_30_vs_90","Main churn-risk drivers: trend_orders_30_vs_90, spend_last_60d. Main factors reducing churn risk: monetary_total, recency_days, trend_spend_30_vs_90."
12917,"frequency_orders, monetary_mean, monetary_median","recency_days, trend_spend_30_vs_90, orders_last_30d","Main churn-risk drivers: frequency_orders, monetary_mean, monetary_median. Main factors reducing churn risk: recency_days, trend_spend_30_vs_90, orders_last_30d."
12919,"monetary_total, frequency_orders, trend_orders_30_vs_90","orders_last_60d, recency_days, monetary_mean","Main churn-risk drivers: monetary_total, frequency_orders, trend_orders_30_vs_90. Main factors reducing churn risk: orders_last_60d, recency_days, monetary_mean."
12921,"spend_last_60d, orders_last_30d, trend_orders_30_vs_90","frequency_orders, monetary_total, orders_last_60d","Main churn-risk drivers: spend_last_60d, orders_last_30d, trend_orders_30_vs_90. Main factors reducing churn risk: frequency_orders, monetary_total, orders_last_60d."
12922,"frequency_orders, monetary_total, orders_last_60d","trend_spend_30_vs_90, spend_last_60d, recency_days","Main churn-risk drivers: frequency_orders, monetary_total, orders_last_60d. Main factors reducing churn risk: trend_spend_30_vs_90, spend_last_60d, recency_days."
12924,"orders_last_60d, monetary_total, frequency_orders","spend_last_60d, trend_orders_30_vs_90, orders_last_30d","Main churn-risk drivers: orders_last_60d, monetary_total, frequency_orders. Main factors reducing churn risk: spend_last_60d, trend_orders_30_vs_90, orders_last_30d."
12928,"frequency_orders, trend_orders_30_vs_90, monetary_total","trend_spend_30_vs_90, recency_days, orders_last_30d","Main churn-risk drivers: frequency_orders, trend_orders_30_vs_90, monetary_total. Main factors reducing churn risk: trend_spend_30_vs_90, recency_days, orders_last_30d."
12929,"frequency_orders, recency_days, monetary_total","spend_last_60d, trend_orders_30_vs_90, monetary_mean","Main churn-risk drivers: frequency_orders, recency_days, monetary_total. Main factors reducing churn risk: spend_last_60d, trend_orders_30_vs_90, monetary_mean."
12930,"frequency_orders, monetary_total, orders_last_60d","trend_spend_30_vs_90, spend_last_60d, orders_last_30d","Main churn-risk drivers: frequency_orders, monetary_total, orders_last_60d. Main factors reducing churn risk: trend_spend_30_vs_90, spend_last_60d, orders_last_30d."
12931,"spend_last_60d, monetary_mean, spend_last_30d","monetary_total, spend_last_90d, frequency_orders","Main churn-risk drivers: spend_last_60d, monetary_mean, spend_last_30d. Main factors reducing churn risk: monetary_total, spend_last_90d, frequency_orders."
12933,"frequency_orders, monetary_total, orders_last_60d","trend_spend_30_vs_90, spend_last_60d, monetary_mean","Main churn-risk drivers: frequency_orders, monetary_total, orders_last_60d. Main factors reducing churn risk: trend_spend_30_vs_90, spend_last_60d, monetary_mean."
12935,"orders_last_30d, spend_last_60d, trend_orders_30_vs_90","orders_last_60d, recency_days, frequency_orders","Main churn-risk drivers: orders_last_30d, spend_last_60d, trend_orders_30_vs_90. Main factors reducing churn risk: orders_last_60d, recency_days, frequency_orders."
12937,"frequency_orders, monetary_total, orders_last_60d","spend_last_60d, trend_orders_30_vs_90, monetary_mean","Main churn-risk drivers: frequency_orders, monetary_total, orders_last_60d. Main factors reducing churn risk: spend_last_60d, trend_orders_30_vs_90, monetary_mean."
12939,"monetary_mean, monetary_median, spend_last_60d","monetary_total, recency_days, trend_spend_30_vs_90","Main churn-risk drivers: monetary_mean, monetary_median, spend_last_60d. Main factors reducing churn risk: monetary_total, recency_days, trend_spend_30_vs_90."
12942,"monetary_total, frequency_orders, trend_orders_30_vs_90","recency_days, trend_spend_30_vs_90, monetary_mean","Main churn-risk drivers: monetary_total, frequency_orders, trend_orders_30_vs_90. Main factors reducing churn risk: recency_days, trend_spend_30_vs_90, monetary_mean."
12944,"frequency_orders, recency_days, monetary_total","spend_last_60d, trend_orders_30_vs_90, orders_last_30d","Main churn-risk drivers: frequency_orders, recency_days, monetary_total. Main factors reducing churn risk: spend_last_60d, trend_orders_30_vs_90, orders_last_30d."
12945,"frequency_orders, recency_days, monetary_total","spend_last_60d, trend_orders_30_vs_90, orders_last_30d","Main churn-risk drivers: frequency_orders, recency_days, monetary_total. Main factors reducing churn risk: spend_last_60d, trend_orders_30_vs_90, orders_last_30d."
12947,"trend_orders_30_vs_90, spend_last_90d, monetary_total","frequency_orders, recency_days, trend_spend_30_vs_90","Main churn-risk drivers: trend_orders_30_vs_90, spend_last_90d, monetary_total. Main factors reducing churn risk: frequency_orders, recency_days, trend_spend_30_vs_90."
12948,"orders_last_30d, trend_spend_30_vs_90, spend_last_60d","recency_days, frequency_orders, trend_orders_30_vs_90","Main churn-risk drivers: orders_last_30d, trend_spend_30_vs_90, spend_last_60d. Main factors reducing churn risk: recency_days, frequency_orders, trend_orders_30_vs_90."
12949,"spend_last_60d, trend_orders_30_vs_90, orders_last_30d","orders_last_60d, frequency_orders, monetary_total","Main churn-risk drivers: spend_last_60d, trend_orders_30_vs_90, orders_last_30d. Main factors reducing churn risk: orders_last_60d, frequency_orders, monetary_total."
12951,"orders_last_60d, monetary_total, trend_orders_30_vs_90","frequency_orders, trend_spend_30_vs_90, spend_last_60d","Main churn-risk drivers: orders_last_60d, monetary_total, trend_orders_30_vs_90. Main factors reducing churn risk: frequency_orders, trend_spend_30_vs_90, spend_last_60d."
12955,"spend_last_60d, trend_orders_30_vs_90, orders_last_30d","frequency_orders, orders_last_60d, recency_days","Main churn-risk drivers: spend_last_60d, trend_orders_30_vs_90, orders_last_30d. Main factors reducing churn risk: frequency_orders, orders_last_60d, recency_days."
12956,"frequency_orders, recency_days, monetary_total","spend_last_60d, trend_orders_30_vs_90, monetary_mean","Main churn-risk drivers: frequency_orders, recency_days, monetary_total. Main factors reducing churn risk: spend_last_60d, trend_orders_30_vs_90, monetary_mean."
12957,"orders_last_60d, spend_last_90d, trend_spend_30_vs_90","spend_last_60d, frequency_orders, trend_orders_30_vs_90","Main churn-risk drivers: orders_last_60d, spend_last_90d, trend_spend_30_vs_90. Main factors reducing churn risk: spend_last_60d, frequency_orders, trend_orders_30_vs_90."
12962,"frequency_orders, monetary_total, orders_last_30d","recency_days, trend_orders_30_vs_90, spend_last_60d","Main churn-risk drivers: frequency_orders, monetary_total, orders_last_30d. Main factors reducing churn risk: recency_days, trend_orders_30_vs_90, spend_last_60d."
12963,"frequency_orders, recency_days, monetary_total","spend_last_60d, trend_orders_30_vs_90, orders_last_30d","Main churn-risk drivers: frequency_orders, recency_days, monetary_total. Main factors reducing churn risk: spend_last_60d, trend_orders_30_vs_90, orders_last_30d."
12967,"recency_days, frequency_orders, orders_last_60d","spend_last_60d, trend_orders_30_vs_90, orders_last_30d","Main churn-risk drivers: recency_days, frequency_orders, orders_last_60d. Main factors reducing churn risk: spend_last_60d, trend_orders_30_vs_90, orders_last_30d."
12968,"frequency_orders, monetary_total, orders_last_30d","recency_days, trend_orders_30_vs_90, spend_last_60d","Main churn-risk drivers: frequency_orders, monetary_total, orders_last_30d. Main factors reducing churn risk: recency_days, trend_orders_30_vs_90, spend_last_60d."
12970,"recency_days, frequency_orders, monetary_total","spend_last_60d, trend_orders_30_vs_90, monetary_mean","Main churn-risk drivers: recency_days, frequency_orders, monetary_total. Main factors reducing churn risk: spend_last_60d, trend_orders_30_vs_90, monetary_mean."
12971,"orders_last_30d, spend_last_60d, orders_last_90d","frequency_orders, orders_last_60d, monetary_total","Main churn-risk drivers: orders_last_30d, spend_last_60d, orders_last_90d. Main factors reducing churn risk: frequency_orders, orders_last_60d, monetary_total."
12974,"frequency_orders, monetary_total, orders_last_60d","spend_last_60d, trend_orders_30_vs_90, orders_last_30d","Main churn-risk drivers: frequency_orders, monetary_total, orders_last_60d. Main factors reducing churn risk: spend_last_60d, trend_orders_30_vs_90, orders_last_30d."
12976,"frequency_orders, orders_last_60d, monetary_total","spend_last_60d, trend_orders_30_vs_90, orders_last_30d","Main churn-risk drivers: frequency_orders, orders_last_60d, monetary_total. Main factors reducing churn risk: spend_last_60d, trend_orders_30_vs_90, orders_last_30d."
12977,"frequency_orders, monetary_total, orders_last_60d","trend_spend_30_vs_90, spend_last_60d, recency_days","Main churn-risk drivers: frequency_orders, monetary_total, orders_last_60d. Main factors reducing churn risk: trend_spend_30_vs_90, spend_last_60d, recency_days."
12980,"monetary_mean, orders_last_60d, monetary_median","frequency_orders, monetary_total, spend_last_90d","Main churn-risk drivers: monetary_mean, orders_last_60d, monetary_median. Main factors reducing churn risk: frequency_orders, monetary_total, spend_last_90d."
12981,"frequency_orders, monetary_total, trend_orders_30_vs_90","recency_days, trend_spend_30_vs_90, orders_last_30d","Main churn-risk drivers: frequency_orders, monetary_total, trend_orders_30_vs_90. Main factors reducing churn risk: recency_days, trend_spend_30_vs_90, orders_last_30d."
12982,"frequency_orders, monetary_total, orders_last_60d","spend_last_60d, trend_orders_30_vs_90, monetary_mean","Main churn-risk drivers: frequency_orders, monetary_total, orders_last_60d. Main factors reducing churn risk: spend_last_60d, trend_orders_30_vs_90, monetary_mean."
12987,"frequency_orders, monetary_total, orders_last_60d","spend_last_60d, trend_orders_30_vs_90, orders_last_30d","Main churn-risk drivers: frequency_orders, monetary_total, orders_last_60d. Main factors reducing churn risk: spend_last_60d, trend_orders_30_vs_90, orders_last_30d."
12988,"frequency_orders, recency_days, monetary_total","spend_last_60d, trend_orders_30_vs_90, monetary_mean","Main churn-risk drivers: frequency_orders, recency_days, monetary_total. Main factors reducing churn risk: spend_last_60d, trend_orders_30_vs_90, monetary_mean."
12989,"orders_last_60d, monetary_mean, trend_orders_30_vs_90","frequency_orders, monetary_total, trend_spend_30_vs_90","Main churn-risk drivers: orders_last_60d, monetary_mean, trend_orders_30_vs_90. Main factors reducing churn risk: frequency_orders, monetary_total, trend_spend_30_vs_90."
12990,"frequency_orders, monetary_total, orders_last_60d","spend_last_60d, trend_orders_30_vs_90, orders_last_30d","Main churn-risk drivers: frequency_orders, monetary_total, orders_last_60d. Main factors reducing churn risk: spend_last_60d, trend_orders_30_vs_90, orders_last_30d."
12991,"frequency_orders, monetary_total, orders_last_30d","recency_days, trend_orders_30_vs_90, monetary_mean","Main churn-risk drivers: frequency_orders, monetary_total, orders_last_30d. Main factors reducing churn risk: recency_days, trend_orders_30_vs_90, monetary_mean."
12993,"monetary_total, frequency_orders, trend_orders_30_vs_90","recency_days, trend_spend_30_vs_90, orders_last_30d","Main churn-risk drivers: monetary_total, frequency_orders, trend_orders_30_vs_90. Main factors reducing churn risk: recency_days, trend_spend_30_vs_90, orders_last_30d."
12994,"frequency_orders, monetary_total, orders_last_30d","recency_days, trend_orders_30_vs_90, orders_last_60d","Main churn-risk drivers: frequency_orders, monetary_total, orders_last_30d. Main factors reducing churn risk: recency_days, trend_orders_30_vs_90, orders_last_60d."
12997,"frequency_orders, monetary_total, orders_last_60d","spend_last_60d, trend_orders_30_vs_90, orders_last_30d","Main churn-risk drivers: frequency_orders, monetary_total, orders_last_60d. Main factors reducing churn risk: spend_last_60d, trend_orders_30_vs_90, orders_last_30d."
12999,"monetary_total, orders_last_60d, frequency_orders","spend_last_60d, trend_orders_30_vs_90, orders_last_30d","Main churn-risk drivers: monetary_total, orders_last_60d, frequency_orders. Main factors reducing churn risk: spend_last_60d, trend_orders_30_vs_90, orders_last_30d."
13000,"monetary_total, frequency_orders, orders_last_30d","recency_days, trend_orders_30_vs_90, spend_last_60d","Main churn-risk drivers: monetary_total, frequency_orders, orders_last_30d. Main factors reducing churn risk: recency_days, trend_orders_30_vs_90, spend_last_60d."
13001,"orders_last_60d, trend_orders_30_vs_90","frequency_orders, monetary_total, trend_spend_30_vs_90","Main churn-risk drivers: orders_last_60d, trend_orders_30_vs_90. Main factors reducing churn risk: frequency_orders, monetary_total, trend_spend_30_vs_90."
13002,"frequency_orders, recency_days, monetary_total","spend_last_60d, trend_orders_30_vs_90, orders_last_30d","Main churn-risk drivers: frequency_orders, recency_days, monetary_total. Main factors reducing churn risk: spend_last_60d, trend_orders_30_vs_90, orders_last_30d."
13003,"monetary_total, frequency_orders, orders_last_30d","recency_days, spend_last_60d, orders_last_60d","Main churn-risk drivers: monetary_total, frequency_orders, orders_last_30d. Main factors reducing churn risk: recency_days, spend_last_60d, orders_last_60d."
13004,"trend_orders_30_vs_90, orders_last_30d, spend_last_60d","frequency_orders, monetary_total, orders_last_60d","Main churn-risk drivers: trend_orders_30_vs_90, orders_last_30d, spend_last_60d. Main factors reducing churn risk: frequency_orders, monetary_total, orders_last_60d."
13005,"frequency_orders, monetary_total, orders_last_60d","trend_spend_30_vs_90, spend_last_60d, orders_last_30d","Main churn-risk drivers: frequency_orders, monetary_total, orders_last_60d. Main factors reducing churn risk: trend_spend_30_vs_90, spend_last_60d, orders_last_30d."
13008,"frequency_orders, recency_days, monetary_total","spend_last_60d, trend_orders_30_vs_90, orders_last_30d","Main churn-risk drivers: frequency_orders, recency_days, monetary_total. Main factors reducing churn risk: spend_last_60d, trend_orders_30_vs_90, orders_last_30d."
13011,"frequency_orders, recency_days, monetary_total","spend_last_60d, trend_orders_30_vs_90, orders_last_30d","Main churn-risk drivers: frequency_orders, recency_days, monetary_total. Main factors reducing churn risk: spend_last_60d, trend_orders_30_vs_90, orders_last_30d."
13012,"monetary_total, trend_orders_30_vs_90, spend_last_90d","trend_spend_30_vs_90, recency_days, frequency_orders","Main churn-risk drivers: monetary_total, trend_orders_30_vs_90, spend_last_90d. Main factors reducing churn risk: trend_spend_30_vs_90, recency_days, frequency_orders."
13013,"orders_last_30d, spend_last_60d, trend_orders_30_vs_90","frequency_orders, orders_last_60d, monetary_total","Main churn-risk drivers: orders_last_30d, spend_last_60d, trend_orders_30_vs_90. Main factors reducing churn risk: frequency_orders, orders_last_60d, monetary_total."
13014,"orders_last_30d, trend_orders_30_vs_90, orders_last_90d","frequency_orders, recency_days, monetary_total","Main churn-risk drivers: orders_last_30d, trend_orders_30_vs_90, orders_last_90d. Main factors reducing churn risk: frequency_orders, recency_days, monetary_total."
13015,"orders_last_60d, spend_last_90d, trend_spend_30_vs_90","spend_last_60d, frequency_orders, trend_orders_30_vs_90","Main churn-risk drivers: orders_last_60d, spend_last_90d, trend_spend_30_vs_90. Main factors reducing churn risk: spend_last_60d, frequency_orders, trend_orders_30_vs_90."
13016,"frequency_orders, monetary_total, trend_orders_30_vs_90","recency_days, trend_spend_30_vs_90, monetary_mean","Main churn-risk drivers: frequency_orders, monetary_total, trend_orders_30_vs_90. Main factors reducing churn risk: recency_days, trend_spend_30_vs_90, monetary_mean."
13018,"trend_orders_30_vs_90, spend_last_60d, orders_last_30d","frequency_orders, orders_last_60d, monetary_total","Main churn-risk drivers: trend_orders_30_vs_90, spend_last_60d, orders_last_30d. Main factors reducing churn risk: frequency_orders, orders_last_60d, monetary_total."
13021,"orders_last_60d, trend_orders_30_vs_90, monetary_total","trend_spend_30_vs_90, spend_last_60d, frequency_orders","Main churn-risk drivers: orders_last_60d, trend_orders_30_vs_90, monetary_total. Main factors reducing churn risk: trend_spend_30_vs_90, spend_last_60d, frequency_orders."
13023,"frequency_orders, monetary_total, trend_orders_30_vs_90","recency_days, trend_spend_30_vs_90, orders_last_30d","Main churn-risk drivers: frequency_orders, monetary_total, trend_orders_30_vs_90. Main factors reducing churn risk: recency_days, trend_spend_30_vs_90, orders_last_30d."
13026,"monetary_total, frequency_orders, orders_last_30d","recency_days, trend_orders_30_vs_90, orders_last_60d","Main churn-risk drivers: monetary_total, frequency_orders, orders_last_30d. Main factors reducing churn risk: recency_days, trend_orders_30_vs_90, orders_last_60d."
13027,"spend_last_60d, monetary_mean, monetary_median","monetary_total, frequency_orders, spend_last_90d","Main churn-risk drivers: spend_last_60d, monetary_mean, monetary_median. Main factors reducing churn risk: monetary_total, frequency_orders, spend_last_90d."
13029,"frequency_orders, monetary_total, trend_orders_30_vs_90","recency_days, trend_spend_30_vs_90, orders_last_30d","Main churn-risk drivers: frequency_orders, monetary_total, trend_orders_30_vs_90. Main factors reducing churn risk: recency_days, trend_spend_30_vs_90, orders_last_30d."
13030,"frequency_orders, recency_days, monetary_total","spend_last_60d, trend_orders_30_vs_90, monetary_mean","Main churn-risk drivers: frequency_orders, recency_days, monetary_total. Main factors reducing churn risk: spend_last_60d, trend_orders_30_vs_90, monetary_mean."
13033,"frequency_orders, recency_days, monetary_total","spend_last_60d, trend_orders_30_vs_90, orders_last_30d","Main churn-risk drivers: frequency_orders, recency_days, monetary_total. Main factors reducing churn risk: spend_last_60d, trend_orders_30_vs_90, orders_last_30d."
13034,"frequency_orders, recency_days, monetary_total","spend_last_60d, trend_orders_30_vs_90, monetary_mean","Main churn-risk drivers: frequency_orders, recency_days, monetary_total. Main factors reducing churn risk: spend_last_60d, trend_orders_30_vs_90, monetary_mean."
13035,"frequency_orders, monetary_total, recency_days","spend_last_60d, trend_orders_30_vs_90, orders_last_30d","Main churn-risk drivers: frequency_orders, monetary_total, recency_days. Main factors reducing churn risk: spend_last_60d, trend_orders_30_vs_90, orders_last_30d."
13037,"monetary_total, frequency_orders, trend_orders_30_vs_90","recency_days, trend_spend_30_vs_90, orders_last_30d","Main churn-risk drivers: monetary_total, frequency_orders, trend_orders_30_vs_90. Main factors reducing churn risk: recency_days, trend_spend_30_vs_90, orders_last_30d."
13038,"frequency_orders, monetary_total, orders_last_60d","spend_last_60d, trend_orders_30_vs_90, orders_last_30d","Main churn-risk drivers: frequency_orders, monetary_total, orders_last_60d. Main factors reducing churn risk: spend_last_60d, trend_orders_30_vs_90, orders_last_30d."
13043,"frequency_orders, recency_days, monetary_total","spend_last_60d, trend_orders_30_vs_90, orders_last_30d","Main churn-risk drivers: frequency_orders, recency_days, monetary_total. Main factors reducing churn risk: spend_last_60d, trend_orders_30_vs_90, orders_last_30d."
13044,"frequency_orders, recency_days, monetary_total","spend_last_60d, trend_orders_30_vs_90, orders_last_30d","Main churn-risk drivers: frequency_orders, recency_days, monetary_total. Main factors reducing churn risk: spend_last_60d, trend_orders_30_vs_90, orders_last_30d."
13045,"frequency_orders, monetary_total, orders_last_30d","recency_days, trend_orders_30_vs_90, orders_last_60d","Main churn-risk drivers: frequency_orders, monetary_total, orders_last_30d. Main factors reducing churn risk: recency_days, trend_orders_30_vs_90, orders_last_60d."
13046,"frequency_orders, monetary_total, recency_days","spend_last_60d, trend_orders_30_vs_90, monetary_mean","Main churn-risk drivers: frequency_orders, monetary_total, recency_days. Main factors reducing churn risk: spend_last_60d, trend_orders_30_vs_90, monetary_mean."
13047,"trend_orders_30_vs_90, spend_last_60d, orders_last_90d","frequency_orders, monetary_total, recency_days","Main churn-risk drivers: trend_orders_30_vs_90, spend_last_60d, orders_last_90d. Main factors reducing churn risk: frequency_orders, monetary_total, recency_days."
13048,"frequency_orders, orders_last_30d, trend_spend_30_vs_90","recency_days, trend_orders_30_vs_90, monetary_mean","Main churn-risk drivers: frequency_orders, orders_last_30d, trend_spend_30_vs_90. Main factors reducing churn risk: recency_days, trend_orders_30_vs_90, monetary_mean."
13049,"frequency_orders, recency_days, monetary_total","spend_last_60d, trend_orders_30_vs_90, orders_last_30d","Main churn-risk drivers: frequency_orders, recency_days, monetary_total. Main factors reducing churn risk: spend_last_60d, trend_orders_30_vs_90, orders_last_30d."
13050,"spend_last_60d, trend_orders_30_vs_90, orders_last_30d","frequency_orders, monetary_total, orders_last_60d","Main churn-risk drivers: spend_last_60d, trend_orders_30_vs_90, orders_last_30d. Main factors reducing churn risk: frequency_orders, monetary_total, orders_last_60d."
13052,"frequency_orders, monetary_total, orders_last_60d","spend_last_60d, trend_orders_30_vs_90, orders_last_30d","Main churn-risk drivers: frequency_orders, monetary_total, orders_last_60d. Main factors reducing churn risk: spend_last_60d, trend_orders_30_vs_90, orders_last_30d."
13055,"frequency_orders, monetary_total, orders_last_60d","spend_last_60d, trend_orders_30_vs_90, orders_last_30d","Main churn-risk drivers: frequency_orders, monetary_total, orders_last_60d. Main factors reducing churn risk: spend_last_60d, trend_orders_30_vs_90, orders_last_30d."
13058,"frequency_orders, monetary_total, orders_last_60d","trend_spend_30_vs_90, spend_last_60d, recency_days","Main churn-risk drivers: frequency_orders, monetary_total, orders_last_60d. Main factors reducing churn risk: trend_spend_30_vs_90, spend_last_60d, recency_days."
13059,"frequency_orders, monetary_total, orders_last_60d","spend_last_60d, trend_orders_30_vs_90, orders_last_30d","Main churn-risk drivers: frequency_orders, monetary_total, orders_last_60d. Main factors reducing churn risk: spend_last_60d, trend_orders_30_vs_90, orders_last_30d."
13060,"frequency_orders, monetary_total, orders_last_60d","spend_last_60d, trend_orders_30_vs_90, orders_last_30d","Main churn-risk drivers: frequency_orders, monetary_total, orders_last_60d. Main factors reducing churn risk: spend_last_60d, trend_orders_30_vs_90, orders_last_30d."
13062,"frequency_orders, monetary_total, orders_last_60d","spend_last_60d, trend_orders_30_vs_90, orders_last_30d","Main churn-risk drivers: frequency_orders, monetary_total, orders_last_60d. Main factors reducing churn risk: spend_last_60d, trend_orders_30_vs_90, orders_last_30d."
13064,"frequency_orders, orders_last_60d, monetary_total","trend_spend_30_vs_90, spend_last_60d, recency_days","Main churn-risk drivers: frequency_orders, orders_last_60d, monetary_total. Main factors reducing churn risk: trend_spend_30_vs_90, spend_last_60d, recency_days."
13065,"frequency_orders, recency_days, monetary_total","spend_last_60d, trend_orders_30_vs_90, monetary_mean","Main churn-risk drivers: frequency_orders, recency_days, monetary_total. Main factors reducing churn risk: spend_last_60d, trend_orders_30_vs_90, monetary_mean."
13068,"frequency_orders, recency_days, monetary_total","spend_last_60d, trend_orders_30_vs_90, orders_last_30d","Main churn-risk drivers: frequency_orders, recency_days, monetary_total. Main factors reducing churn risk: spend_last_60d, trend_orders_30_vs_90, orders_last_30d."
13069,"orders_last_30d, spend_last_60d, trend_orders_30_vs_90","frequency_orders, orders_last_60d, monetary_total","Main churn-risk drivers: orders_last_30d, spend_last_60d, trend_orders_30_vs_90. Main factors reducing churn risk: frequency_orders, orders_last_60d, monetary_total."
13070,"frequency_orders, monetary_total, orders_last_60d","spend_last_60d, trend_orders_30_vs_90, orders_last_30d","Main churn-risk drivers: frequency_orders, monetary_total, orders_last_60d. Main factors reducing churn risk: spend_last_60d, trend_orders_30_vs_90, orders_last_30d."
13072,"frequency_orders, monetary_total, recency_days","spend_last_60d, trend_orders_30_vs_90, orders_last_30d","Main churn-risk drivers: frequency_orders, monetary_total, recency_days. Main factors reducing churn risk: spend_last_60d, trend_orders_30_vs_90, orders_last_30d."
13075,"frequency_orders, spend_last_60d, monetary_total","recency_days, trend_spend_30_vs_90, spend_last_90d","Main churn-risk drivers: frequency_orders, spend_last_60d, monetary_total. Main factors reducing churn risk: recency_days, trend_spend_30_vs_90, spend_last_90d."
13077,"recency_days, monetary_total, orders_last_60d","spend_last_60d, trend_orders_30_vs_90, monetary_mean","Main churn-risk drivers: recency_days, monetary_total, orders_last_60d. Main factors reducing churn risk: spend_last_60d, trend_orders_30_vs_90, monetary_mean."
13078,"spend_last_60d, orders_last_30d, trend_orders_30_vs_90","frequency_orders, monetary_total, orders_last_60d","Main churn-risk drivers: spend_last_60d, orders_last_30d, trend_orders_30_vs_90. Main factors reducing churn risk: frequency_orders, monetary_total, orders_last_60d."
13079,"frequency_orders, monetary_total, orders_last_30d","orders_last_60d, recency_days, spend_last_60d","Main churn-risk drivers: frequency_orders, monetary_total, orders_last_30d. Main factors reducing churn risk: orders_last_60d, recency_days, spend_last_60d."
13080,"frequency_orders, monetary_total, orders_last_60d","trend_spend_30_vs_90, spend_last_60d, monetary_mean","Main churn-risk drivers: frequency_orders, monetary_total, orders_last_60d. Main factors reducing churn risk: trend_spend_30_vs_90, spend_last_60d, monetary_mean."
13081,"spend_last_60d, trend_orders_30_vs_90","monetary_total, frequency_orders, spend_last_90d","Main churn-risk drivers: spend_last_60d, trend_orders_30_vs_90. Main factors reducing churn risk: monetary_total, frequency_orders, spend_last_90d."
13082,"trend_orders_30_vs_90, orders_last_90d","frequency_orders, monetary_total, spend_last_90d","Main churn-risk drivers: trend_orders_30_vs_90, orders_last_90d. Main factors reducing churn risk: frequency_orders, monetary_total, spend_last_90d."
13085,"frequency_orders, monetary_total, orders_last_60d","trend_spend_30_vs_90, spend_last_60d, recency_days","Main churn-risk drivers: frequency_orders, monetary_total, orders_last_60d. Main factors reducing churn risk: trend_spend_30_vs_90, spend_last_60d, recency_days."
13089,"spend_last_60d, orders_last_30d, spend_last_30d","frequency_orders, monetary_total, orders_last_60d","Main churn-risk drivers: spend_last_60d, orders_last_30d, spend_last_30d. Main factors reducing churn risk: frequency_orders, monetary_total, orders_last_60d."
13090,"spend_last_60d, trend_orders_30_vs_90, orders_last_90d","frequency_orders, monetary_total, spend_last_90d","Main churn-risk drivers: spend_last_60d, trend_orders_30_vs_90, orders_last_90d. Main factors reducing churn risk: frequency_orders, monetary_total, spend_last_90d."
13092,"monetary_total, orders_last_60d, spend_last_90d","spend_last_60d, frequency_orders, trend_orders_30_vs_90","Main churn-risk drivers: monetary_total, orders_last_60d, spend_last_90d. Main factors reducing churn risk: spend_last_60d, frequency_orders, trend_orders_30_vs_90."
13093,"recency_days, orders_last_60d, spend_last_90d","monetary_total, frequency_orders, spend_last_60d","Main churn-risk drivers: recency_days, orders_last_60d, spend_last_90d. Main factors reducing churn risk: monetary_total, frequency_orders, spend_last_60d."
13094,"trend_orders_30_vs_90, monetary_median, spend_last_90d","frequency_orders, recency_days, trend_spend_30_vs_90","Main churn-risk drivers: trend_orders_30_vs_90, monetary_median, spend_last_90d. Main factors reducing churn risk: frequency_orders, recency_days, trend_spend_30_vs_90."
13097,"trend_orders_30_vs_90, spend_last_60d, orders_last_90d","frequency_orders, monetary_total, spend_last_90d","Main churn-risk drivers: trend_orders_30_vs_90, spend_last_60d, orders_last_90d. Main factors reducing churn risk: frequency_orders, monetary_total, spend_last_90d."
13098,"spend_last_60d, orders_last_30d, trend_orders_30_vs_90","frequency_orders, monetary_total, spend_last_90d","Main churn-risk drivers: spend_last_60d, orders_last_30d, trend_orders_30_vs_90. Main factors reducing churn risk: frequency_orders, monetary_total, spend_last_90d."
13099,"frequency_orders, monetary_total, monetary_mean","recency_days, trend_orders_30_vs_90, orders_last_60d","Main churn-risk drivers: frequency_orders, monetary_total, monetary_mean. Main factors reducing churn risk: recency_days, trend_orders_30_vs_90, orders_last_60d."
13101,"frequency_orders, monetary_total, orders_last_60d","spend_last_60d, trend_orders_30_vs_90, monetary_mean","Main churn-risk drivers: frequency_orders, monetary_total, orders_last_60d. Main factors reducing churn risk: spend_last_60d, trend_orders_30_vs_90, monetary_mean."
13102,"trend_orders_30_vs_90, spend_last_60d, orders_last_90d","frequency_orders, monetary_total, orders_last_60d","Main churn-risk drivers: trend_orders_30_vs_90, spend_last_60d, orders_last_90d. Main factors reducing churn risk: frequency_orders, monetary_total, orders_last_60d."
13104,"monetary_total, frequency_orders, trend_orders_30_vs_90","recency_days, trend_spend_30_vs_90, spend_last_60d","Main churn-risk drivers: monetary_total, frequency_orders, trend_orders_30_vs_90. Main factors reducing churn risk: recency_days, trend_spend_30_vs_90, spend_last_60d."
13106,"frequency_orders, monetary_total, trend_orders_30_vs_90","recency_days, trend_spend_30_vs_90, spend_last_60d","Main churn-risk drivers: frequency_orders, monetary_total, trend_orders_30_vs_90. Main factors reducing churn risk: recency_days, trend_spend_30_vs_90, spend_last_60d."
13107,"frequency_orders, orders_last_60d, monetary_total","trend_spend_30_vs_90, spend_last_60d, orders_last_30d","Main churn-risk drivers: frequency_orders, orders_last_60d, monetary_total. Main factors reducing churn risk: trend_spend_30_vs_90, spend_last_60d, orders_last_30d."
13108,"frequency_orders, recency_days, monetary_total","spend_last_60d, trend_orders_30_vs_90, orders_last_30d","Main churn-risk drivers: frequency_orders, recency_days, monetary_total. Main factors reducing churn risk: spend_last_60d, trend_orders_30_vs_90, orders_last_30d."
13109,"frequency_orders, monetary_total, orders_last_60d","trend_spend_30_vs_90, spend_last_60d, recency_days","Main churn-risk drivers: frequency_orders, monetary_total, orders_last_60d. Main factors reducing churn risk: trend_spend_30_vs_90, spend_last_60d, recency_days."
13110,"trend_orders_30_vs_90, monetary_total, spend_last_90d","frequency_orders, orders_last_60d, recency_days","Main churn-risk drivers: trend_orders_30_vs_90, monetary_total, spend_last_90d. Main factors reducing churn risk: frequency_orders, orders_last_60d, recency_days."
13113,"spend_last_60d, trend_orders_30_vs_90, orders_last_30d","frequency_orders, monetary_total, orders_last_60d","Main churn-risk drivers: spend_last_60d, trend_orders_30_vs_90, orders_last_30d. Main factors reducing churn risk: frequency_orders, monetary_total, orders_last_60d."
13115,"frequency_orders, orders_last_60d, monetary_total","spend_last_60d, trend_orders_30_vs_90, orders_last_30d","Main churn-risk drivers: frequency_orders, orders_last_60d, monetary_total. Main factors reducing churn risk: spend_last_60d, trend_orders_30_vs_90, orders_last_30d."
13116,"frequency_orders, monetary_total, trend_orders_30_vs_90","recency_days, trend_spend_30_vs_90, orders_last_30d","Main churn-risk drivers: frequency_orders, monetary_total, trend_orders_30_vs_90. Main factors reducing churn risk: recency_days, trend_spend_30_vs_90, orders_last_30d."
13117,"monetary_total, trend_orders_30_vs_90, spend_last_90d","frequency_orders, recency_days, trend_spend_30_vs_90","Main churn-risk drivers: monetary_total, trend_orders_30_vs_90, spend_last_90d. Main factors reducing churn risk: frequency_orders, recency_days, trend_spend_30_vs_90."
13118,"orders_last_60d, monetary_total, frequency_orders","spend_last_60d, trend_orders_30_vs_90, orders_last_30d","Main churn-risk drivers: orders_last_60d, monetary_total, frequency_orders. Main factors reducing churn risk: spend_last_60d, trend_orders_30_vs_90, orders_last_30d."
13120,"frequency_orders, monetary_total, orders_last_60d","spend_last_60d, trend_orders_30_vs_90, orders_last_30d","Main churn-risk drivers: frequency_orders, monetary_total, orders_last_60d. Main factors reducing churn risk: spend_last_60d, trend_orders_30_vs_90, orders_last_30d."
13121,"frequency_orders, monetary_total, recency_days","spend_last_60d, trend_orders_30_vs_90, monetary_mean","Main churn-risk drivers: frequency_orders, monetary_total, recency_days. Main factors reducing churn risk: spend_last_60d, trend_orders_30_vs_90, monetary_mean."
13122,"frequency_orders, monetary_total, spend_last_90d","recency_days, spend_last_60d, trend_orders_30_vs_90","Main churn-risk drivers: frequency_orders, monetary_total, spend_last_90d. Main factors reducing churn risk: recency_days, spend_last_60d, trend_orders_30_vs_90."
13124,"frequency_orders, orders_last_60d, recency_days","monetary_total, spend_last_60d, trend_orders_30_vs_90","Main churn-risk drivers: frequency_orders, orders_last_60d, recency_days. Main factors reducing churn risk: monetary_total, spend_last_60d, trend_orders_30_vs_90."
13126,"orders_last_60d, recency_days, monetary_total","frequency_orders, spend_last_60d, trend_orders_30_vs_90","Main churn-risk drivers: orders_last_60d, recency_days, monetary_total. Main factors reducing churn risk: frequency_orders, spend_last_60d, trend_orders_30_vs_90."
13130,"frequency_orders, monetary_total, orders_last_30d","recency_days, spend_last_60d, trend_orders_30_vs_90","Main churn-risk drivers: frequency_orders, monetary_total, orders_last_30d. Main factors reducing churn risk: recency_days, spend_last_60d, trend_orders_30_vs_90."
13131,"frequency_orders, monetary_total, orders_last_60d","spend_last_60d, trend_orders_30_vs_90, orders_last_30d","Main churn-risk drivers: frequency_orders, monetary_total, orders_last_60d. Main factors reducing churn risk: spend_last_60d, trend_orders_30_vs_90, orders_last_30d."
13132,"frequency_orders, monetary_total, recency_days","spend_last_60d, trend_orders_30_vs_90, orders_last_30d","Main churn-risk drivers: frequency_orders, monetary_total, recency_days. Main factors reducing churn risk: spend_last_60d, trend_orders_30_vs_90, orders_last_30d."
13133,"frequency_orders, monetary_total, recency_days","spend_last_60d, trend_orders_30_vs_90, orders_last_30d","Main churn-risk drivers: frequency_orders, monetary_total, recency_days. Main factors reducing churn risk: spend_last_60d, trend_orders_30_vs_90, orders_last_30d."
13134,"orders_last_60d, monetary_total, frequency_orders","spend_last_60d, trend_orders_30_vs_90, orders_last_30d","Main churn-risk drivers: orders_last_60d, monetary_total, frequency_orders. Main factors reducing churn risk: spend_last_60d, trend_orders_30_vs_90, orders_last_30d."
13135,"monetary_mean, monetary_median, frequency_orders","monetary_total, spend_last_60d, trend_orders_30_vs_90","Main churn-risk drivers: monetary_mean, monetary_median, frequency_orders. Main factors reducing churn risk: monetary_total, spend_last_60d, trend_orders_30_vs_90."
13136,"trend_orders_30_vs_90, frequency_orders, spend_last_60d","orders_last_60d, recency_days, trend_spend_30_vs_90","Main churn-risk drivers: trend_orders_30_vs_90, frequency_orders, spend_last_60d. Main factors reducing churn risk: orders_last_60d, recency_days, trend_spend_30_vs_90."
13137,"orders_last_30d, spend_last_60d, spend_last_30d","orders_last_60d, frequency_orders, recency_days","Main churn-risk drivers: orders_last_30d, spend_last_60d, spend_last_30d. Main factors reducing churn risk: orders_last_60d, frequency_orders, recency_days."
13138,"monetary_total, frequency_orders, trend_orders_30_vs_90","recency_days, trend_spend_30_vs_90, spend_last_60d","Main churn-risk drivers: monetary_total, frequency_orders, trend_orders_30_vs_90. Main factors reducing churn risk: recency_days, trend_spend_30_vs_90, spend_last_60d."
13139,"frequency_orders, orders_last_30d, trend_spend_30_vs_90","recency_days, trend_orders_30_vs_90, orders_last_60d","Main churn-risk drivers: frequency_orders, orders_last_30d, trend_spend_30_vs_90. Main factors reducing churn risk: recency_days, trend_orders_30_vs_90, orders_last_60d."
13140,"monetary_total, orders_last_30d, frequency_orders","orders_last_60d, recency_days, trend_orders_30_vs_90","Main churn-risk drivers: monetary_total, orders_last_30d, frequency_orders. Main factors reducing churn risk: orders_last_60d, recency_days, trend_orders_30_vs_90."
13141,"orders_last_60d, spend_last_90d, recency_days","spend_last_60d, frequency_orders, trend_orders_30_vs_90","Main churn-risk drivers: orders_last_60d, spend_last_90d, recency_days. Main factors reducing churn risk: spend_last_60d, frequency_orders, trend_orders_30_vs_90."
13144,"frequency_orders, recency_days, monetary_total","spend_last_60d, trend_orders_30_vs_90, orders_last_30d","Main churn-risk drivers: frequency_orders, recency_days, monetary_total. Main factors reducing churn risk: spend_last_60d, trend_orders_30_vs_90, orders_last_30d."
13145,"monetary_total, frequency_orders, orders_last_30d","orders_last_60d, recency_days, spend_last_60d","Main churn-risk drivers: monetary_total, frequency_orders, orders_last_30d. Main factors reducing churn risk: orders_last_60d, recency_days, spend_last_60d."
13147,"frequency_orders, monetary_total, orders_last_30d","recency_days, trend_orders_30_vs_90, spend_last_60d","Main churn-risk drivers: frequency_orders, monetary_total, orders_last_30d. Main factors reducing churn risk: recency_days, trend_orders_30_vs_90, spend_last_60d."
13148,"trend_orders_30_vs_90, spend_last_60d, orders_last_90d","frequency_orders, orders_last_60d, monetary_total","Main churn-risk drivers: trend_orders_30_vs_90, spend_last_60d, orders_last_90d. Main factors reducing churn risk: frequency_orders, orders_last_60d, monetary_total."
13149,"frequency_orders, spend_last_60d, monetary_total","orders_last_60d, recency_days, monetary_mean","Main churn-risk drivers: frequency_orders, spend_last_60d, monetary_total. Main factors reducing churn risk: orders_last_60d, recency_days, monetary_mean."
13151,"frequency_orders, recency_days, orders_last_60d","spend_last_60d, trend_orders_30_vs_90, orders_last_30d","Main churn-risk drivers: frequency_orders, recency_days, orders_last_60d. Main factors reducing churn risk: spend_last_60d, trend_orders_30_vs_90, orders_last_30d."
13155,"recency_days, frequency_orders, monetary_total","spend_last_60d, trend_orders_30_vs_90, monetary_mean","Main churn-risk drivers: recency_days, frequency_orders, monetary_total. Main factors reducing churn risk: spend_last_60d, trend_orders_30_vs_90, monetary_mean."
13157,"monetary_total, frequency_orders, trend_orders_30_vs_90","recency_days, trend_spend_30_vs_90, orders_last_30d","Main churn-risk drivers: monetary_total, frequency_orders, trend_orders_30_vs_90. Main factors reducing churn risk: recency_days, trend_spend_30_vs_90, orders_last_30d."
13158,"orders_last_30d, monetary_total, spend_last_60d","orders_last_60d, recency_days, frequency_orders","Main churn-risk drivers: orders_last_30d, monetary_total, spend_last_60d. Main factors reducing churn risk: orders_last_60d, recency_days, frequency_orders."
13159,"frequency_orders, orders_last_30d, monetary_total","orders_last_60d, recency_days, trend_orders_30_vs_90","Main churn-risk drivers: frequency_orders, orders_last_30d, monetary_total. Main factors reducing churn risk: orders_last_60d, recency_days, trend_orders_30_vs_90."
13161,"frequency_orders, recency_days, monetary_total","spend_last_60d, trend_orders_30_vs_90, monetary_mean","Main churn-risk drivers: frequency_orders, recency_days, monetary_total. Main factors reducing churn risk: spend_last_60d, trend_orders_30_vs_90, monetary_mean."
13162,"trend_orders_30_vs_90, spend_last_90d, spend_last_60d","recency_days, trend_spend_30_vs_90, frequency_orders","Main churn-risk drivers: trend_orders_30_vs_90, spend_last_90d, spend_last_60d. Main factors reducing churn risk: recency_days, trend_spend_30_vs_90, frequency_orders."
13165,"frequency_orders, recency_days, monetary_total","spend_last_60d, trend_orders_30_vs_90, orders_last_30d","Main churn-risk drivers: frequency_orders, recency_days, monetary_total. Main factors reducing churn risk: spend_last_60d, trend_orders_30_vs_90, orders_last_30d."
13166,"frequency_orders, recency_days, monetary_total","spend_last_60d, trend_orders_30_vs_90, monetary_mean","Main churn-risk drivers: frequency_orders, recency_days, monetary_total. Main factors reducing churn risk: spend_last_60d, trend_orders_30_vs_90, monetary_mean."
13167,"frequency_orders, monetary_total, trend_orders_30_vs_90","orders_last_60d, recency_days, trend_spend_30_vs_90","Main churn-risk drivers: frequency_orders, monetary_total, trend_orders_30_vs_90. Main factors reducing churn risk: orders_last_60d, recency_days, trend_spend_30_vs_90."
13168,"orders_last_60d, monetary_total, frequency_orders","spend_last_60d, trend_orders_30_vs_90, monetary_mean","Main churn-risk drivers: orders_last_60d, monetary_total, frequency_orders. Main factors reducing churn risk: spend_last_60d, trend_orders_30_vs_90, monetary_mean."
13169,"frequency_orders, monetary_total, orders_last_60d","spend_last_60d, trend_orders_30_vs_90, orders_last_30d","Main churn-risk drivers: frequency_orders, monetary_total, orders_last_60d. Main factors reducing churn risk: spend_last_60d, trend_orders_30_vs_90, orders_last_30d."
13171,"frequency_orders, recency_days, monetary_total","spend_last_60d, trend_orders_30_vs_90, monetary_mean","Main churn-risk drivers: frequency_orders, recency_days, monetary_total. Main factors reducing churn risk: spend_last_60d, trend_orders_30_vs_90, monetary_mean."
13173,"frequency_orders, recency_days, monetary_total","spend_last_60d, trend_orders_30_vs_90, monetary_mean","Main churn-risk drivers: frequency_orders, recency_days, monetary_total. Main factors reducing churn risk: spend_last_60d, trend_orders_30_vs_90, monetary_mean."
13174,"recency_days, frequency_orders, orders_last_60d","spend_last_60d, monetary_total, trend_orders_30_vs_90","Main churn-risk drivers: recency_days, frequency_orders, orders_last_60d. Main factors reducing churn risk: spend_last_60d, monetary_total, trend_orders_30_vs_90."
13178,"spend_last_60d, trend_orders_30_vs_90, orders_last_90d","frequency_orders, monetary_total, orders_last_60d","Main churn-risk drivers: spend_last_60d, trend_orders_30_vs_90, orders_last_90d. Main factors reducing churn risk: frequency_orders, monetary_total, orders_last_60d."
13183,"trend_orders_30_vs_90, orders_last_30d, spend_last_60d","frequency_orders, orders_last_60d, recency_days","Main churn-risk drivers: trend_orders_30_vs_90, orders_last_30d, spend_last_60d. Main factors reducing churn risk: frequency_orders, orders_last_60d, recency_days."
13184,"trend_orders_30_vs_90, orders_last_90d, monetary_total","frequency_orders, orders_last_60d, recency_days","Main churn-risk drivers: trend_orders_30_vs_90, orders_last_90d, monetary_total. Main factors reducing churn risk: frequency_orders, orders_last_60d, recency_days."
13185,"frequency_orders, monetary_total, recency_days","spend_last_60d, trend_orders_30_vs_90, orders_last_30d","Main churn-risk drivers: frequency_orders, monetary_total, recency_days. Main factors reducing churn risk: spend_last_60d, trend_orders_30_vs_90, orders_last_30d."
13186,"frequency_orders, spend_last_60d, orders_last_30d","orders_last_60d, recency_days, spend_last_90d","Main churn-risk drivers: frequency_orders, spend_last_60d, orders_last_30d. Main factors reducing churn risk: orders_last_60d, recency_days, spend_last_90d."
13187,"frequency_orders, recency_days, monetary_total","spend_last_60d, trend_orders_30_vs_90, monetary_mean","Main churn-risk drivers: frequency_orders, recency_days, monetary_total. Main factors reducing churn risk: spend_last_60d, trend_orders_30_vs_90, monetary_mean."
13189,"frequency_orders, monetary_total, orders_last_30d","recency_days, trend_orders_30_vs_90, spend_last_60d","Main churn-risk drivers: frequency_orders, monetary_total, orders_last_30d. Main factors reducing churn risk: recency_days, trend_orders_30_vs_90, spend_last_60d."
13192,"frequency_orders, monetary_total, orders_last_30d","recency_days, trend_orders_30_vs_90, monetary_mean","Main churn-risk drivers: frequency_orders, monetary_total, orders_last_30d. Main factors reducing churn risk: recency_days, trend_orders_30_vs_90, monetary_mean."
13194,"frequency_orders, monetary_total, trend_orders_30_vs_90","recency_days, trend_spend_30_vs_90, spend_last_60d","Main churn-risk drivers: frequency_orders, monetary_total, trend_orders_30_vs_90. Main factors reducing churn risk: recency_days, trend_spend_30_vs_90, spend_last_60d."
13196,"frequency_orders, monetary_total, recency_days","spend_last_60d, trend_orders_30_vs_90, monetary_mean","Main churn-risk drivers: frequency_orders, monetary_total, recency_days. Main factors reducing churn risk: spend_last_60d, trend_orders_30_vs_90, monetary_mean."
13198,"trend_orders_30_vs_90, spend_last_60d, orders_last_90d","frequency_orders, monetary_total, recency_days","Main churn-risk drivers: trend_orders_30_vs_90, spend_last_60d, orders_last_90d. Main factors reducing churn risk: frequency_orders, monetary_total, recency_days."
13199,"orders_last_30d, trend_orders_30_vs_90, orders_last_90d","frequency_orders, orders_last_60d, monetary_total","Main churn-risk drivers: orders_last_30d, trend_orders_30_vs_90, orders_last_90d. Main factors reducing churn risk: frequency_orders, orders_last_60d, monetary_total."
13200,"frequency_orders, monetary_total, trend_orders_30_vs_90","recency_days, trend_spend_30_vs_90, orders_last_30d","Main churn-risk drivers: frequency_orders, monetary_total, trend_orders_30_vs_90. Main factors reducing churn risk: recency_days, trend_spend_30_vs_90, orders_last_30d."
13203,"frequency_orders, monetary_total, trend_orders_30_vs_90","recency_days, trend_spend_30_vs_90, spend_last_60d","Main churn-risk drivers: frequency_orders, monetary_total, trend_orders_30_vs_90. Main factors reducing churn risk: recency_days, trend_spend_30_vs_90, spend_last_60d."
13207,"frequency_orders, monetary_total, orders_last_60d","trend_spend_30_vs_90, spend_last_60d, recency_days","Main churn-risk drivers: frequency_orders, monetary_total, orders_last_60d. Main factors reducing churn risk: trend_spend_30_vs_90, spend_last_60d, recency_days."
13208,"orders_last_60d, monetary_total, trend_orders_30_vs_90","trend_spend_30_vs_90, spend_last_60d, frequency_orders","Main churn-risk drivers: orders_last_60d, monetary_total, trend_orders_30_vs_90. Main factors reducing churn risk: trend_spend_30_vs_90, spend_last_60d, frequency_orders."
13209,"spend_last_60d, trend_orders_30_vs_90, orders_last_90d","monetary_total, frequency_orders, orders_last_60d","Main churn-risk drivers: spend_last_60d, trend_orders_30_vs_90, orders_last_90d. Main factors reducing churn risk: monetary_total, frequency_orders, orders_last_60d."
13210,"frequency_orders, monetary_total, orders_last_30d","recency_days, trend_orders_30_vs_90, orders_last_60d","Main churn-risk drivers: frequency_orders, monetary_total, orders_last_30d. Main factors reducing churn risk: recency_days, trend_orders_30_vs_90, orders_last_60d."
13211,"frequency_orders, monetary_total, spend_last_60d","recency_days, trend_orders_30_vs_90, orders_last_60d","Main churn-risk drivers: frequency_orders, monetary_total, spend_last_60d. Main factors reducing churn risk: recency_days, trend_orders_30_vs_90, orders_last_60d."
13213,"monetary_total, trend_orders_30_vs_90, spend_last_90d","recency_days, trend_spend_30_vs_90, frequency_orders","Main churn-risk drivers: monetary_total, trend_orders_30_vs_90, spend_last_90d. Main factors reducing churn risk: recency_days, trend_spend_30_vs_90, frequency_orders."
13216,"frequency_orders, monetary_total, recency_days","spend_last_60d, trend_orders_30_vs_90, orders_last_30d","Main churn-risk drivers: frequency_orders, monetary_total, recency_days. Main factors reducing churn risk: spend_last_60d, trend_orders_30_vs_90, orders_last_30d."
13217,"monetary_total, trend_orders_30_vs_90, frequency_orders","orders_last_60d, recency_days, trend_spend_30_vs_90","Main churn-risk drivers: monetary_total, trend_orders_30_vs_90, frequency_orders. Main factors reducing churn risk: orders_last_60d, recency_days, trend_spend_30_vs_90."
13218,"frequency_orders, monetary_total, trend_orders_30_vs_90","recency_days, trend_spend_30_vs_90, spend_last_60d","Main churn-risk drivers: frequency_orders, monetary_total, trend_orders_30_vs_90. Main factors reducing churn risk: recency_days, trend_spend_30_vs_90, spend_last_60d."
13220,"orders_last_60d, monetary_total, frequency_orders","spend_last_60d, trend_orders_30_vs_90, orders_last_30d","Main churn-risk drivers: orders_last_60d, monetary_total, frequency_orders. Main factors reducing churn risk: spend_last_60d, trend_orders_30_vs_90, orders_last_30d."
13221,"frequency_orders, orders_last_60d, monetary_total","spend_last_60d, trend_orders_30_vs_90, monetary_mean","Main churn-risk drivers: frequency_orders, orders_last_60d, monetary_total. Main factors reducing churn risk: spend_last_60d, trend_orders_30_vs_90, monetary_mean."
13223,"frequency_orders, monetary_total, orders_last_60d","spend_last_60d, trend_orders_30_vs_90, orders_last_30d","Main churn-risk drivers: frequency_orders, monetary_total, orders_last_60d. Main factors reducing churn risk: spend_last_60d, trend_orders_30_vs_90, orders_last_30d."
13224,"frequency_orders, orders_last_60d, trend_orders_30_vs_90","spend_last_90d, trend_spend_30_vs_90, spend_last_60d","Main churn-risk drivers: frequency_orders, orders_last_60d, trend_orders_30_vs_90. Main factors reducing churn risk: spend_last_90d, trend_spend_30_vs_90, spend_last_60d."
13225,"monetary_mean, monetary_median, trend_orders_30_vs_90","monetary_total, frequency_orders, recency_days","Main churn-risk drivers: monetary_mean, monetary_median, trend_orders_30_vs_90. Main factors reducing churn risk: monetary_total, frequency_orders, recency_days."
13226,"frequency_orders, monetary_total, recency_days","spend_last_60d, trend_orders_30_vs_90, monetary_mean","Main churn-risk drivers: frequency_orders, monetary_total, recency_days. Main factors reducing churn risk: spend_last_60d, trend_orders_30_vs_90, monetary_mean."
13227,"frequency_orders, monetary_total, orders_last_60d","spend_last_60d, trend_orders_30_vs_90, orders_last_30d","Main churn-risk drivers: frequency_orders, monetary_total, orders_last_60d. Main factors reducing churn risk: spend_last_60d, trend_orders_30_vs_90, orders_last_30d."
13229,"frequency_orders, monetary_total, orders_last_60d","spend_last_60d, trend_orders_30_vs_90, orders_last_30d","Main churn-risk drivers: frequency_orders, monetary_total, orders_last_60d. Main factors reducing churn risk: spend_last_60d, trend_orders_30_vs_90, orders_last_30d."
13230,"trend_orders_30_vs_90, orders_last_90d, spend_last_90d","frequency_orders, orders_last_60d, recency_days","Main churn-risk drivers: trend_orders_30_vs_90, orders_last_90d, spend_last_90d. Main factors reducing churn risk: frequency_orders, orders_last_60d, recency_days."
13232,"monetary_total, orders_last_30d, trend_spend_30_vs_90","frequency_orders, recency_days, trend_orders_30_vs_90","Main churn-risk drivers: monetary_total, orders_last_30d, trend_spend_30_vs_90. Main factors reducing churn risk: frequency_orders, recency_days, trend_orders_30_vs_90."
13233,"frequency_orders, recency_days, monetary_total","spend_last_60d, trend_orders_30_vs_90, orders_last_30d","Main churn-risk drivers: frequency_orders, recency_days, monetary_total. Main factors reducing churn risk: spend_last_60d, trend_orders_30_vs_90, orders_last_30d."
13235,"frequency_orders, orders_last_60d, monetary_total","spend_last_60d, trend_orders_30_vs_90, orders_last_30d","Main churn-risk drivers: frequency_orders, orders_last_60d, monetary_total. Main factors reducing churn risk: spend_last_60d, trend_orders_30_vs_90, orders_last_30d."
13236,"frequency_orders, monetary_total, orders_last_30d","recency_days, trend_orders_30_vs_90, orders_last_60d","Main churn-risk drivers: frequency_orders, monetary_total, orders_last_30d. Main factors reducing churn risk: recency_days, trend_orders_30_vs_90, orders_last_60d."
13238,"frequency_orders, monetary_total, orders_last_60d","trend_spend_30_vs_90, spend_last_60d, recency_days","Main churn-risk drivers: frequency_orders, monetary_total, orders_last_60d. Main factors reducing churn risk: trend_spend_30_vs_90, spend_last_60d, recency_days."
13239,"frequency_orders, monetary_total, recency_days","spend_last_60d, trend_orders_30_vs_90, orders_last_30d","Main churn-risk drivers: frequency_orders, monetary_total, recency_days. Main factors reducing churn risk: spend_last_60d, trend_orders_30_vs_90, orders_last_30d."
13240,"monetary_total, orders_last_30d, spend_last_90d","recency_days, frequency_orders, spend_last_60d","Main churn-risk drivers: monetary_total, orders_last_30d, spend_last_90d. Main factors reducing churn risk: recency_days, frequency_orders, spend_last_60d."
13242,"monetary_total, frequency_orders, orders_last_30d","recency_days, trend_orders_30_vs_90, spend_last_60d","Main churn-risk drivers: monetary_total, frequency_orders, orders_last_30d. Main factors reducing churn risk: recency_days, trend_orders_30_vs_90, spend_last_60d."
13243,"frequency_orders, monetary_total, orders_last_60d","spend_last_60d, trend_orders_30_vs_90, monetary_mean","Main churn-risk drivers: frequency_orders, monetary_total, orders_last_60d. Main factors reducing churn risk: spend_last_60d, trend_orders_30_vs_90, monetary_mean."
13244,"frequency_orders, monetary_total, orders_last_30d","recency_days, trend_orders_30_vs_90, spend_last_60d","Main churn-risk drivers: frequency_orders, monetary_total, orders_last_30d. Main factors reducing churn risk: recency_days, trend_orders_30_vs_90, spend_last_60d."
13246,"orders_last_60d, trend_orders_30_vs_90, spend_last_90d","frequency_orders, trend_spend_30_vs_90, spend_last_60d","Main churn-risk drivers: orders_last_60d, trend_orders_30_vs_90, spend_last_90d. Main factors reducing churn risk: frequency_orders, trend_spend_30_vs_90, spend_last_60d."
13248,"frequency_orders, monetary_total, trend_orders_30_vs_90","recency_days, trend_spend_30_vs_90, spend_last_60d","Main churn-risk drivers: frequency_orders, monetary_total, trend_orders_30_vs_90. Main factors reducing churn risk: recency_days, trend_spend_30_vs_90, spend_last_60d."
13249,"orders_last_30d, monetary_total, frequency_orders","orders_last_60d, recency_days, trend_orders_30_vs_90","Main churn-risk drivers: orders_last_30d, monetary_total, frequency_orders. Main factors reducing churn risk: orders_last_60d, recency_days, trend_orders_30_vs_90."
13253,"frequency_orders, orders_last_60d, monetary_total","trend_spend_30_vs_90, spend_last_60d, recency_days","Main churn-risk drivers: frequency_orders, orders_last_60d, monetary_total. Main factors reducing churn risk: trend_spend_30_vs_90, spend_last_60d, recency_days."
13255,"frequency_orders, recency_days, monetary_total","spend_last_60d, trend_orders_30_vs_90, orders_last_30d","Main churn-risk drivers: frequency_orders, recency_days, monetary_total. Main factors reducing churn risk: spend_last_60d, trend_orders_30_vs_90, orders_last_30d."
13258,"frequency_orders, monetary_total, orders_last_60d","spend_last_60d, trend_orders_30_vs_90, monetary_mean","Main churn-risk drivers: frequency_orders, monetary_total, orders_last_60d. Main factors reducing churn risk: spend_last_60d, trend_orders_30_vs_90, monetary_mean."
13261,"frequency_orders, recency_days, orders_last_60d","spend_last_60d, trend_orders_30_vs_90, orders_last_30d","Main churn-risk drivers: frequency_orders, recency_days, orders_last_60d. Main factors reducing churn risk: spend_last_60d, trend_orders_30_vs_90, orders_last_30d."
13262,"frequency_orders, monetary_total, recency_days","spend_last_60d, trend_orders_30_vs_90, orders_last_30d","Main churn-risk drivers: frequency_orders, monetary_total, recency_days. Main factors reducing churn risk: spend_last_60d, trend_orders_30_vs_90, orders_last_30d."
13263,"orders_last_30d, trend_orders_30_vs_90, spend_last_60d","frequency_orders, orders_last_60d, monetary_total","Main churn-risk drivers: orders_last_30d, trend_orders_30_vs_90, spend_last_60d. Main factors reducing churn risk: frequency_orders, orders_last_60d, monetary_total."
13265,"orders_last_60d, frequency_orders, spend_last_90d","spend_last_60d, trend_orders_30_vs_90, orders_last_30d","Main churn-risk drivers: orders_last_60d, frequency_orders, spend_last_90d. Main factors reducing churn risk: spend_last_60d, trend_orders_30_vs_90, orders_last_30d."
13266,"orders_last_30d, trend_orders_30_vs_90, orders_last_90d","frequency_orders, recency_days, monetary_total","Main churn-risk drivers: orders_last_30d, trend_orders_30_vs_90, orders_last_90d. Main factors reducing churn risk: frequency_orders, recency_days, monetary_total."
13267,"orders_last_30d, spend_last_60d, trend_orders_30_vs_90","frequency_orders, orders_last_60d, monetary_total","Main churn-risk drivers: orders_last_30d, spend_last_60d, trend_orders_30_vs_90. Main factors reducing churn risk: frequency_orders, orders_last_60d, monetary_total."
13268,"orders_last_60d, trend_orders_30_vs_90, spend_last_90d","frequency_orders, trend_spend_30_vs_90, spend_last_60d","Main churn-risk drivers: orders_last_60d, trend_orders_30_vs_90, spend_last_90d. Main factors reducing churn risk: frequency_orders, trend_spend_30_vs_90, spend_last_60d."
13269,"trend_orders_30_vs_90, orders_last_30d, spend_last_60d","frequency_orders, orders_last_60d, monetary_total","Main churn-risk drivers: trend_orders_30_vs_90, orders_last_30d, spend_last_60d. Main factors reducing churn risk: frequency_orders, orders_last_60d, monetary_total."
13270,"monetary_mean, monetary_median, frequency_orders","spend_last_60d, trend_orders_30_vs_90, orders_last_30d","Main churn-risk drivers: monetary_mean, monetary_median, frequency_orders. Main factors reducing churn risk: spend_last_60d, trend_orders_30_vs_90, orders_last_30d."
13273,"frequency_orders, monetary_total, orders_last_30d","recency_days, trend_orders_30_vs_90, spend_last_60d","Main churn-risk drivers: frequency_orders, monetary_total, orders_last_30d. Main factors reducing churn risk: recency_days, trend_orders_30_vs_90, spend_last_60d."
13276,"frequency_orders, monetary_total, orders_last_30d","recency_days, trend_orders_30_vs_90, spend_last_60d","Main churn-risk drivers: frequency_orders, monetary_total, orders_last_30d. Main factors reducing churn risk: recency_days, trend_orders_30_vs_90, spend_last_60d."
13277,"frequency_orders, monetary_total, orders_last_30d","orders_last_60d, recency_days, spend_last_60d","Main churn-risk drivers: frequency_orders, monetary_total, orders_last_30d. Main factors reducing churn risk: orders_last_60d, recency_days, spend_last_60d."
13280,"monetary_total, frequency_orders, trend_orders_30_vs_90","recency_days, trend_spend_30_vs_90, spend_last_60d","Main churn-risk drivers: monetary_total, frequency_orders, trend_orders_30_vs_90. Main factors reducing churn risk: recency_days, trend_spend_30_vs_90, spend_last_60d."
13282,"frequency_orders, orders_last_60d, monetary_total","trend_spend_30_vs_90, spend_last_60d, recency_days","Main churn-risk drivers: frequency_orders, orders_last_60d, monetary_total. Main factors reducing churn risk: trend_spend_30_vs_90, spend_last_60d, recency_days."
13283,"frequency_orders, monetary_total, orders_last_60d","spend_last_60d, trend_orders_30_vs_90, monetary_mean","Main churn-risk drivers: frequency_orders, monetary_total, orders_last_60d. Main factors reducing churn risk: spend_last_60d, trend_orders_30_vs_90, monetary_mean."
13284,"frequency_orders, recency_days, monetary_total","spend_last_60d, trend_orders_30_vs_90, orders_last_30d","Main churn-risk drivers: frequency_orders, recency_days, monetary_total. Main factors reducing churn risk: spend_last_60d, trend_orders_30_vs_90, orders_last_30d."
13285,"orders_last_60d, frequency_orders, trend_orders_30_vs_90","trend_spend_30_vs_90, spend_last_60d, monetary_total","Main churn-risk drivers: orders_last_60d, frequency_orders, trend_orders_30_vs_90. Main factors reducing churn risk: trend_spend_30_vs_90, spend_last_60d, monetary_total."
13291,"frequency_orders, monetary_total, orders_last_60d","trend_spend_30_vs_90, spend_last_60d, recency_days","Main churn-risk drivers: frequency_orders, monetary_total, orders_last_60d. Main factors reducing churn risk: trend_spend_30_vs_90, spend_last_60d, recency_days."
13292,"frequency_orders, monetary_total, recency_days","spend_last_60d, trend_orders_30_vs_90, orders_last_30d","Main churn-risk drivers: frequency_orders, monetary_total, recency_days. Main factors reducing churn risk: spend_last_60d, trend_orders_30_vs_90, orders_last_30d."
13294,"frequency_orders, orders_last_60d, monetary_total","spend_last_60d, trend_orders_30_vs_90, orders_last_30d","Main churn-risk drivers: frequency_orders, orders_last_60d, monetary_total. Main factors reducing churn risk: spend_last_60d, trend_orders_30_vs_90, orders_last_30d."
13295,"frequency_orders, recency_days, monetary_total","spend_last_60d, trend_orders_30_vs_90, orders_last_30d","Main churn-risk drivers: frequency_orders, recency_days, monetary_total. Main factors reducing churn risk: spend_last_60d, trend_orders_30_vs_90, orders_last_30d."
13296,"frequency_orders, monetary_total, trend_orders_30_vs_90","recency_days, trend_spend_30_vs_90, spend_last_60d","Main churn-risk drivers: frequency_orders, monetary_total, trend_orders_30_vs_90. Main factors reducing churn risk: recency_days, trend_spend_30_vs_90, spend_last_60d."
13299,"frequency_orders, monetary_total, recency_days","spend_last_60d, trend_orders_30_vs_90, orders_last_30d","Main churn-risk drivers: frequency_orders, monetary_total, recency_days. Main factors reducing churn risk: spend_last_60d, trend_orders_30_vs_90, orders_last_30d."
13300,"frequency_orders, monetary_total, orders_last_60d","trend_spend_30_vs_90, spend_last_60d, orders_last_30d","Main churn-risk drivers: frequency_orders, monetary_total, orders_last_60d. Main factors reducing churn risk: trend_spend_30_vs_90, spend_last_60d, orders_last_30d."
13301,"monetary_total, orders_last_30d, spend_last_90d","recency_days, frequency_orders, spend_last_60d","Main churn-risk drivers: monetary_total, orders_last_30d, spend_last_90d. Main factors reducing churn risk: recency_days, frequency_orders, spend_last_60d."
13302,"frequency_orders, monetary_total, orders_last_60d","trend_spend_30_vs_90, spend_last_60d, recency_days","Main churn-risk drivers: frequency_orders, monetary_total, orders_last_60d. Main factors reducing churn risk: trend_spend_30_vs_90, spend_last_60d, recency_days."
13304,"frequency_orders, recency_days, monetary_total","spend_last_60d, trend_orders_30_vs_90, monetary_mean","Main churn-risk drivers: frequency_orders, recency_days, monetary_total. Main factors reducing churn risk: spend_last_60d, trend_orders_30_vs_90, monetary_mean."
13305,"orders_last_30d, spend_last_60d, orders_last_90d","frequency_orders, orders_last_60d, recency_days","Main churn-risk drivers: orders_last_30d, spend_last_60d, orders_last_90d. Main factors reducing churn risk: frequency_orders, orders_last_60d, recency_days."
13307,"frequency_orders, monetary_total, spend_last_90d","recency_days, spend_last_60d, trend_orders_30_vs_90","Main churn-risk drivers: frequency_orders, monetary_total, spend_last_90d. Main factors reducing churn risk: recency_days, spend_last_60d, trend_orders_30_vs_90."
13308,"frequency_orders, orders_last_60d, monetary_total","spend_last_60d, trend_orders_30_vs_90, orders_last_30d","Main churn-risk drivers: frequency_orders, orders_last_60d, monetary_total. Main factors reducing churn risk: spend_last_60d, trend_orders_30_vs_90, orders_last_30d."
13309,"frequency_orders, monetary_total, orders_last_60d","spend_last_60d, trend_orders_30_vs_90, monetary_mean","Main churn-risk drivers: frequency_orders, monetary_total, orders_last_60d. Main factors reducing churn risk: spend_last_60d, trend_orders_30_vs_90, monetary_mean."
13310,"frequency_orders, orders_last_60d, monetary_total","spend_last_60d, trend_orders_30_vs_90, orders_last_30d","Main churn-risk drivers: frequency_orders, orders_last_60d, monetary_total. Main factors reducing churn risk: spend_last_60d, trend_orders_30_vs_90, orders_last_30d."
13311,"frequency_orders, monetary_total, trend_orders_30_vs_90","trend_spend_30_vs_90, recency_days, orders_last_30d","Main churn-risk drivers: frequency_orders, monetary_total, trend_orders_30_vs_90. Main factors reducing churn risk: trend_spend_30_vs_90, recency_days, orders_last_30d."
13313,"monetary_total, frequency_orders, trend_orders_30_vs_90","recency_days, trend_spend_30_vs_90, orders_last_30d","Main churn-risk drivers: monetary_total, frequency_orders, trend_orders_30_vs_90. Main factors reducing churn risk: recency_days, trend_spend_30_vs_90, orders_last_30d."
13316,"spend_last_60d, frequency_orders, trend_orders_30_vs_90","monetary_total, spend_last_90d, recency_days","Main churn-risk drivers: spend_last_60d, frequency_orders, trend_orders_30_vs_90. Main factors reducing churn risk: monetary_total, spend_last_90d, recency_days."
13317,"orders_last_60d, spend_last_90d, trend_spend_30_vs_90","frequency_orders, spend_last_60d, trend_orders_30_vs_90","Main churn-risk drivers: orders_last_60d, spend_last_90d, trend_spend_30_vs_90. Main factors reducing churn risk: frequency_orders, spend_last_60d, trend_orders_30_vs_90."
13319,"spend_last_60d, orders_last_30d, trend_orders_30_vs_90","frequency_orders, monetary_total, orders_last_60d","Main churn-risk drivers: spend_last_60d, orders_last_30d, trend_orders_30_vs_90. Main factors reducing churn risk: frequency_orders, monetary_total, orders_last_60d."
13320,"monetary_total, frequency_orders, orders_last_30d","recency_days, trend_orders_30_vs_90, monetary_mean","Main churn-risk drivers: monetary_total, frequency_orders, orders_last_30d. Main factors reducing churn risk: recency_days, trend_orders_30_vs_90, monetary_mean."
13324,"orders_last_60d, spend_last_90d, trend_spend_30_vs_90","frequency_orders, monetary_total, spend_last_60d","Main churn-risk drivers: orders_last_60d, spend_last_90d, trend_spend_30_vs_90. Main factors reducing churn risk: frequency_orders, monetary_total, spend_last_60d."
13327,"spend_last_60d, orders_last_30d, trend_orders_30_vs_90","frequency_orders, orders_last_60d, monetary_total","Main churn-risk drivers: spend_last_60d, orders_last_30d, trend_orders_30_vs_90. Main factors reducing churn risk: frequency_orders, orders_last_60d, monetary_total."
13328,"frequency_orders, recency_days, orders_last_60d","spend_last_60d, trend_orders_30_vs_90, orders_last_30d","Main churn-risk drivers: frequency_orders, recency_days, orders_last_60d. Main factors reducing churn risk: spend_last_60d, trend_orders_30_vs_90, orders_last_30d."
13329,"frequency_orders, recency_days, monetary_total","spend_last_60d, trend_orders_30_vs_90, orders_last_30d","Main churn-risk drivers: frequency_orders, recency_days, monetary_total. Main factors reducing churn risk: spend_last_60d, trend_orders_30_vs_90, orders_last_30d."
13330,"frequency_orders, monetary_total, orders_last_30d","recency_days, trend_orders_30_vs_90, orders_last_60d","Main churn-risk drivers: frequency_orders, monetary_total, orders_last_30d. Main factors reducing churn risk: recency_days, trend_orders_30_vs_90, orders_last_60d."
13334,"frequency_orders, orders_last_60d, spend_last_90d","monetary_total, spend_last_60d, trend_orders_30_vs_90","Main churn-risk drivers: frequency_orders, orders_last_60d, spend_last_90d. Main factors reducing churn risk: monetary_total, spend_last_60d, trend_orders_30_vs_90."
13338,"frequency_orders, monetary_total, orders_last_60d","trend_spend_30_vs_90, spend_last_60d, recency_days","Main churn-risk drivers: frequency_orders, monetary_total, orders_last_60d. Main factors reducing churn risk: trend_spend_30_vs_90, spend_last_60d, recency_days."
13339,"frequency_orders, orders_last_60d, monetary_total","spend_last_60d, trend_orders_30_vs_90, orders_last_30d","Main churn-risk drivers: frequency_orders, orders_last_60d, monetary_total. Main factors reducing churn risk: spend_last_60d, trend_orders_30_vs_90, orders_last_30d."
13340,"spend_last_60d, trend_orders_30_vs_90, orders_last_30d","monetary_total, spend_last_90d, orders_last_60d","Main churn-risk drivers: spend_last_60d, trend_orders_30_vs_90, orders_last_30d. Main factors reducing churn risk: monetary_total, spend_last_90d, orders_last_60d."
13341,"frequency_orders, recency_days, orders_last_60d","spend_last_60d, trend_orders_30_vs_90, orders_last_30d","Main churn-risk drivers: frequency_orders, recency_days, orders_last_60d. Main factors reducing churn risk: spend_last_60d, trend_orders_30_vs_90, orders_last_30d."
13343,"frequency_orders, monetary_total, orders_last_60d","trend_spend_30_vs_90, spend_last_60d, orders_last_30d","Main churn-risk drivers: frequency_orders, monetary_total, orders_last_60d. Main factors reducing churn risk: trend_spend_30_vs_90, spend_last_60d, orders_last_30d."
13344,"frequency_orders, recency_days, orders_last_60d","spend_last_60d, trend_orders_30_vs_90, orders_last_30d","Main churn-risk drivers: frequency_orders, recency_days, orders_last_60d. Main factors reducing churn risk: spend_last_60d, trend_orders_30_vs_90, orders_last_30d."
13345,"frequency_orders, recency_days, monetary_total","spend_last_60d, trend_orders_30_vs_90, orders_last_30d","Main churn-risk drivers: frequency_orders, recency_days, monetary_total. Main factors reducing churn risk: spend_last_60d, trend_orders_30_vs_90, orders_last_30d."
13355,"frequency_orders, monetary_total, trend_orders_30_vs_90","recency_days, trend_spend_30_vs_90, orders_last_30d","Main churn-risk drivers: frequency_orders, monetary_total, trend_orders_30_vs_90. Main factors reducing churn risk: recency_days, trend_spend_30_vs_90, orders_last_30d."
13357,"frequency_orders, monetary_total, orders_last_60d","spend_last_60d, trend_orders_30_vs_90, monetary_mean","Main churn-risk drivers: frequency_orders, monetary_total, orders_last_60d. Main factors reducing churn risk: spend_last_60d, trend_orders_30_vs_90, monetary_mean."
13358,"frequency_orders, monetary_total, recency_days","spend_last_60d, trend_orders_30_vs_90, monetary_mean","Main churn-risk drivers: frequency_orders, monetary_total, recency_days. Main factors reducing churn risk: spend_last_60d, trend_orders_30_vs_90, monetary_mean."
13362,"frequency_orders, orders_last_60d, recency_days","spend_last_60d, trend_orders_30_vs_90, orders_last_30d","Main churn-risk drivers: frequency_orders, orders_last_60d, recency_days. Main factors reducing churn risk: spend_last_60d, trend_orders_30_vs_90, orders_last_30d."
13365,"frequency_orders, orders_last_60d, monetary_total","spend_last_60d, trend_orders_30_vs_90, orders_last_30d","Main churn-risk drivers: frequency_orders, orders_last_60d, monetary_total. Main factors reducing churn risk: spend_last_60d, trend_orders_30_vs_90, orders_last_30d."
13368,"frequency_orders, orders_last_60d, monetary_total","spend_last_60d, trend_orders_30_vs_90, orders_last_30d","Main churn-risk drivers: frequency_orders, orders_last_60d, monetary_total. Main factors reducing churn risk: spend_last_60d, trend_orders_30_vs_90, orders_last_30d."
13369,"frequency_orders, recency_days, monetary_total","spend_last_60d, trend_orders_30_vs_90, orders_last_30d","Main churn-risk drivers: frequency_orders, recency_days, monetary_total. Main factors reducing churn risk: spend_last_60d, trend_orders_30_vs_90, orders_last_30d."
13370,"frequency_orders, recency_days, orders_last_60d","spend_last_60d, trend_orders_30_vs_90, orders_last_30d","Main churn-risk drivers: frequency_orders, recency_days, orders_last_60d. Main factors reducing churn risk: spend_last_60d, trend_orders_30_vs_90, orders_last_30d."
13373,"frequency_orders, orders_last_60d, trend_orders_30_vs_90","trend_spend_30_vs_90, spend_last_60d, spend_last_90d","Main churn-risk drivers: frequency_orders, orders_last_60d, trend_orders_30_vs_90. Main factors reducing churn risk: trend_spend_30_vs_90, spend_last_60d, spend_last_90d."
13376,"monetary_total, frequency_orders, orders_last_30d","recency_days, trend_orders_30_vs_90, orders_last_60d","Main churn-risk drivers: monetary_total, frequency_orders, orders_last_30d. Main factors reducing churn risk: recency_days, trend_orders_30_vs_90, orders_last_60d."
13379,"frequency_orders, monetary_total, trend_orders_30_vs_90","recency_days, trend_spend_30_vs_90, spend_last_60d","Main churn-risk drivers: frequency_orders, monetary_total, trend_orders_30_vs_90. Main factors reducing churn risk: recency_days, trend_spend_30_vs_90, spend_last_60d."
13381,"spend_last_60d, orders_last_30d, trend_orders_30_vs_90","orders_last_60d, recency_days, monetary_total","Main churn-risk drivers: spend_last_60d, orders_last_30d, trend_orders_30_vs_90. Main factors reducing churn risk: orders_last_60d, recency_days, monetary_total."
13382,"frequency_orders, monetary_total, recency_days","spend_last_60d, trend_orders_30_vs_90, monetary_mean","Main churn-risk drivers: frequency_orders, monetary_total, recency_days. Main factors reducing churn risk: spend_last_60d, trend_orders_30_vs_90, monetary_mean."
13384,"frequency_orders, trend_orders_30_vs_90, spend_last_60d","spend_last_90d, recency_days, trend_spend_30_vs_90","Main churn-risk drivers: frequency_orders, trend_orders_30_vs_90, spend_last_60d. Main factors reducing churn risk: spend_last_90d, recency_days, trend_spend_30_vs_90."
13385,"frequency_orders, recency_days, monetary_total","spend_last_60d, trend_orders_30_vs_90, monetary_mean","Main churn-risk drivers: frequency_orders, recency_days, monetary_total. Main factors reducing churn risk: spend_last_60d, trend_orders_30_vs_90, monetary_mean."
13388,"frequency_orders, monetary_total, trend_orders_30_vs_90","orders_last_60d, recency_days, trend_spend_30_vs_90","Main churn-risk drivers: frequency_orders, monetary_total, trend_orders_30_vs_90. Main factors reducing churn risk: orders_last_60d, recency_days, trend_spend_30_vs_90."
13389,"frequency_orders, monetary_total, orders_last_60d","spend_last_60d, trend_orders_30_vs_90, monetary_mean","Main churn-risk drivers: frequency_orders, monetary_total, orders_last_60d. Main factors reducing churn risk: spend_last_60d, trend_orders_30_vs_90, monetary_mean."
13391,"frequency_orders, monetary_total, orders_last_60d","spend_last_60d, trend_orders_30_vs_90, orders_last_30d","Main churn-risk drivers: frequency_orders, monetary_total, orders_last_60d. Main factors reducing churn risk: spend_last_60d, trend_orders_30_vs_90, orders_last_30d."
13394,"orders_last_30d, trend_orders_30_vs_90, monetary_total","frequency_orders, recency_days, orders_last_60d","Main churn-risk drivers: orders_last_30d, trend_orders_30_vs_90, monetary_total. Main factors reducing churn risk: frequency_orders, recency_days, orders_last_60d."
13395,"frequency_orders, monetary_total, orders_last_60d","spend_last_60d, trend_orders_30_vs_90, monetary_mean","Main churn-risk drivers: frequency_orders, monetary_total, orders_last_60d. Main factors reducing churn risk: spend_last_60d, trend_orders_30_vs_90, monetary_mean."
13396,"frequency_orders, recency_days, monetary_total","spend_last_60d, trend_orders_30_vs_90, orders_last_30d","Main churn-risk drivers: frequency_orders, recency_days, monetary_total. Main factors reducing churn risk: spend_last_60d, trend_orders_30_vs_90, orders_last_30d."
13397,"orders_last_30d, monetary_total, trend_spend_30_vs_90","recency_days, frequency_orders, trend_orders_30_vs_90","Main churn-risk drivers: orders_last_30d, monetary_total, trend_spend_30_vs_90. Main factors reducing churn risk: recency_days, frequency_orders, trend_orders_30_vs_90."
13398,"frequency_orders, monetary_total, orders_last_60d","spend_last_60d, trend_orders_30_vs_90, orders_last_30d","Main churn-risk drivers: frequency_orders, monetary_total, orders_last_60d. Main factors reducing churn risk: spend_last_60d, trend_orders_30_vs_90, orders_last_30d."
13402,"frequency_orders, monetary_total, trend_orders_30_vs_90","recency_days, trend_spend_30_vs_90, orders_last_30d","Main churn-risk drivers: frequency_orders, monetary_total, trend_orders_30_vs_90. Main factors reducing churn risk: recency_days, trend_spend_30_vs_90, orders_last_30d."
13404,"frequency_orders, monetary_total, orders_last_60d","spend_last_60d, trend_orders_30_vs_90, orders_last_30d","Main churn-risk drivers: frequency_orders, monetary_total, orders_last_60d. Main factors reducing churn risk: spend_last_60d, trend_orders_30_vs_90, orders_last_30d."
13405,"frequency_orders, monetary_total, orders_last_60d","spend_last_60d, trend_orders_30_vs_90, orders_last_30d","Main churn-risk drivers: frequency_orders, monetary_total, orders_last_60d. Main factors reducing churn risk: spend_last_60d, trend_orders_30_vs_90, orders_last_30d."
13408,"spend_last_60d, orders_last_30d, orders_last_90d","frequency_orders, monetary_total, orders_last_60d","Main churn-risk drivers: spend_last_60d, orders_last_30d, orders_last_90d. Main factors reducing churn risk: frequency_orders, monetary_total, orders_last_60d."
13410,"monetary_total, orders_last_60d, frequency_orders","spend_last_60d, trend_orders_30_vs_90, orders_last_30d","Main churn-risk drivers: monetary_total, orders_last_60d, frequency_orders. Main factors reducing churn risk: spend_last_60d, trend_orders_30_vs_90, orders_last_30d."
13411,"frequency_orders, monetary_total, orders_last_30d","recency_days, trend_orders_30_vs_90, monetary_mean","Main churn-risk drivers: frequency_orders, monetary_total, orders_last_30d. Main factors reducing churn risk: recency_days, trend_orders_30_vs_90, monetary_mean."
13414,"trend_orders_30_vs_90, frequency_orders, spend_last_60d","recency_days, trend_spend_30_vs_90, spend_last_90d","Main churn-risk drivers: trend_orders_30_vs_90, frequency_orders, spend_last_60d. Main factors reducing churn risk: recency_days, trend_spend_30_vs_90, spend_last_90d."
13417,"frequency_orders, monetary_total, orders_last_60d","spend_last_60d, trend_orders_30_vs_90, orders_last_30d","Main churn-risk drivers: frequency_orders, monetary_total, orders_last_60d. Main factors reducing churn risk: spend_last_60d, trend_orders_30_vs_90, orders_last_30d."
13418,"trend_orders_30_vs_90, orders_last_30d, spend_last_60d","frequency_orders, monetary_total, orders_last_60d","Main churn-risk drivers: trend_orders_30_vs_90, orders_last_30d, spend_last_60d. Main factors reducing churn risk: frequency_orders, monetary_total, orders_last_60d."
13420,"frequency_orders, monetary_total, trend_orders_30_vs_90","trend_spend_30_vs_90, recency_days, spend_last_60d","Main churn-risk drivers: frequency_orders, monetary_total, trend_orders_30_vs_90. Main factors reducing churn risk: trend_spend_30_vs_90, recency_days, spend_last_60d."
13421,"frequency_orders, recency_days, orders_last_60d","spend_last_60d, trend_orders_30_vs_90, monetary_mean","Main churn-risk drivers: frequency_orders, recency_days, orders_last_60d. Main factors reducing churn risk: spend_last_60d, trend_orders_30_vs_90, monetary_mean."
13425,"frequency_orders, orders_last_30d, trend_orders_30_vs_90","recency_days, spend_last_90d, orders_last_60d","Main churn-risk drivers: frequency_orders, orders_last_30d, trend_orders_30_vs_90. Main factors reducing churn risk: recency_days, spend_last_90d, orders_last_60d."
13426,"orders_last_60d, spend_last_90d, trend_spend_30_vs_90","frequency_orders, spend_last_60d, trend_orders_30_vs_90","Main churn-risk drivers: orders_last_60d, spend_last_90d, trend_spend_30_vs_90. Main factors reducing churn risk: frequency_orders, spend_last_60d, trend_orders_30_vs_90."
13427,"frequency_orders, monetary_total, orders_last_30d","recency_days, trend_orders_30_vs_90, orders_last_60d","Main churn-risk drivers: frequency_orders, monetary_total, orders_last_30d. Main factors reducing churn risk: recency_days, trend_orders_30_vs_90, orders_last_60d."
13434,"frequency_orders, monetary_total, orders_last_30d","recency_days, spend_last_60d, trend_orders_30_vs_90","Main churn-risk drivers: frequency_orders, monetary_total, orders_last_30d. Main factors reducing churn risk: recency_days, spend_last_60d, trend_orders_30_vs_90."
13435,"frequency_orders, monetary_total, orders_last_30d","orders_last_60d, recency_days, monetary_median","Main churn-risk drivers: frequency_orders, monetary_total, orders_last_30d. Main factors reducing churn risk: orders_last_60d, recency_days, monetary_median."
13437,"trend_orders_30_vs_90, orders_last_30d, spend_last_60d","orders_last_60d, recency_days, monetary_total","Main churn-risk drivers: trend_orders_30_vs_90, orders_last_30d, spend_last_60d. Main factors reducing churn risk: orders_last_60d, recency_days, monetary_total."
13439,"frequency_orders, monetary_total, orders_last_60d","spend_last_60d, trend_orders_30_vs_90, monetary_mean","Main churn-risk drivers: frequency_orders, monetary_total, orders_last_60d. Main factors reducing churn risk: spend_last_60d, trend_orders_30_vs_90, monetary_mean."
13441,"frequency_orders, monetary_total, orders_last_30d","recency_days, trend_orders_30_vs_90, orders_last_60d","Main churn-risk drivers: frequency_orders, monetary_total, orders_last_30d. Main factors reducing churn risk: recency_days, trend_orders_30_vs_90, orders_last_60d."
13448,"orders_last_60d, spend_last_90d, recency_days","spend_last_60d, frequency_orders, trend_orders_30_vs_90","Main churn-risk drivers: orders_last_60d, spend_last_90d, recency_days. Main factors reducing churn risk: spend_last_60d, frequency_orders, trend_orders_30_vs_90."
13450,"trend_orders_30_vs_90, monetary_total, orders_last_90d","recency_days, trend_spend_30_vs_90, frequency_orders","Main churn-risk drivers: trend_orders_30_vs_90, monetary_total, orders_last_90d. Main factors reducing churn risk: recency_days, trend_spend_30_vs_90, frequency_orders."
13451,"spend_last_60d, trend_orders_30_vs_90","monetary_total, recency_days, trend_spend_30_vs_90","Main churn-risk drivers: spend_last_60d, trend_orders_30_vs_90. Main factors reducing churn risk: monetary_total, recency_days, trend_spend_30_vs_90."
13452,"frequency_orders, monetary_mean, monetary_median","spend_last_60d, trend_orders_30_vs_90, orders_last_30d","Main churn-risk drivers: frequency_orders, monetary_mean, monetary_median. Main factors reducing churn risk: spend_last_60d, trend_orders_30_vs_90, orders_last_30d."
13453,"frequency_orders, monetary_total, orders_last_60d","trend_spend_30_vs_90, spend_last_60d, orders_last_30d","Main churn-risk drivers: frequency_orders, monetary_total, orders_last_60d. Main factors reducing churn risk: trend_spend_30_vs_90, spend_last_60d, orders_last_30d."
13455,"frequency_orders, recency_days, orders_last_60d","spend_last_60d, trend_orders_30_vs_90, orders_last_30d","Main churn-risk drivers: frequency_orders, recency_days, orders_last_60d. Main factors reducing churn risk: spend_last_60d, trend_orders_30_vs_90, orders_last_30d."
13456,"orders_last_60d, trend_orders_30_vs_90, monetary_total","trend_spend_30_vs_90, spend_last_60d, recency_days","Main churn-risk drivers: orders_last_60d, trend_orders_30_vs_90, monetary_total. Main factors reducing churn risk: trend_spend_30_vs_90, spend_last_60d, recency_days."
13458,"spend_last_60d, trend_orders_30_vs_90, orders_last_30d","frequency_orders, monetary_total, orders_last_60d","Main churn-risk drivers: spend_last_60d, trend_orders_30_vs_90, orders_last_30d. Main factors reducing churn risk: frequency_orders, monetary_total, orders_last_60d."
13461,"frequency_orders, trend_orders_30_vs_90, monetary_total","recency_days, trend_spend_30_vs_90, spend_last_90d","Main churn-risk drivers: frequency_orders, trend_orders_30_vs_90, monetary_total. Main factors reducing churn risk: recency_days, trend_spend_30_vs_90, spend_last_90d."
13462,"frequency_orders, monetary_total, orders_last_60d","spend_last_60d, trend_orders_30_vs_90, orders_last_30d","Main churn-risk drivers: frequency_orders, monetary_total, orders_last_60d. Main factors reducing churn risk: spend_last_60d, trend_orders_30_vs_90, orders_last_30d."
13466,"frequency_orders, monetary_total, orders_last_60d","spend_last_60d, trend_orders_30_vs_90, orders_last_30d","Main churn-risk drivers: frequency_orders, monetary_total, orders_last_60d. Main factors reducing churn risk: spend_last_60d, trend_orders_30_vs_90, orders_last_30d."
13468,"orders_last_30d, spend_last_60d, trend_orders_30_vs_90","frequency_orders, orders_last_60d, monetary_total","Main churn-risk drivers: orders_last_30d, spend_last_60d, trend_orders_30_vs_90. Main factors reducing churn risk: frequency_orders, orders_last_60d, monetary_total."
13470,"frequency_orders, monetary_total, orders_last_30d","orders_last_60d, recency_days, trend_orders_30_vs_90","Main churn-risk drivers: frequency_orders, monetary_total, orders_last_30d. Main factors reducing churn risk: orders_last_60d, recency_days, trend_orders_30_vs_90."
13473,"frequency_orders, recency_days, monetary_total","spend_last_60d, trend_orders_30_vs_90, orders_last_30d","Main churn-risk drivers: frequency_orders, recency_days, monetary_total. Main factors reducing churn risk: spend_last_60d, trend_orders_30_vs_90, orders_last_30d."
13474,"frequency_orders, monetary_total, orders_last_60d","spend_last_60d, trend_orders_30_vs_90, monetary_mean","Main churn-risk drivers: frequency_orders, monetary_total, orders_last_60d. Main factors reducing churn risk: spend_last_60d, trend_orders_30_vs_90, monetary_mean."
13475,"orders_last_60d, spend_last_90d, trend_spend_30_vs_90","spend_last_60d, frequency_orders, trend_orders_30_vs_90","Main churn-risk drivers: orders_last_60d, spend_last_90d, trend_spend_30_vs_90. Main factors reducing churn risk: spend_last_60d, frequency_orders, trend_orders_30_vs_90."
13476,"frequency_orders, orders_last_60d, trend_orders_30_vs_90","trend_spend_30_vs_90, spend_last_60d, orders_last_30d","Main churn-risk drivers: frequency_orders, orders_last_60d, trend_orders_30_vs_90. Main factors reducing churn risk: trend_spend_30_vs_90, spend_last_60d, orders_last_30d."
13477,"trend_orders_30_vs_90, monetary_total, spend_last_90d","recency_days, trend_spend_30_vs_90, frequency_orders","Main churn-risk drivers: trend_orders_30_vs_90, monetary_total, spend_last_90d. Main factors reducing churn risk: recency_days, trend_spend_30_vs_90, frequency_orders."
13479,"frequency_orders, monetary_total, orders_last_60d","spend_last_60d, trend_orders_30_vs_90, orders_last_30d","Main churn-risk drivers: frequency_orders, monetary_total, orders_last_60d. Main factors reducing churn risk: spend_last_60d, trend_orders_30_vs_90, orders_last_30d."
13481,"orders_last_30d, trend_spend_30_vs_90, monetary_total","orders_last_60d, recency_days, frequency_orders","Main churn-risk drivers: orders_last_30d, trend_spend_30_vs_90, monetary_total. Main factors reducing churn risk: orders_last_60d, recency_days, frequency_orders."
13482,"frequency_orders, monetary_total, orders_last_60d","spend_last_60d, trend_orders_30_vs_90, orders_last_30d","Main churn-risk drivers: frequency_orders, monetary_total, orders_last_60d. Main factors reducing churn risk: spend_last_60d, trend_orders_30_vs_90, orders_last_30d."
13484,"frequency_orders, monetary_total, orders_last_60d","spend_last_60d, trend_orders_30_vs_90, orders_last_30d","Main churn-risk drivers: frequency_orders, monetary_total, orders_last_60d. Main factors reducing churn risk: spend_last_60d, trend_orders_30_vs_90, orders_last_30d."
13485,"frequency_orders, monetary_total, orders_last_60d","spend_last_60d, trend_orders_30_vs_90, orders_last_30d","Main churn-risk drivers: frequency_orders, monetary_total, orders_last_60d. Main factors reducing churn risk: spend_last_60d, trend_orders_30_vs_90, orders_last_30d."
13486,"frequency_orders, trend_orders_30_vs_90, monetary_total","recency_days, trend_spend_30_vs_90, orders_last_30d","Main churn-risk drivers: frequency_orders, trend_orders_30_vs_90, monetary_total. Main factors reducing churn risk: recency_days, trend_spend_30_vs_90, orders_last_30d."
13487,"frequency_orders, monetary_total, orders_last_60d","spend_last_60d, trend_orders_30_vs_90, orders_last_30d","Main churn-risk drivers: frequency_orders, monetary_total, orders_last_60d. Main factors reducing churn risk: spend_last_60d, trend_orders_30_vs_90, orders_last_30d."
13488,"spend_last_60d, trend_orders_30_vs_90, orders_last_90d","frequency_orders, monetary_total, orders_last_60d","Main churn-risk drivers: spend_last_60d, trend_orders_30_vs_90, orders_last_90d. Main factors reducing churn risk: frequency_orders, monetary_total, orders_last_60d."
13489,"monetary_total, orders_last_30d, spend_last_90d","recency_days, frequency_orders, spend_last_60d","Main churn-risk drivers: monetary_total, orders_last_30d, spend_last_90d. Main factors reducing churn risk: recency_days, frequency_orders, spend_last_60d."
13491,"monetary_total, trend_orders_30_vs_90, spend_last_90d","frequency_orders, trend_spend_30_vs_90, recency_days","Main churn-risk drivers: monetary_total, trend_orders_30_vs_90, spend_last_90d. Main factors reducing churn risk: frequency_orders, trend_spend_30_vs_90, recency_days."
13492,"trend_orders_30_vs_90, frequency_orders, monetary_total","recency_days, trend_spend_30_vs_90, spend_last_90d","Main churn-risk drivers: trend_orders_30_vs_90, frequency_orders, monetary_total. Main factors reducing churn risk: recency_days, trend_spend_30_vs_90, spend_last_90d."
13493,"frequency_orders, recency_days, orders_last_60d","spend_last_60d, trend_orders_30_vs_90, orders_last_30d","Main churn-risk drivers: frequency_orders, recency_days, orders_last_60d. Main factors reducing churn risk: spend_last_60d, trend_orders_30_vs_90, orders_last_30d."
13494,"frequency_orders, recency_days, monetary_total","spend_last_60d, trend_orders_30_vs_90, orders_last_30d","Main churn-risk drivers: frequency_orders, recency_days, monetary_total. Main factors reducing churn risk: spend_last_60d, trend_orders_30_vs_90, orders_last_30d."
13495,"orders_last_60d, recency_days, frequency_orders","spend_last_60d, trend_orders_30_vs_90, orders_last_30d","Main churn-risk drivers: orders_last_60d, recency_days, frequency_orders. Main factors reducing churn risk: spend_last_60d, trend_orders_30_vs_90, orders_last_30d."
13496,"frequency_orders, recency_days, monetary_total","spend_last_60d, trend_orders_30_vs_90, orders_last_30d","Main churn-risk drivers: frequency_orders, recency_days, monetary_total. Main factors reducing churn risk: spend_last_60d, trend_orders_30_vs_90, orders_last_30d."
13497,"frequency_orders, recency_days, monetary_total","spend_last_60d, trend_orders_30_vs_90, orders_last_30d","Main churn-risk drivers: frequency_orders, recency_days, monetary_total. Main factors reducing churn risk: spend_last_60d, trend_orders_30_vs_90, orders_last_30d."
13499,"frequency_orders, monetary_total, orders_last_60d","spend_last_60d, trend_orders_30_vs_90, orders_last_30d","Main churn-risk drivers: frequency_orders, monetary_total, orders_last_60d. Main factors reducing churn risk: spend_last_60d, trend_orders_30_vs_90, orders_last_30d."
13500,"frequency_orders, monetary_total, trend_orders_30_vs_90","recency_days, trend_spend_30_vs_90, orders_last_30d","Main churn-risk drivers: frequency_orders, monetary_total, trend_orders_30_vs_90. Main factors reducing churn risk: recency_days, trend_spend_30_vs_90, orders_last_30d."
13501,"frequency_orders, recency_days, orders_last_60d","spend_last_60d, trend_orders_30_vs_90, orders_last_30d","Main churn-risk drivers: frequency_orders, recency_days, orders_last_60d. Main factors reducing churn risk: spend_last_60d, trend_orders_30_vs_90, orders_last_30d."
13502,"frequency_orders, monetary_total, recency_days","spend_last_60d, trend_orders_30_vs_90, orders_last_30d","Main churn-risk drivers: frequency_orders, monetary_total, recency_days. Main factors reducing churn risk: spend_last_60d, trend_orders_30_vs_90, orders_last_30d."
13505,"orders_last_60d, frequency_orders, trend_orders_30_vs_90","monetary_total, trend_spend_30_vs_90, spend_last_60d","Main churn-risk drivers: orders_last_60d, frequency_orders, trend_orders_30_vs_90. Main factors reducing churn risk: monetary_total, trend_spend_30_vs_90, spend_last_60d."
13506,"recency_days, frequency_orders, monetary_total","spend_last_60d, trend_orders_30_vs_90, orders_last_30d","Main churn-risk drivers: recency_days, frequency_orders, monetary_total. Main factors reducing churn risk: spend_last_60d, trend_orders_30_vs_90, orders_last_30d."
13507,"spend_last_60d, orders_last_30d, frequency_orders","orders_last_60d, spend_last_90d, recency_days","Main churn-risk drivers: spend_last_60d, orders_last_30d, frequency_orders. Main factors reducing churn risk: orders_last_60d, spend_last_90d, recency_days."
13508,"frequency_orders, monetary_total, orders_last_60d","spend_last_60d, trend_orders_30_vs_90, monetary_mean","Main churn-risk drivers: frequency_orders, monetary_total, orders_last_60d. Main factors reducing churn risk: spend_last_60d, trend_orders_30_vs_90, monetary_mean."
13509,"monetary_total, spend_last_90d, orders_last_30d","frequency_orders, orders_last_60d, recency_days","Main churn-risk drivers: monetary_total, spend_last_90d, orders_last_30d. Main factors reducing churn risk: frequency_orders, orders_last_60d, recency_days."
13510,"frequency_orders, monetary_total, orders_last_30d","recency_days, trend_orders_30_vs_90, monetary_mean","Main churn-risk drivers: frequency_orders, monetary_total, orders_last_30d. Main factors reducing churn risk: recency_days, trend_orders_30_vs_90, monetary_mean."
13512,"frequency_orders, monetary_total, recency_days","spend_last_60d, trend_orders_30_vs_90, orders_last_30d","Main churn-risk drivers: frequency_orders, monetary_total, recency_days. Main factors reducing churn risk: spend_last_60d, trend_orders_30_vs_90, orders_last_30d."
13513,"frequency_orders, monetary_total, trend_orders_30_vs_90","recency_days, trend_spend_30_vs_90, orders_last_30d","Main churn-risk drivers: frequency_orders, monetary_total, trend_orders_30_vs_90. Main factors reducing churn risk: recency_days, trend_spend_30_vs_90, orders_last_30d."
13515,"monetary_total, frequency_orders, orders_last_30d","orders_last_60d, recency_days, monetary_mean","Main churn-risk drivers: monetary_total, frequency_orders, orders_last_30d. Main factors reducing churn risk: orders_last_60d, recency_days, monetary_mean."
13516,"frequency_orders, monetary_total, orders_last_60d","spend_last_60d, trend_orders_30_vs_90, orders_last_30d","Main churn-risk drivers: frequency_orders, monetary_total, orders_last_60d. Main factors reducing churn risk: spend_last_60d, trend_orders_30_vs_90, orders_last_30d."
13517,"frequency_orders, orders_last_30d, trend_orders_30_vs_90","recency_days, spend_last_90d, monetary_mean","Main churn-risk drivers: frequency_orders, orders_last_30d, trend_orders_30_vs_90. Main factors reducing churn risk: recency_days, spend_last_90d, monetary_mean."
13520,"spend_last_60d, trend_orders_30_vs_90","frequency_orders, monetary_total, recency_days","Main churn-risk drivers: spend_last_60d, trend_orders_30_vs_90. Main factors reducing churn risk: frequency_orders, monetary_total, recency_days."
13523,"orders_last_60d, frequency_orders, spend_last_90d","monetary_total, spend_last_60d, trend_orders_30_vs_90","Main churn-risk drivers: orders_last_60d, frequency_orders, spend_last_90d. Main factors reducing churn risk: monetary_total, spend_last_60d, trend_orders_30_vs_90."
13524,"monetary_total, frequency_orders, orders_last_30d","recency_days, spend_last_60d, orders_last_60d","Main churn-risk drivers: monetary_total, frequency_orders, orders_last_30d. Main factors reducing churn risk: recency_days, spend_last_60d, orders_last_60d."
13525,"frequency_orders, monetary_total, orders_last_60d","spend_last_60d, trend_orders_30_vs_90, orders_last_30d","Main churn-risk drivers: frequency_orders, monetary_total, orders_last_60d. Main factors reducing churn risk: spend_last_60d, trend_orders_30_vs_90, orders_last_30d."
13527,"orders_last_30d, spend_last_60d, trend_spend_30_vs_90","orders_last_60d, recency_days, frequency_orders","Main churn-risk drivers: orders_last_30d, spend_last_60d, trend_spend_30_vs_90. Main factors reducing churn risk: orders_last_60d, recency_days, frequency_orders."
13529,"frequency_orders, monetary_total, orders_last_60d","spend_last_60d, trend_orders_30_vs_90, orders_last_30d","Main churn-risk drivers: frequency_orders, monetary_total, orders_last_60d. Main factors reducing churn risk: spend_last_60d, trend_orders_30_vs_90, orders_last_30d."
13531,"frequency_orders, monetary_total, orders_last_60d","spend_last_60d, trend_orders_30_vs_90, orders_last_30d","Main churn-risk drivers: frequency_orders, monetary_total, orders_last_60d. Main factors reducing churn risk: spend_last_60d, trend_orders_30_vs_90, orders_last_30d."
13533,"monetary_total, orders_last_60d, frequency_orders","spend_last_60d, trend_orders_30_vs_90, monetary_mean","Main churn-risk drivers: monetary_total, orders_last_60d, frequency_orders. Main factors reducing churn risk: spend_last_60d, trend_orders_30_vs_90, monetary_mean."
13534,"spend_last_60d, trend_orders_30_vs_90, orders_last_30d","frequency_orders, orders_last_60d, monetary_total","Main churn-risk drivers: spend_last_60d, trend_orders_30_vs_90, orders_last_30d. Main factors reducing churn risk: frequency_orders, orders_last_60d, monetary_total."
13538,"monetary_total, trend_orders_30_vs_90, orders_last_30d","orders_last_60d, frequency_orders, recency_days","Main churn-risk drivers: monetary_total, trend_orders_30_vs_90, orders_last_30d. Main factors reducing churn risk: orders_last_60d, frequency_orders, recency_days."
13539,"frequency_orders, monetary_total, orders_last_60d","spend_last_60d, trend_orders_30_vs_90, monetary_mean","Main churn-risk drivers: frequency_orders, monetary_total, orders_last_60d. Main factors reducing churn risk: spend_last_60d, trend_orders_30_vs_90, monetary_mean."
13544,"frequency_orders, monetary_total, orders_last_60d","spend_last_60d, trend_orders_30_vs_90, monetary_mean","Main churn-risk drivers: frequency_orders, monetary_total, orders_last_60d. Main factors reducing churn risk: spend_last_60d, trend_orders_30_vs_90, monetary_mean."
13546,"frequency_orders, monetary_total, orders_last_60d","spend_last_60d, trend_orders_30_vs_90, monetary_mean","Main churn-risk drivers: frequency_orders, monetary_total, orders_last_60d. Main factors reducing churn risk: spend_last_60d, trend_orders_30_vs_90, monetary_mean."
13548,"frequency_orders, monetary_total, orders_last_30d","recency_days, trend_orders_30_vs_90, monetary_mean","Main churn-risk drivers: frequency_orders, monetary_total, orders_last_30d. Main factors reducing churn risk: recency_days, trend_orders_30_vs_90, monetary_mean."
13549,"monetary_total, trend_orders_30_vs_90, spend_last_90d","frequency_orders, recency_days, trend_spend_30_vs_90","Main churn-risk drivers: monetary_total, trend_orders_30_vs_90, spend_last_90d. Main factors reducing churn risk: frequency_orders, recency_days, trend_spend_30_vs_90."
13551,"frequency_orders, recency_days, monetary_total","spend_last_60d, trend_orders_30_vs_90, orders_last_30d","Main churn-risk drivers: frequency_orders, recency_days, monetary_total. Main factors reducing churn risk: spend_last_60d, trend_orders_30_vs_90, orders_last_30d."
13552,"trend_orders_30_vs_90, orders_last_90d, spend_last_60d","frequency_orders, orders_last_60d, monetary_total","Main churn-risk drivers: trend_orders_30_vs_90, orders_last_90d, spend_last_60d. Main factors reducing churn risk: frequency_orders, orders_last_60d, monetary_total."
13555,"frequency_orders, orders_last_60d, spend_last_90d","spend_last_60d, trend_orders_30_vs_90, orders_last_30d","Main churn-risk drivers: frequency_orders, orders_last_60d, spend_last_90d. Main factors reducing churn risk: spend_last_60d, trend_orders_30_vs_90, orders_last_30d."
13557,"frequency_orders, monetary_total, recency_days","spend_last_60d, trend_orders_30_vs_90, monetary_mean","Main churn-risk drivers: frequency_orders, monetary_total, recency_days. Main factors reducing churn risk: spend_last_60d, trend_orders_30_vs_90, monetary_mean."
13561,"frequency_orders, monetary_total, orders_last_60d","spend_last_60d, trend_orders_30_vs_90, monetary_mean","Main churn-risk drivers: frequency_orders, monetary_total, orders_last_60d. Main factors reducing churn risk: spend_last_60d, trend_orders_30_vs_90, monetary_mean."
13562,"frequency_orders, trend_orders_30_vs_90, monetary_total","recency_days, trend_spend_30_vs_90, orders_last_30d","Main churn-risk drivers: frequency_orders, trend_orders_30_vs_90, monetary_total. Main factors reducing churn risk: recency_days, trend_spend_30_vs_90, orders_last_30d."
13563,"frequency_orders, monetary_total, trend_orders_30_vs_90","recency_days, trend_spend_30_vs_90, monetary_mean","Main churn-risk drivers: frequency_orders, monetary_total, trend_orders_30_vs_90. Main factors reducing churn risk: recency_days, trend_spend_30_vs_90, monetary_mean."
13564,"frequency_orders, trend_orders_30_vs_90, spend_last_60d","recency_days, trend_spend_30_vs_90, orders_last_30d","Main churn-risk drivers: frequency_orders, trend_orders_30_vs_90, spend_last_60d. Main factors reducing churn risk: recency_days, trend_spend_30_vs_90, orders_last_30d."
13565,"frequency_orders, recency_days, monetary_total","spend_last_60d, trend_orders_30_vs_90, monetary_mean","Main churn-risk drivers: frequency_orders, recency_days, monetary_total. Main factors reducing churn risk: spend_last_60d, trend_orders_30_vs_90, monetary_mean."
13568,"frequency_orders, monetary_total, orders_last_60d","trend_spend_30_vs_90, spend_last_60d, monetary_mean","Main churn-risk drivers: frequency_orders, monetary_total, orders_last_60d. Main factors reducing churn risk: trend_spend_30_vs_90, spend_last_60d, monetary_mean."
13569,"frequency_orders, recency_days, monetary_total","spend_last_60d, trend_orders_30_vs_90, monetary_mean","Main churn-risk drivers: frequency_orders, recency_days, monetary_total. Main factors reducing churn risk: spend_last_60d, trend_orders_30_vs_90, monetary_mean."
13570,"frequency_orders, monetary_total, orders_last_60d","spend_last_60d, trend_orders_30_vs_90, monetary_mean","Main churn-risk drivers: frequency_orders, monetary_total, orders_last_60d. Main factors reducing churn risk: spend_last_60d, trend_orders_30_vs_90, monetary_mean."
13571,"monetary_total, trend_orders_30_vs_90, orders_last_30d","frequency_orders, orders_last_60d, recency_days","Main churn-risk drivers: monetary_total, trend_orders_30_vs_90, orders_last_30d. Main factors reducing churn risk: frequency_orders, orders_last_60d, recency_days."
13572,"frequency_orders, orders_last_60d, spend_last_90d","spend_last_60d, trend_orders_30_vs_90, orders_last_30d","Main churn-risk drivers: frequency_orders, orders_last_60d, spend_last_90d. Main factors reducing churn risk: spend_last_60d, trend_orders_30_vs_90, orders_last_30d."
13573,"frequency_orders, monetary_total, orders_last_60d","spend_last_60d, trend_orders_30_vs_90, monetary_mean","Main churn-risk drivers: frequency_orders, monetary_total, orders_last_60d. Main factors reducing churn risk: spend_last_60d, trend_orders_30_vs_90, monetary_mean."
13575,"frequency_orders, monetary_total, trend_orders_30_vs_90","recency_days, trend_spend_30_vs_90, spend_last_60d","Main churn-risk drivers: frequency_orders, monetary_total, trend_orders_30_vs_90. Main factors reducing churn risk: recency_days, trend_spend_30_vs_90, spend_last_60d."
13576,"orders_last_30d, spend_last_60d, trend_orders_30_vs_90","frequency_orders, monetary_total, orders_last_60d","Main churn-risk drivers: orders_last_30d, spend_last_60d, trend_orders_30_vs_90. Main factors reducing churn risk: frequency_orders, monetary_total, orders_last_60d."
13577,"spend_last_60d, frequency_orders, orders_last_30d","orders_last_60d, recency_days, monetary_mean","Main churn-risk drivers: spend_last_60d, frequency_orders, orders_last_30d. Main factors reducing churn risk: orders_last_60d, recency_days, monetary_mean."
13579,"frequency_orders, recency_days, monetary_total","spend_last_60d, trend_orders_30_vs_90, orders_last_30d","Main churn-risk drivers: frequency_orders, recency_days, monetary_total. Main factors reducing churn risk: spend_last_60d, trend_orders_30_vs_90, orders_last_30d."
13581,"frequency_orders, recency_days, monetary_total","spend_last_60d, trend_orders_30_vs_90, monetary_mean","Main churn-risk drivers: frequency_orders, recency_days, monetary_total. Main factors reducing churn risk: spend_last_60d, trend_orders_30_vs_90, monetary_mean."
13583,"frequency_orders, orders_last_60d, monetary_total","trend_spend_30_vs_90, spend_last_60d, recency_days","Main churn-risk drivers: frequency_orders, orders_last_60d, monetary_total. Main factors reducing churn risk: trend_spend_30_vs_90, spend_last_60d, recency_days."
13584,"frequency_orders, recency_days, monetary_total","spend_last_60d, trend_orders_30_vs_90, monetary_mean","Main churn-risk drivers: frequency_orders, recency_days, monetary_total. Main factors reducing churn risk: spend_last_60d, trend_orders_30_vs_90, monetary_mean."
13588,"spend_last_60d, orders_last_30d, monetary_total","orders_last_60d, recency_days, spend_last_90d","Main churn-risk drivers: spend_last_60d, orders_last_30d, monetary_total. Main factors reducing churn risk: orders_last_60d, recency_days, spend_last_90d."
13589,"frequency_orders, monetary_total, orders_last_60d","trend_spend_30_vs_90, spend_last_60d, orders_last_30d","Main churn-risk drivers: frequency_orders, monetary_total, orders_last_60d. Main factors reducing churn risk: trend_spend_30_vs_90, spend_last_60d, orders_last_30d."
13590,"orders_last_60d, trend_orders_30_vs_90, monetary_total","trend_spend_30_vs_90, spend_last_60d, frequency_orders","Main churn-risk drivers: orders_last_60d, trend_orders_30_vs_90, monetary_total. Main factors reducing churn risk: trend_spend_30_vs_90, spend_last_60d, frequency_orders."
13591,"frequency_orders, orders_last_60d, monetary_total","spend_last_60d, trend_orders_30_vs_90, orders_last_30d","Main churn-risk drivers: frequency_orders, orders_last_60d, monetary_total. Main factors reducing churn risk: spend_last_60d, trend_orders_30_vs_90, orders_last_30d."
13592,"monetary_total, orders_last_60d, frequency_orders","spend_last_60d, trend_orders_30_vs_90, orders_last_30d","Main churn-risk drivers: monetary_total, orders_last_60d, frequency_orders. Main factors reducing churn risk: spend_last_60d, trend_orders_30_vs_90, orders_last_30d."
13593,"orders_last_30d, spend_last_60d, trend_orders_30_vs_90","frequency_orders, recency_days, monetary_total","Main churn-risk drivers: orders_last_30d, spend_last_60d, trend_orders_30_vs_90. Main factors reducing churn risk: frequency_orders, recency_days, monetary_total."
13599,"orders_last_60d, trend_orders_30_vs_90, spend_last_90d","frequency_orders, monetary_total, trend_spend_30_vs_90","Main churn-risk drivers: orders_last_60d, trend_orders_30_vs_90, spend_last_90d. Main factors reducing churn risk: frequency_orders, monetary_total, trend_spend_30_vs_90."
13600,"frequency_orders, recency_days, monetary_total","spend_last_60d, trend_orders_30_vs_90, monetary_mean","Main churn-risk drivers: frequency_orders, recency_days, monetary_total. Main factors reducing churn risk: spend_last_60d, trend_orders_30_vs_90, monetary_mean."
13601,"frequency_orders, monetary_total, orders_last_60d","spend_last_60d, trend_orders_30_vs_90, monetary_mean","Main churn-risk drivers: frequency_orders, monetary_total, orders_last_60d. Main factors reducing churn risk: spend_last_60d, trend_orders_30_vs_90, monetary_mean."
13606,"frequency_orders, monetary_total, orders_last_60d","spend_last_60d, trend_orders_30_vs_90, monetary_mean","Main churn-risk drivers: frequency_orders, monetary_total, orders_last_60d. Main factors reducing churn risk: spend_last_60d, trend_orders_30_vs_90, monetary_mean."
13610,"monetary_total, orders_last_30d, spend_last_90d","frequency_orders, orders_last_60d, recency_days","Main churn-risk drivers: monetary_total, orders_last_30d, spend_last_90d. Main factors reducing churn risk: frequency_orders, orders_last_60d, recency_days."
13611,"frequency_orders, orders_last_60d, monetary_total","trend_spend_30_vs_90, spend_last_60d, orders_last_30d","Main churn-risk drivers: frequency_orders, orders_last_60d, monetary_total. Main factors reducing churn risk: trend_spend_30_vs_90, spend_last_60d, orders_last_30d."
13614,"frequency_orders, orders_last_60d, monetary_total","trend_spend_30_vs_90, spend_last_60d, monetary_mean","Main churn-risk drivers: frequency_orders, orders_last_60d, monetary_total. Main factors reducing churn risk: trend_spend_30_vs_90, spend_last_60d, monetary_mean."
13615,"frequency_orders, recency_days, monetary_total","spend_last_60d, trend_orders_30_vs_90, orders_last_30d","Main churn-risk drivers: frequency_orders, recency_days, monetary_total. Main factors reducing churn risk: spend_last_60d, trend_orders_30_vs_90, orders_last_30d."
13617,"frequency_orders, monetary_total, orders_last_30d","recency_days, monetary_mean, orders_last_60d","Main churn-risk drivers: frequency_orders, monetary_total, orders_last_30d. Main factors reducing churn risk: recency_days, monetary_mean, orders_last_60d."
13618,"frequency_orders, monetary_total, orders_last_60d","trend_spend_30_vs_90, spend_last_60d, monetary_mean","Main churn-risk drivers: frequency_orders, monetary_total, orders_last_60d. Main factors reducing churn risk: trend_spend_30_vs_90, spend_last_60d, monetary_mean."
13621,"frequency_orders, monetary_total, orders_last_30d","recency_days, trend_orders_30_vs_90, monetary_mean","Main churn-risk drivers: frequency_orders, monetary_total, orders_last_30d. Main factors reducing churn risk: recency_days, trend_orders_30_vs_90, monetary_mean."
13623,"monetary_total, orders_last_60d, spend_last_90d","spend_last_60d, frequency_orders, trend_orders_30_vs_90","Main churn-risk drivers: monetary_total, orders_last_60d, spend_last_90d. Main factors reducing churn risk: spend_last_60d, frequency_orders, trend_orders_30_vs_90."
13626,"frequency_orders, monetary_total, orders_last_60d","spend_last_60d, trend_orders_30_vs_90, monetary_mean","Main churn-risk drivers: frequency_orders, monetary_total, orders_last_60d. Main factors reducing churn risk: spend_last_60d, trend_orders_30_vs_90, monetary_mean."
13627,"orders_last_60d, monetary_total, frequency_orders","trend_spend_30_vs_90, spend_last_60d, orders_last_30d","Main churn-risk drivers: orders_last_60d, monetary_total, frequency_orders. Main factors reducing churn risk: trend_spend_30_vs_90, spend_last_60d, orders_last_30d."
13629,"spend_last_60d, trend_orders_30_vs_90, orders_last_30d","frequency_orders, monetary_total, orders_last_60d","Main churn-risk drivers: spend_last_60d, trend_orders_30_vs_90, orders_last_30d. Main factors reducing churn risk: frequency_orders, monetary_total, orders_last_60d."
13630,"orders_last_30d, trend_spend_30_vs_90, monetary_total","frequency_orders, recency_days, orders_last_60d","Main churn-risk drivers: orders_last_30d, trend_spend_30_vs_90, monetary_total. Main factors reducing churn risk: frequency_orders, recency_days, orders_last_60d."
13631,"monetary_mean, trend_orders_30_vs_90, spend_last_60d","frequency_orders, orders_last_60d, monetary_total","Main churn-risk drivers: monetary_mean, trend_orders_30_vs_90, spend_last_60d. Main factors reducing churn risk: frequency_orders, orders_last_60d, monetary_total."
13632,"orders_last_60d, monetary_total, frequency_orders","trend_spend_30_vs_90, spend_last_60d, monetary_mean","Main churn-risk drivers: orders_last_60d, monetary_total, frequency_orders. Main factors reducing churn risk: trend_spend_30_vs_90, spend_last_60d, monetary_mean."
13634,"monetary_total, frequency_orders, orders_last_30d","recency_days, trend_orders_30_vs_90, monetary_mean","Main churn-risk drivers: monetary_total, frequency_orders, orders_last_30d. Main factors reducing churn risk: recency_days, trend_orders_30_vs_90, monetary_mean."
13636,"monetary_total, trend_orders_30_vs_90, spend_last_90d","recency_days, trend_spend_30_vs_90, frequency_orders","Main churn-risk drivers: monetary_total, trend_orders_30_vs_90, spend_last_90d. Main factors reducing churn risk: recency_days, trend_spend_30_vs_90, frequency_orders."
13637,"frequency_orders, orders_last_60d, monetary_total","spend_last_60d, trend_orders_30_vs_90, monetary_mean","Main churn-risk drivers: frequency_orders, orders_last_60d, monetary_total. Main factors reducing churn risk: spend_last_60d, trend_orders_30_vs_90, monetary_mean."
13642,"frequency_orders, monetary_total, orders_last_60d","spend_last_60d, trend_orders_30_vs_90, monetary_mean","Main churn-risk drivers: frequency_orders, monetary_total, orders_last_60d. Main factors reducing churn risk: spend_last_60d, trend_orders_30_vs_90, monetary_mean."
13643,"frequency_orders, monetary_total, orders_last_30d","recency_days, trend_orders_30_vs_90, spend_last_60d","Main churn-risk drivers: frequency_orders, monetary_total, orders_last_30d. Main factors reducing churn risk: recency_days, trend_orders_30_vs_90, spend_last_60d."
13644,"frequency_orders, monetary_total, spend_last_60d","recency_days, trend_orders_30_vs_90, orders_last_60d","Main churn-risk drivers: frequency_orders, monetary_total, spend_last_60d. Main factors reducing churn risk: recency_days, trend_orders_30_vs_90, orders_last_60d."
13645,"frequency_orders, monetary_total, orders_last_30d","recency_days, trend_orders_30_vs_90, orders_last_60d","Main churn-risk drivers: frequency_orders, monetary_total, orders_last_30d. Main factors reducing churn risk: recency_days, trend_orders_30_vs_90, orders_last_60d."
13647,"frequency_orders, orders_last_60d, monetary_total","trend_spend_30_vs_90, spend_last_60d, orders_last_30d","Main churn-risk drivers: frequency_orders, orders_last_60d, monetary_total. Main factors reducing churn risk: trend_spend_30_vs_90, spend_last_60d, orders_last_30d."
13649,"frequency_orders, monetary_total, orders_last_60d","spend_last_60d, trend_orders_30_vs_90, monetary_mean","Main churn-risk drivers: frequency_orders, monetary_total, orders_last_60d. Main factors reducing churn risk: spend_last_60d, trend_orders_30_vs_90, monetary_mean."
13650,"frequency_orders, orders_last_60d, monetary_total","spend_last_60d, trend_orders_30_vs_90, orders_last_30d","Main churn-risk drivers: frequency_orders, orders_last_60d, monetary_total. Main factors reducing churn risk: spend_last_60d, trend_orders_30_vs_90, orders_last_30d."
13652,"frequency_orders, orders_last_60d, monetary_total","spend_last_60d, trend_orders_30_vs_90, orders_last_30d","Main churn-risk drivers: frequency_orders, orders_last_60d, monetary_total. Main factors reducing churn risk: spend_last_60d, trend_orders_30_vs_90, orders_last_30d."
13654,"trend_orders_30_vs_90, spend_last_60d, spend_last_90d","trend_spend_30_vs_90, recency_days, frequency_orders","Main churn-risk drivers: trend_orders_30_vs_90, spend_last_60d, spend_last_90d. Main factors reducing churn risk: trend_spend_30_vs_90, recency_days, frequency_orders."
13655,"frequency_orders, monetary_total, orders_last_30d","recency_days, trend_orders_30_vs_90, orders_last_60d","Main churn-risk drivers: frequency_orders, monetary_total, orders_last_30d. Main factors reducing churn risk: recency_days, trend_orders_30_vs_90, orders_last_60d."
13656,"frequency_orders, monetary_total, orders_last_60d","trend_spend_30_vs_90, spend_last_60d, monetary_mean","Main churn-risk drivers: frequency_orders, monetary_total, orders_last_60d. Main factors reducing churn risk: trend_spend_30_vs_90, spend_last_60d, monetary_mean."
13657,"frequency_orders, monetary_total, orders_last_60d","spend_last_60d, trend_orders_30_vs_90, orders_last_30d","Main churn-risk drivers: frequency_orders, monetary_total, orders_last_60d. Main factors reducing churn risk: spend_last_60d, trend_orders_30_vs_90, orders_last_30d."
13658,"frequency_orders, orders_last_60d, monetary_total","spend_last_60d, trend_orders_30_vs_90, orders_last_30d","Main churn-risk drivers: frequency_orders, orders_last_60d, monetary_total. Main factors reducing churn risk: spend_last_60d, trend_orders_30_vs_90, orders_last_30d."
13659,"frequency_orders, orders_last_60d, spend_last_90d","spend_last_60d, trend_orders_30_vs_90, monetary_mean","Main churn-risk drivers: frequency_orders, orders_last_60d, spend_last_90d. Main factors reducing churn risk: spend_last_60d, trend_orders_30_vs_90, monetary_mean."
13662,"frequency_orders, monetary_total, orders_last_60d","spend_last_60d, trend_orders_30_vs_90, monetary_mean","Main churn-risk drivers: frequency_orders, monetary_total, orders_last_60d. Main factors reducing churn risk: spend_last_60d, trend_orders_30_vs_90, monetary_mean."
13663,"frequency_orders, monetary_total, orders_last_60d","trend_spend_30_vs_90, spend_last_60d, monetary_mean","Main churn-risk drivers: frequency_orders, monetary_total, orders_last_60d. Main factors reducing churn risk: trend_spend_30_vs_90, spend_last_60d, monetary_mean."
13666,"frequency_orders, monetary_total, recency_days","spend_last_60d, trend_orders_30_vs_90, monetary_mean","Main churn-risk drivers: frequency_orders, monetary_total, recency_days. Main factors reducing churn risk: spend_last_60d, trend_orders_30_vs_90, monetary_mean."
13667,"frequency_orders, monetary_total, trend_orders_30_vs_90","trend_spend_30_vs_90, recency_days, monetary_mean","Main churn-risk drivers: frequency_orders, monetary_total, trend_orders_30_vs_90. Main factors reducing churn risk: trend_spend_30_vs_90, recency_days, monetary_mean."
13668,"trend_orders_30_vs_90, spend_last_60d, orders_last_30d","frequency_orders, monetary_total, orders_last_60d","Main churn-risk drivers: trend_orders_30_vs_90, spend_last_60d, orders_last_30d. Main factors reducing churn risk: frequency_orders, monetary_total, orders_last_60d."
13669,"frequency_orders, monetary_total, trend_orders_30_vs_90","trend_spend_30_vs_90, recency_days, spend_last_60d","Main churn-risk drivers: frequency_orders, monetary_total, trend_orders_30_vs_90. Main factors reducing churn risk: trend_spend_30_vs_90, recency_days, spend_last_60d."
13672,"frequency_orders, recency_days, monetary_total","spend_last_60d, trend_orders_30_vs_90, orders_last_30d","Main churn-risk drivers: frequency_orders, recency_days, monetary_total. Main factors reducing churn risk: spend_last_60d, trend_orders_30_vs_90, orders_last_30d."
13675,"frequency_orders, monetary_total, orders_last_60d","trend_spend_30_vs_90, spend_last_60d, recency_days","Main churn-risk drivers: frequency_orders, monetary_total, orders_last_60d. Main factors reducing churn risk: trend_spend_30_vs_90, spend_last_60d, recency_days."
13678,"frequency_orders, monetary_total, orders_last_60d","trend_spend_30_vs_90, spend_last_60d, recency_days","Main churn-risk drivers: frequency_orders, monetary_total, orders_last_60d. Main factors reducing churn risk: trend_spend_30_vs_90, spend_last_60d, recency_days."
13680,"recency_days, frequency_orders, orders_last_60d","monetary_total, spend_last_60d, trend_orders_30_vs_90","Main churn-risk drivers: recency_days, frequency_orders, orders_last_60d. Main factors reducing churn risk: monetary_total, spend_last_60d, trend_orders_30_vs_90."
13681,"frequency_orders, monetary_total, orders_last_60d","trend_spend_30_vs_90, spend_last_60d, recency_days","Main churn-risk drivers: frequency_orders, monetary_total, orders_last_60d. Main factors reducing churn risk: trend_spend_30_vs_90, spend_last_60d, recency_days."
13682,"frequency_orders, monetary_total, orders_last_60d","spend_last_60d, trend_orders_30_vs_90, orders_last_30d","Main churn-risk drivers: frequency_orders, monetary_total, orders_last_60d. Main factors reducing churn risk: spend_last_60d, trend_orders_30_vs_90, orders_last_30d."
13684,"frequency_orders, monetary_total, recency_days","spend_last_60d, trend_orders_30_vs_90, monetary_mean","Main churn-risk drivers: frequency_orders, monetary_total, recency_days. Main factors reducing churn risk: spend_last_60d, trend_orders_30_vs_90, monetary_mean."
13686,"frequency_orders, monetary_total, orders_last_60d","spend_last_60d, trend_orders_30_vs_90, monetary_mean","Main churn-risk drivers: frequency_orders, monetary_total, orders_last_60d. Main factors reducing churn risk: spend_last_60d, trend_orders_30_vs_90, monetary_mean."
13692,"frequency_orders, orders_last_60d, monetary_total","spend_last_60d, trend_orders_30_vs_90, orders_last_30d","Main churn-risk drivers: frequency_orders, orders_last_60d, monetary_total. Main factors reducing churn risk: spend_last_60d, trend_orders_30_vs_90, orders_last_30d."
13694,"spend_last_60d, orders_last_30d, spend_last_30d","monetary_total, frequency_orders, spend_last_90d","Main churn-risk drivers: spend_last_60d, orders_last_30d, spend_last_30d. Main factors reducing churn risk: monetary_total, frequency_orders, spend_last_90d."
13695,"orders_last_30d, spend_last_60d, trend_orders_30_vs_90","frequency_orders, orders_last_60d, recency_days","Main churn-risk drivers: orders_last_30d, spend_last_60d, trend_orders_30_vs_90. Main factors reducing churn risk: frequency_orders, orders_last_60d, recency_days."
13699,"frequency_orders, monetary_total, orders_last_60d","trend_spend_30_vs_90, spend_last_60d, recency_days","Main churn-risk drivers: frequency_orders, monetary_total, orders_last_60d. Main factors reducing churn risk: trend_spend_30_vs_90, spend_last_60d, recency_days."
13700,"orders_last_30d, orders_last_90d, spend_last_30d","frequency_orders, orders_last_60d, recency_days","Main churn-risk drivers: orders_last_30d, orders_last_90d, spend_last_30d. Main factors reducing churn risk: frequency_orders, orders_last_60d, recency_days."
13703,"frequency_orders, recency_days, monetary_total","spend_last_60d, trend_orders_30_vs_90, orders_last_30d","Main churn-risk drivers: frequency_orders, recency_days, monetary_total. Main factors reducing churn risk: spend_last_60d, trend_orders_30_vs_90, orders_last_30d."
13705,"frequency_orders, monetary_total, trend_orders_30_vs_90","trend_spend_30_vs_90, recency_days, orders_last_30d","Main churn-risk drivers: frequency_orders, monetary_total, trend_orders_30_vs_90. Main factors reducing churn risk: trend_spend_30_vs_90, recency_days, orders_last_30d."
13706,"frequency_orders, recency_days, monetary_total","spend_last_60d, trend_orders_30_vs_90, orders_last_30d","Main churn-risk drivers: frequency_orders, recency_days, monetary_total. Main factors reducing churn risk: spend_last_60d, trend_orders_30_vs_90, orders_last_30d."
13707,"frequency_orders, recency_days, orders_last_60d","spend_last_60d, trend_orders_30_vs_90, orders_last_30d","Main churn-risk drivers: frequency_orders, recency_days, orders_last_60d. Main factors reducing churn risk: spend_last_60d, trend_orders_30_vs_90, orders_last_30d."
13708,"frequency_orders, monetary_total, recency_days","spend_last_60d, trend_orders_30_vs_90, monetary_mean","Main churn-risk drivers: frequency_orders, monetary_total, recency_days. Main factors reducing churn risk: spend_last_60d, trend_orders_30_vs_90, monetary_mean."
13709,"spend_last_60d, trend_orders_30_vs_90, orders_last_30d","spend_last_90d, frequency_orders, orders_last_60d","Main churn-risk drivers: spend_last_60d, trend_orders_30_vs_90, orders_last_30d. Main factors reducing churn risk: spend_last_90d, frequency_orders, orders_last_60d."
13711,"frequency_orders, monetary_total, orders_last_60d","spend_last_60d, trend_orders_30_vs_90, orders_last_30d","Main churn-risk drivers: frequency_orders, monetary_total, orders_last_60d. Main factors reducing churn risk: spend_last_60d, trend_orders_30_vs_90, orders_last_30d."
13712,"frequency_orders, monetary_total, orders_last_60d","spend_last_60d, trend_orders_30_vs_90, orders_last_30d","Main churn-risk drivers: frequency_orders, monetary_total, orders_last_60d. Main factors reducing churn risk: spend_last_60d, trend_orders_30_vs_90, orders_last_30d."
13715,"recency_days, orders_last_60d, monetary_total","frequency_orders, spend_last_60d, trend_orders_30_vs_90","Main churn-risk drivers: recency_days, orders_last_60d, monetary_total. Main factors reducing churn risk: frequency_orders, spend_last_60d, trend_orders_30_vs_90."
13716,"frequency_orders, monetary_total, recency_days","spend_last_60d, trend_orders_30_vs_90, monetary_mean","Main churn-risk drivers: frequency_orders, monetary_total, recency_days. Main factors reducing churn risk: spend_last_60d, trend_orders_30_vs_90, monetary_mean."
13717,"trend_orders_30_vs_90, monetary_total, spend_last_90d","recency_days, trend_spend_30_vs_90, frequency_orders","Main churn-risk drivers: trend_orders_30_vs_90, monetary_total, spend_last_90d. Main factors reducing churn risk: recency_days, trend_spend_30_vs_90, frequency_orders."
13718,"frequency_orders, monetary_total, orders_last_60d","spend_last_60d, trend_orders_30_vs_90, orders_last_30d","Main churn-risk drivers: frequency_orders, monetary_total, orders_last_60d. Main factors reducing churn risk: spend_last_60d, trend_orders_30_vs_90, orders_last_30d."
13719,"frequency_orders, monetary_total, orders_last_60d","spend_last_60d, trend_orders_30_vs_90, orders_last_30d","Main churn-risk drivers: frequency_orders, monetary_total, orders_last_60d. Main factors reducing churn risk: spend_last_60d, trend_orders_30_vs_90, orders_last_30d."
13720,"monetary_total, orders_last_30d, trend_orders_30_vs_90","recency_days, frequency_orders, orders_last_60d","Main churn-risk drivers: monetary_total, orders_last_30d, trend_orders_30_vs_90. Main factors reducing churn risk: recency_days, frequency_orders, orders_last_60d."
13722,"trend_orders_30_vs_90, spend_last_60d, frequency_orders","orders_last_60d, monetary_total, recency_days","Main churn-risk drivers: trend_orders_30_vs_90, spend_last_60d, frequency_orders. Main factors reducing churn risk: orders_last_60d, monetary_total, recency_days."
13723,"frequency_orders, monetary_total, orders_last_60d","spend_last_60d, trend_orders_30_vs_90, orders_last_30d","Main churn-risk drivers: frequency_orders, monetary_total, orders_last_60d. Main factors reducing churn risk: spend_last_60d, trend_orders_30_vs_90, orders_last_30d."
13725,"orders_last_60d, trend_orders_30_vs_90, spend_last_90d","frequency_orders, trend_spend_30_vs_90, spend_last_60d","Main churn-risk drivers: orders_last_60d, trend_orders_30_vs_90, spend_last_90d. Main factors reducing churn risk: frequency_orders, trend_spend_30_vs_90, spend_last_60d."
13726,"frequency_orders, monetary_total, orders_last_30d","recency_days, trend_orders_30_vs_90, monetary_mean","Main churn-risk drivers: frequency_orders, monetary_total, orders_last_30d. Main factors reducing churn risk: recency_days, trend_orders_30_vs_90, monetary_mean."
13728,"monetary_total, orders_last_30d, spend_last_90d","frequency_orders, orders_last_60d, recency_days","Main churn-risk drivers: monetary_total, orders_last_30d, spend_last_90d. Main factors reducing churn risk: frequency_orders, orders_last_60d, recency_days."
13730,"frequency_orders, monetary_total, trend_orders_30_vs_90","recency_days, trend_spend_30_vs_90, orders_last_30d","Main churn-risk drivers: frequency_orders, monetary_total, trend_orders_30_vs_90. Main factors reducing churn risk: recency_days, trend_spend_30_vs_90, orders_last_30d."
13731,"frequency_orders, monetary_total, orders_last_60d","spend_last_60d, trend_orders_30_vs_90, orders_last_30d","Main churn-risk drivers: frequency_orders, monetary_total, orders_last_60d. Main factors reducing churn risk: spend_last_60d, trend_orders_30_vs_90, orders_last_30d."
13735,"frequency_orders, orders_last_60d, trend_orders_30_vs_90","trend_spend_30_vs_90, spend_last_60d, monetary_mean","Main churn-risk drivers: frequency_orders, orders_last_60d, trend_orders_30_vs_90. Main factors reducing churn risk: trend_spend_30_vs_90, spend_last_60d, monetary_mean."
13736,"frequency_orders, monetary_total, recency_days","spend_last_60d, trend_orders_30_vs_90, monetary_mean","Main churn-risk drivers: frequency_orders, monetary_total, recency_days. Main factors reducing churn risk: spend_last_60d, trend_orders_30_vs_90, monetary_mean."
13737,"frequency_orders, monetary_total, orders_last_60d","spend_last_60d, trend_orders_30_vs_90, monetary_mean","Main churn-risk drivers: frequency_orders, monetary_total, orders_last_60d. Main factors reducing churn risk: spend_last_60d, trend_orders_30_vs_90, monetary_mean."
13740,"frequency_orders, monetary_total, orders_last_60d","spend_last_60d, trend_orders_30_vs_90, monetary_mean","Main churn-risk drivers: frequency_orders, monetary_total, orders_last_60d. Main factors reducing churn risk: spend_last_60d, trend_orders_30_vs_90, monetary_mean."
13741,"frequency_orders, monetary_total, orders_last_60d","spend_last_60d, trend_orders_30_vs_90, orders_last_30d","Main churn-risk drivers: frequency_orders, monetary_total, orders_last_60d. Main factors reducing churn risk: spend_last_60d, trend_orders_30_vs_90, orders_last_30d."
13742,"orders_last_60d, trend_orders_30_vs_90, orders_last_90d","frequency_orders, monetary_total, trend_spend_30_vs_90","Main churn-risk drivers: orders_last_60d, trend_orders_30_vs_90, orders_last_90d. Main factors reducing churn risk: frequency_orders, monetary_total, trend_spend_30_vs_90."
13743,"orders_last_30d, monetary_total, orders_last_90d","frequency_orders, orders_last_60d, recency_days","Main churn-risk drivers: orders_last_30d, monetary_total, orders_last_90d. Main factors reducing churn risk: frequency_orders, orders_last_60d, recency_days."
13744,"frequency_orders, monetary_total, orders_last_30d","recency_days, trend_orders_30_vs_90, orders_last_60d","Main churn-risk drivers: frequency_orders, monetary_total, orders_last_30d. Main factors reducing churn risk: recency_days, trend_orders_30_vs_90, orders_last_60d."
13745,"frequency_orders, monetary_total, orders_last_60d","trend_spend_30_vs_90, spend_last_60d, recency_days","Main churn-risk drivers: frequency_orders, monetary_total, orders_last_60d. Main factors reducing churn risk: trend_spend_30_vs_90, spend_last_60d, recency_days."
13747,"frequency_orders, recency_days, monetary_total","spend_last_60d, trend_orders_30_vs_90, orders_last_30d","Main churn-risk drivers: frequency_orders, recency_days, monetary_total. Main factors reducing churn risk: spend_last_60d, trend_orders_30_vs_90, orders_last_30d."
13748,"orders_last_30d, monetary_total, trend_spend_30_vs_90","frequency_orders, orders_last_60d, recency_days","Main churn-risk drivers: orders_last_30d, monetary_total, trend_spend_30_vs_90. Main factors reducing churn risk: frequency_orders, orders_last_60d, recency_days."
13750,"trend_orders_30_vs_90, monetary_total, orders_last_90d","recency_days, trend_spend_30_vs_90, frequency_orders","Main churn-risk drivers: trend_orders_30_vs_90, monetary_total, orders_last_90d. Main factors reducing churn risk: recency_days, trend_spend_30_vs_90, frequency_orders."
13751,"frequency_orders, recency_days, monetary_total","spend_last_60d, trend_orders_30_vs_90, orders_last_30d","Main churn-risk drivers: frequency_orders, recency_days, monetary_total. Main factors reducing churn risk: spend_last_60d, trend_orders_30_vs_90, orders_last_30d."
13752,"trend_orders_30_vs_90, monetary_total, spend_last_90d","frequency_orders, recency_days, trend_spend_30_vs_90","Main churn-risk drivers: trend_orders_30_vs_90, monetary_total, spend_last_90d. Main factors reducing churn risk: frequency_orders, recency_days, trend_spend_30_vs_90."
13753,"frequency_orders, recency_days, orders_last_60d","spend_last_60d, trend_orders_30_vs_90, orders_last_30d","Main churn-risk drivers: frequency_orders, recency_days, orders_last_60d. Main factors reducing churn risk: spend_last_60d, trend_orders_30_vs_90, orders_last_30d."
13754,"frequency_orders, monetary_total, orders_last_60d","trend_spend_30_vs_90, spend_last_60d, recency_days","Main churn-risk drivers: frequency_orders, monetary_total, orders_last_60d. Main factors reducing churn risk: trend_spend_30_vs_90, spend_last_60d, recency_days."
13756,"spend_last_60d, trend_orders_30_vs_90, orders_last_30d","frequency_orders, orders_last_60d, monetary_total","Main churn-risk drivers: spend_last_60d, trend_orders_30_vs_90, orders_last_30d. Main factors reducing churn risk: frequency_orders, orders_last_60d, monetary_total."
13758,"orders_last_60d, spend_last_90d, trend_spend_30_vs_90","frequency_orders, monetary_total, spend_last_60d","Main churn-risk drivers: orders_last_60d, spend_last_90d, trend_spend_30_vs_90. Main factors reducing churn risk: frequency_orders, monetary_total, spend_last_60d."
13760,"frequency_orders, monetary_total, orders_last_60d","spend_last_60d, trend_orders_30_vs_90, monetary_mean","Main churn-risk drivers: frequency_orders, monetary_total, orders_last_60d. Main factors reducing churn risk: spend_last_60d, trend_orders_30_vs_90, monetary_mean."
13761,"frequency_orders, monetary_total, orders_last_60d","trend_spend_30_vs_90, spend_last_60d, monetary_mean","Main churn-risk drivers: frequency_orders, monetary_total, orders_last_60d. Main factors reducing churn risk: trend_spend_30_vs_90, spend_last_60d, monetary_mean."
13762,"frequency_orders, monetary_total, orders_last_60d","spend_last_60d, trend_orders_30_vs_90, orders_last_30d","Main churn-risk drivers: frequency_orders, monetary_total, orders_last_60d. Main factors reducing churn risk: spend_last_60d, trend_orders_30_vs_90, orders_last_30d."
13764,"frequency_orders, monetary_total, trend_orders_30_vs_90","recency_days, trend_spend_30_vs_90, monetary_mean","Main churn-risk drivers: frequency_orders, monetary_total, trend_orders_30_vs_90. Main factors reducing churn risk: recency_days, trend_spend_30_vs_90, monetary_mean."
13767,"spend_last_60d, trend_orders_30_vs_90, orders_last_30d","frequency_orders, monetary_total, orders_last_60d","Main churn-risk drivers: spend_last_60d, trend_orders_30_vs_90, orders_last_30d. Main factors reducing churn risk: frequency_orders, monetary_total, orders_last_60d."
13769,"orders_last_30d, spend_last_60d, orders_last_90d","frequency_orders, orders_last_60d, recency_days","Main churn-risk drivers: orders_last_30d, spend_last_60d, orders_last_90d. Main factors reducing churn risk: frequency_orders, orders_last_60d, recency_days."
13771,"frequency_orders, orders_last_60d, spend_last_90d","spend_last_60d, trend_orders_30_vs_90, orders_last_30d","Main churn-risk drivers: frequency_orders, orders_last_60d, spend_last_90d. Main factors reducing churn risk: spend_last_60d, trend_orders_30_vs_90, orders_last_30d."
13772,"frequency_orders, monetary_total, orders_last_30d","recency_days, trend_orders_30_vs_90, monetary_mean","Main churn-risk drivers: frequency_orders, monetary_total, orders_last_30d. Main factors reducing churn risk: recency_days, trend_orders_30_vs_90, monetary_mean."
13777,"trend_orders_30_vs_90, spend_last_60d, monetary_mean","frequency_orders, monetary_total, orders_last_60d","Main churn-risk drivers: trend_orders_30_vs_90, spend_last_60d, monetary_mean. Main factors reducing churn risk: frequency_orders, monetary_total, orders_last_60d."
13778,"frequency_orders, monetary_total, orders_last_30d","recency_days, trend_orders_30_vs_90, spend_last_60d","Main churn-risk drivers: frequency_orders, monetary_total, orders_last_30d. Main factors reducing churn risk: recency_days, trend_orders_30_vs_90, spend_last_60d."
13780,"frequency_orders, monetary_total, orders_last_60d","trend_spend_30_vs_90, spend_last_60d, monetary_mean","Main churn-risk drivers: frequency_orders, monetary_total, orders_last_60d. Main factors reducing churn risk: trend_spend_30_vs_90, spend_last_60d, monetary_mean."
13781,"frequency_orders, monetary_total, orders_last_60d","spend_last_60d, trend_orders_30_vs_90, monetary_mean","Main churn-risk drivers: frequency_orders, monetary_total, orders_last_60d. Main factors reducing churn risk: spend_last_60d, trend_orders_30_vs_90, monetary_mean."
13782,"monetary_total, frequency_orders, trend_orders_30_vs_90","recency_days, trend_spend_30_vs_90, spend_last_60d","Main churn-risk drivers: monetary_total, frequency_orders, trend_orders_30_vs_90. Main factors reducing churn risk: recency_days, trend_spend_30_vs_90, spend_last_60d."
13784,"orders_last_30d, spend_last_60d, orders_last_90d","frequency_orders, orders_last_60d, recency_days","Main churn-risk drivers: orders_last_30d, spend_last_60d, orders_last_90d. Main factors reducing churn risk: frequency_orders, orders_last_60d, recency_days."
13786,"frequency_orders, recency_days, monetary_total","spend_last_60d, trend_orders_30_vs_90, orders_last_30d","Main churn-risk drivers: frequency_orders, recency_days, monetary_total. Main factors reducing churn risk: spend_last_60d, trend_orders_30_vs_90, orders_last_30d."
13787,"frequency_orders, recency_days, monetary_total","spend_last_60d, trend_orders_30_vs_90, monetary_mean","Main churn-risk drivers: frequency_orders, recency_days, monetary_total. Main factors reducing churn risk: spend_last_60d, trend_orders_30_vs_90, monetary_mean."
13791,"frequency_orders, trend_orders_30_vs_90, monetary_median","spend_last_90d, recency_days, trend_spend_30_vs_90","Main churn-risk drivers: frequency_orders, trend_orders_30_vs_90, monetary_median. Main factors reducing churn risk: spend_last_90d, recency_days, trend_spend_30_vs_90."
13792,"frequency_orders, monetary_total, recency_days","spend_last_60d, trend_orders_30_vs_90, orders_last_30d","Main churn-risk drivers: frequency_orders, monetary_total, recency_days. Main factors reducing churn risk: spend_last_60d, trend_orders_30_vs_90, orders_last_30d."
13798,"spend_last_60d, orders_last_30d, trend_orders_30_vs_90","frequency_orders, monetary_total, orders_last_60d","Main churn-risk drivers: spend_last_60d, orders_last_30d, trend_orders_30_vs_90. Main factors reducing churn risk: frequency_orders, monetary_total, orders_last_60d."
13799,"frequency_orders, monetary_total, orders_last_30d","recency_days, trend_orders_30_vs_90, orders_last_60d","Main churn-risk drivers: frequency_orders, monetary_total, orders_last_30d. Main factors reducing churn risk: recency_days, trend_orders_30_vs_90, orders_last_60d."
13800,"frequency_orders, recency_days, monetary_total","spend_last_60d, trend_orders_30_vs_90, orders_last_30d","Main churn-risk drivers: frequency_orders, recency_days, monetary_total. Main factors reducing churn risk: spend_last_60d, trend_orders_30_vs_90, orders_last_30d."
13802,"spend_last_60d, frequency_orders, trend_orders_30_vs_90","monetary_total, spend_last_90d, recency_days","Main churn-risk drivers: spend_last_60d, frequency_orders, trend_orders_30_vs_90. Main factors reducing churn risk: monetary_total, spend_last_90d, recency_days."
13803,"frequency_orders, monetary_total, orders_last_60d","spend_last_60d, trend_orders_30_vs_90, orders_last_30d","Main churn-risk drivers: frequency_orders, monetary_total, orders_last_60d. Main factors reducing churn risk: spend_last_60d, trend_orders_30_vs_90, orders_last_30d."
13804,"trend_orders_30_vs_90, orders_last_30d, spend_last_60d","orders_last_60d, recency_days, frequency_orders","Main churn-risk drivers: trend_orders_30_vs_90, orders_last_30d, spend_last_60d. Main factors reducing churn risk: orders_last_60d, recency_days, frequency_orders."
13805,"frequency_orders, monetary_total, trend_orders_30_vs_90","recency_days, trend_spend_30_vs_90, orders_last_30d","Main churn-risk drivers: frequency_orders, monetary_total, trend_orders_30_vs_90. Main factors reducing churn risk: recency_days, trend_spend_30_vs_90, orders_last_30d."
13807,"frequency_orders, recency_days, monetary_total","spend_last_60d, trend_orders_30_vs_90, orders_last_30d","Main churn-risk drivers: frequency_orders, recency_days, monetary_total. Main factors reducing churn risk: spend_last_60d, trend_orders_30_vs_90, orders_last_30d."
13808,"frequency_orders, orders_last_30d, monetary_total","orders_last_60d, recency_days, trend_orders_30_vs_90","Main churn-risk drivers: frequency_orders, orders_last_30d, monetary_total. Main factors reducing churn risk: orders_last_60d, recency_days, trend_orders_30_vs_90."
13809,"frequency_orders, recency_days, monetary_total","spend_last_60d, trend_orders_30_vs_90, monetary_mean","Main churn-risk drivers: frequency_orders, recency_days, monetary_total. Main factors reducing churn risk: spend_last_60d, trend_orders_30_vs_90, monetary_mean."
13811,"orders_last_60d, monetary_total, frequency_orders","spend_last_60d, trend_orders_30_vs_90, orders_last_30d","Main churn-risk drivers: orders_last_60d, monetary_total, frequency_orders. Main factors reducing churn risk: spend_last_60d, trend_orders_30_vs_90, orders_last_30d."
13812,"frequency_orders, monetary_total, orders_last_30d","recency_days, trend_orders_30_vs_90, monetary_mean","Main churn-risk drivers: frequency_orders, monetary_total, orders_last_30d. Main factors reducing churn risk: recency_days, trend_orders_30_vs_90, monetary_mean."
13813,"frequency_orders, monetary_total, trend_orders_30_vs_90","recency_days, trend_spend_30_vs_90, orders_last_30d","Main churn-risk drivers: frequency_orders, monetary_total, trend_orders_30_vs_90. Main factors reducing churn risk: recency_days, trend_spend_30_vs_90, orders_last_30d."
13814,"spend_last_60d, frequency_orders, orders_last_30d","orders_last_60d, recency_days, spend_last_90d","Main churn-risk drivers: spend_last_60d, frequency_orders, orders_last_30d. Main factors reducing churn risk: orders_last_60d, recency_days, spend_last_90d."
13815,"frequency_orders, orders_last_60d, trend_orders_30_vs_90","monetary_total, spend_last_90d, trend_spend_30_vs_90","Main churn-risk drivers: frequency_orders, orders_last_60d, trend_orders_30_vs_90. Main factors reducing churn risk: monetary_total, spend_last_90d, trend_spend_30_vs_90."
13817,"frequency_orders, recency_days, monetary_total","spend_last_60d, trend_orders_30_vs_90, monetary_mean","Main churn-risk drivers: frequency_orders, recency_days, monetary_total. Main factors reducing churn risk: spend_last_60d, trend_orders_30_vs_90, monetary_mean."
13819,"recency_days, orders_last_60d, frequency_orders","spend_last_60d, trend_orders_30_vs_90, orders_last_30d","Main churn-risk drivers: recency_days, orders_last_60d, frequency_orders. Main factors reducing churn risk: spend_last_60d, trend_orders_30_vs_90, orders_last_30d."
13821,"frequency_orders, monetary_total, trend_orders_30_vs_90","recency_days, trend_spend_30_vs_90, spend_last_60d","Main churn-risk drivers: frequency_orders, monetary_total, trend_orders_30_vs_90. Main factors reducing churn risk: recency_days, trend_spend_30_vs_90, spend_last_60d."
13823,"frequency_orders, monetary_total, orders_last_30d","recency_days, trend_orders_30_vs_90, orders_last_60d","Main churn-risk drivers: frequency_orders, monetary_total, orders_last_30d. Main factors reducing churn risk: recency_days, trend_orders_30_vs_90, orders_last_60d."
13824,"trend_orders_30_vs_90, spend_last_90d, monetary_total","recency_days, trend_spend_30_vs_90, frequency_orders","Main churn-risk drivers: trend_orders_30_vs_90, spend_last_90d, monetary_total. Main factors reducing churn risk: recency_days, trend_spend_30_vs_90, frequency_orders."
13826,"frequency_orders, monetary_total, orders_last_60d","trend_spend_30_vs_90, spend_last_60d, orders_last_30d","Main churn-risk drivers: frequency_orders, monetary_total, orders_last_60d. Main factors reducing churn risk: trend_spend_30_vs_90, spend_last_60d, orders_last_30d."
13827,"frequency_orders, monetary_total, trend_orders_30_vs_90","orders_last_60d, recency_days, trend_spend_30_vs_90","Main churn-risk drivers: frequency_orders, monetary_total, trend_orders_30_vs_90. Main factors reducing churn risk: orders_last_60d, recency_days, trend_spend_30_vs_90."
13831,"trend_orders_30_vs_90, spend_last_90d, monetary_total","recency_days, trend_spend_30_vs_90, frequency_orders","Main churn-risk drivers: trend_orders_30_vs_90, spend_last_90d, monetary_total. Main factors reducing churn risk: recency_days, trend_spend_30_vs_90, frequency_orders."
13833,"frequency_orders, monetary_total, orders_last_60d","trend_spend_30_vs_90, spend_last_60d, recency_days","Main churn-risk drivers: frequency_orders, monetary_total, orders_last_60d. Main factors reducing churn risk: trend_spend_30_vs_90, spend_last_60d, recency_days."
13835,"frequency_orders, monetary_total, orders_last_60d","trend_spend_30_vs_90, spend_last_60d, recency_days","Main churn-risk drivers: frequency_orders, monetary_total, orders_last_60d. Main factors reducing churn risk: trend_spend_30_vs_90, spend_last_60d, recency_days."
13837,"frequency_orders, monetary_total, orders_last_60d","spend_last_60d, trend_orders_30_vs_90, monetary_mean","Main churn-risk drivers: frequency_orders, monetary_total, orders_last_60d. Main factors reducing churn risk: spend_last_60d, trend_orders_30_vs_90, monetary_mean."
13838,"orders_last_30d, monetary_total, frequency_orders","orders_last_60d, recency_days, trend_orders_30_vs_90","Main churn-risk drivers: orders_last_30d, monetary_total, frequency_orders. Main factors reducing churn risk: orders_last_60d, recency_days, trend_orders_30_vs_90."
13841,"frequency_orders, monetary_total, orders_last_60d","spend_last_60d, trend_orders_30_vs_90, orders_last_30d","Main churn-risk drivers: frequency_orders, monetary_total, orders_last_60d. Main factors reducing churn risk: spend_last_60d, trend_orders_30_vs_90, orders_last_30d."
13842,"orders_last_60d, trend_orders_30_vs_90, spend_last_90d","frequency_orders, trend_spend_30_vs_90, monetary_total","Main churn-risk drivers: orders_last_60d, trend_orders_30_vs_90, spend_last_90d. Main factors reducing churn risk: frequency_orders, trend_spend_30_vs_90, monetary_total."
13846,"frequency_orders, orders_last_60d, monetary_total","spend_last_60d, trend_orders_30_vs_90, orders_last_30d","Main churn-risk drivers: frequency_orders, orders_last_60d, monetary_total. Main factors reducing churn risk: spend_last_60d, trend_orders_30_vs_90, orders_last_30d."
13848,"monetary_median, monetary_mean, frequency_orders","recency_days, trend_orders_30_vs_90, orders_last_60d","Main churn-risk drivers: monetary_median, monetary_mean, frequency_orders. Main factors reducing churn risk: recency_days, trend_orders_30_vs_90, orders_last_60d."
13849,"frequency_orders, monetary_total, orders_last_60d","trend_spend_30_vs_90, spend_last_60d, orders_last_30d","Main churn-risk drivers: frequency_orders, monetary_total, orders_last_60d. Main factors reducing churn risk: trend_spend_30_vs_90, spend_last_60d, orders_last_30d."
13850,"frequency_orders, spend_last_60d, trend_orders_30_vs_90","spend_last_90d, recency_days, trend_spend_30_vs_90","Main churn-risk drivers: frequency_orders, spend_last_60d, trend_orders_30_vs_90. Main factors reducing churn risk: spend_last_90d, recency_days, trend_spend_30_vs_90."
13851,"spend_last_60d, frequency_orders, orders_last_30d","spend_last_90d, orders_last_60d, recency_days","Main churn-risk drivers: spend_last_60d, frequency_orders, orders_last_30d. Main factors reducing churn risk: spend_last_90d, orders_last_60d, recency_days."
13854,"orders_last_30d, spend_last_60d, trend_orders_30_vs_90","frequency_orders, monetary_total, orders_last_60d","Main churn-risk drivers: orders_last_30d, spend_last_60d, trend_orders_30_vs_90. Main factors reducing churn risk: frequency_orders, monetary_total, orders_last_60d."
13856,"monetary_total, orders_last_60d, frequency_orders","trend_spend_30_vs_90, spend_last_60d, orders_last_30d","Main churn-risk drivers: monetary_total, orders_last_60d, frequency_orders. Main factors reducing churn risk: trend_spend_30_vs_90, spend_last_60d, orders_last_30d."
13859,"frequency_orders, recency_days, monetary_total","spend_last_60d, trend_orders_30_vs_90, monetary_mean","Main churn-risk drivers: frequency_orders, recency_days, monetary_total. Main factors reducing churn risk: spend_last_60d, trend_orders_30_vs_90, monetary_mean."
13862,"orders_last_30d, trend_orders_30_vs_90, orders_last_90d","frequency_orders, recency_days, orders_last_60d","Main churn-risk drivers: orders_last_30d, trend_orders_30_vs_90, orders_last_90d. Main factors reducing churn risk: frequency_orders, recency_days, orders_last_60d."
13863,"frequency_orders, monetary_total, orders_last_60d","spend_last_60d, trend_orders_30_vs_90, monetary_mean","Main churn-risk drivers: frequency_orders, monetary_total, orders_last_60d. Main factors reducing churn risk: spend_last_60d, trend_orders_30_vs_90, monetary_mean."
13865,"monetary_total, frequency_orders, trend_orders_30_vs_90","recency_days, trend_spend_30_vs_90, spend_last_60d","Main churn-risk drivers: monetary_total, frequency_orders, trend_orders_30_vs_90. Main factors reducing churn risk: recency_days, trend_spend_30_vs_90, spend_last_60d."
13867,"frequency_orders, monetary_total, orders_last_60d","spend_last_60d, trend_orders_30_vs_90, orders_last_30d","Main churn-risk drivers: frequency_orders, monetary_total, orders_last_60d. Main factors reducing churn risk: spend_last_60d, trend_orders_30_vs_90, orders_last_30d."
13869,"spend_last_60d, trend_orders_30_vs_90","monetary_total, spend_last_90d, recency_days","Main churn-risk drivers: spend_last_60d, trend_orders_30_vs_90. Main factors reducing churn risk: monetary_total, spend_last_90d, recency_days."
13870,"spend_last_60d, trend_orders_30_vs_90, orders_last_30d","frequency_orders, orders_last_60d, recency_days","Main churn-risk drivers: spend_last_60d, trend_orders_30_vs_90, orders_last_30d. Main factors reducing churn risk: frequency_orders, orders_last_60d, recency_days."
13871,"spend_last_60d, orders_last_30d, trend_orders_30_vs_90","frequency_orders, monetary_total, orders_last_60d","Main churn-risk drivers: spend_last_60d, orders_last_30d, trend_orders_30_vs_90. Main factors reducing churn risk: frequency_orders, monetary_total, orders_last_60d."
13873,"monetary_total, frequency_orders, orders_last_30d","recency_days, trend_orders_30_vs_90, spend_last_60d","Main churn-risk drivers: monetary_total, frequency_orders, orders_last_30d. Main factors reducing churn risk: recency_days, trend_orders_30_vs_90, spend_last_60d."
13874,"frequency_orders, recency_days, monetary_total","spend_last_60d, trend_orders_30_vs_90, orders_last_30d","Main churn-risk drivers: frequency_orders, recency_days, monetary_total. Main factors reducing churn risk: spend_last_60d, trend_orders_30_vs_90, orders_last_30d."
13875,"trend_orders_30_vs_90, monetary_total, spend_last_90d","recency_days, trend_spend_30_vs_90, frequency_orders","Main churn-risk drivers: trend_orders_30_vs_90, monetary_total, spend_last_90d. Main factors reducing churn risk: recency_days, trend_spend_30_vs_90, frequency_orders."
13880,"trend_orders_30_vs_90, spend_last_90d, orders_last_90d","frequency_orders, orders_last_60d, trend_spend_30_vs_90","Main churn-risk drivers: trend_orders_30_vs_90, spend_last_90d, orders_last_90d. Main factors reducing churn risk: frequency_orders, orders_last_60d, trend_spend_30_vs_90."
13881,"spend_last_60d, orders_last_30d, spend_last_30d","frequency_orders, monetary_total, spend_last_90d","Main churn-risk drivers: spend_last_60d, orders_last_30d, spend_last_30d. Main factors reducing churn risk: frequency_orders, monetary_total, spend_last_90d."
13883,"orders_last_60d, spend_last_90d, recency_days","spend_last_60d, frequency_orders, trend_orders_30_vs_90","Main churn-risk drivers: orders_last_60d, spend_last_90d, recency_days. Main factors reducing churn risk: spend_last_60d, frequency_orders, trend_orders_30_vs_90."
13884,"monetary_total, recency_days, orders_last_60d","spend_last_60d, trend_orders_30_vs_90, orders_last_30d","Main churn-risk drivers: monetary_total, recency_days, orders_last_60d. Main factors reducing churn risk: spend_last_60d, trend_orders_30_vs_90, orders_last_30d."
13885,"frequency_orders, monetary_total, orders_last_60d","spend_last_60d, trend_orders_30_vs_90, orders_last_30d","Main churn-risk drivers: frequency_orders, monetary_total, orders_last_60d. Main factors reducing churn risk: spend_last_60d, trend_orders_30_vs_90, orders_last_30d."
13887,"frequency_orders, monetary_total, orders_last_60d","spend_last_60d, trend_orders_30_vs_90, orders_last_30d","Main churn-risk drivers: frequency_orders, monetary_total, orders_last_60d. Main factors reducing churn risk: spend_last_60d, trend_orders_30_vs_90, orders_last_30d."
13888,"frequency_orders, monetary_total, orders_last_30d","recency_days, trend_orders_30_vs_90, monetary_mean","Main churn-risk drivers: frequency_orders, monetary_total, orders_last_30d. Main factors reducing churn risk: recency_days, trend_orders_30_vs_90, monetary_mean."
13889,"frequency_orders, monetary_total, orders_last_30d","recency_days, trend_orders_30_vs_90, orders_last_60d","Main churn-risk drivers: frequency_orders, monetary_total, orders_last_30d. Main factors reducing churn risk: recency_days, trend_orders_30_vs_90, orders_last_60d."
13890,"frequency_orders, monetary_total, orders_last_30d","recency_days, trend_orders_30_vs_90, orders_last_60d","Main churn-risk drivers: frequency_orders, monetary_total, orders_last_30d. Main factors reducing churn risk: recency_days, trend_orders_30_vs_90, orders_last_60d."
13892,"frequency_orders, monetary_total, orders_last_60d","spend_last_60d, trend_orders_30_vs_90, orders_last_30d","Main churn-risk drivers: frequency_orders, monetary_total, orders_last_60d. Main factors reducing churn risk: spend_last_60d, trend_orders_30_vs_90, orders_last_30d."
13893,"frequency_orders, recency_days, orders_last_60d","spend_last_60d, trend_orders_30_vs_90, orders_last_30d","Main churn-risk drivers: frequency_orders, recency_days, orders_last_60d. Main factors reducing churn risk: spend_last_60d, trend_orders_30_vs_90, orders_last_30d."
13894,"frequency_orders, recency_days, monetary_total","spend_last_60d, trend_orders_30_vs_90, orders_last_30d","Main churn-risk drivers: frequency_orders, recency_days, monetary_total. Main factors reducing churn risk: spend_last_60d, trend_orders_30_vs_90, orders_last_30d."
13895,"frequency_orders, trend_orders_30_vs_90, monetary_total","recency_days, trend_spend_30_vs_90, spend_last_90d","Main churn-risk drivers: frequency_orders, trend_orders_30_vs_90, monetary_total. Main factors reducing churn risk: recency_days, trend_spend_30_vs_90, spend_last_90d."
13898,"frequency_orders, recency_days, monetary_total","spend_last_60d, trend_orders_30_vs_90, monetary_mean","Main churn-risk drivers: frequency_orders, recency_days, monetary_total. Main factors reducing churn risk: spend_last_60d, trend_orders_30_vs_90, monetary_mean."
13899,"frequency_orders, monetary_total, recency_days","spend_last_60d, trend_orders_30_vs_90, orders_last_30d","Main churn-risk drivers: frequency_orders, monetary_total, recency_days. Main factors reducing churn risk: spend_last_60d, trend_orders_30_vs_90, orders_last_30d."
13900,"orders_last_60d, monetary_total, frequency_orders","spend_last_60d, trend_orders_30_vs_90, orders_last_30d","Main churn-risk drivers: orders_last_60d, monetary_total, frequency_orders. Main factors reducing churn risk: spend_last_60d, trend_orders_30_vs_90, orders_last_30d."
13901,"orders_last_30d, trend_orders_30_vs_90, spend_last_60d","spend_last_90d, recency_days, monetary_total","Main churn-risk drivers: orders_last_30d, trend_orders_30_vs_90, spend_last_60d. Main factors reducing churn risk: spend_last_90d, recency_days, monetary_total."
13904,"frequency_orders, recency_days, monetary_total","spend_last_60d, trend_orders_30_vs_90, monetary_mean","Main churn-risk drivers: frequency_orders, recency_days, monetary_total. Main factors reducing churn risk: spend_last_60d, trend_orders_30_vs_90, monetary_mean."
13908,"frequency_orders, trend_orders_30_vs_90, spend_last_60d","recency_days, trend_spend_30_vs_90, orders_last_30d","Main churn-risk drivers: frequency_orders, trend_orders_30_vs_90, spend_last_60d. Main factors reducing churn risk: recency_days, trend_spend_30_vs_90, orders_last_30d."
13911,"trend_orders_30_vs_90, spend_last_60d, orders_last_90d","frequency_orders, orders_last_60d, monetary_total","Main churn-risk drivers: trend_orders_30_vs_90, spend_last_60d, orders_last_90d. Main factors reducing churn risk: frequency_orders, orders_last_60d, monetary_total."
13917,"frequency_orders, monetary_total, orders_last_60d","spend_last_60d, trend_orders_30_vs_90, monetary_mean","Main churn-risk drivers: frequency_orders, monetary_total, orders_last_60d. Main factors reducing churn risk: spend_last_60d, trend_orders_30_vs_90, monetary_mean."
13918,"frequency_orders, monetary_total, orders_last_60d","spend_last_60d, trend_orders_30_vs_90, orders_last_30d","Main churn-risk drivers: frequency_orders, monetary_total, orders_last_60d. Main factors reducing churn risk: spend_last_60d, trend_orders_30_vs_90, orders_last_30d."
13919,"frequency_orders, monetary_total, trend_orders_30_vs_90","recency_days, trend_spend_30_vs_90, monetary_mean","Main churn-risk drivers: frequency_orders, monetary_total, trend_orders_30_vs_90. Main factors reducing churn risk: recency_days, trend_spend_30_vs_90, monetary_mean."
13922,"frequency_orders, recency_days, monetary_total","spend_last_60d, trend_orders_30_vs_90, orders_last_30d","Main churn-risk drivers: frequency_orders, recency_days, monetary_total. Main factors reducing churn risk: spend_last_60d, trend_orders_30_vs_90, orders_last_30d."
13925,"orders_last_30d, monetary_total, spend_last_60d","orders_last_60d, recency_days, frequency_orders","Main churn-risk drivers: orders_last_30d, monetary_total, spend_last_60d. Main factors reducing churn risk: orders_last_60d, recency_days, frequency_orders."
13928,"frequency_orders, monetary_total, orders_last_30d","orders_last_60d, recency_days, monetary_mean","Main churn-risk drivers: frequency_orders, monetary_total, orders_last_30d. Main factors reducing churn risk: orders_last_60d, recency_days, monetary_mean."
13929,"frequency_orders, orders_last_60d, monetary_total","trend_spend_30_vs_90, spend_last_60d, orders_last_30d","Main churn-risk drivers: frequency_orders, orders_last_60d, monetary_total. Main factors reducing churn risk: trend_spend_30_vs_90, spend_last_60d, orders_last_30d."
13930,"frequency_orders, monetary_total, trend_orders_30_vs_90","recency_days, trend_spend_30_vs_90, orders_last_30d","Main churn-risk drivers: frequency_orders, monetary_total, trend_orders_30_vs_90. Main factors reducing churn risk: recency_days, trend_spend_30_vs_90, orders_last_30d."
13931,"frequency_orders, spend_last_60d, orders_last_30d","recency_days, trend_orders_30_vs_90, orders_last_60d","Main churn-risk drivers: frequency_orders, spend_last_60d, orders_last_30d. Main factors reducing churn risk: recency_days, trend_orders_30_vs_90, orders_last_60d."
13932,"frequency_orders, recency_days, monetary_total","spend_last_60d, trend_orders_30_vs_90, orders_last_30d","Main churn-risk drivers: frequency_orders, recency_days, monetary_total. Main factors reducing churn risk: spend_last_60d, trend_orders_30_vs_90, orders_last_30d."
13933,"frequency_orders, monetary_total, orders_last_30d","orders_last_60d, recency_days, monetary_mean","Main churn-risk drivers: frequency_orders, monetary_total, orders_last_30d. Main factors reducing churn risk: orders_last_60d, recency_days, monetary_mean."
13934,"frequency_orders, recency_days, orders_last_60d","spend_last_60d, trend_orders_30_vs_90, orders_last_30d","Main churn-risk drivers: frequency_orders, recency_days, orders_last_60d. Main factors reducing churn risk: spend_last_60d, trend_orders_30_vs_90, orders_last_30d."
13936,"frequency_orders, monetary_total, orders_last_60d","trend_spend_30_vs_90, spend_last_60d, monetary_mean","Main churn-risk drivers: frequency_orders, monetary_total, orders_last_60d. Main factors reducing churn risk: trend_spend_30_vs_90, spend_last_60d, monetary_mean."
13937,"frequency_orders, monetary_total, orders_last_60d","trend_spend_30_vs_90, spend_last_60d, orders_last_30d","Main churn-risk drivers: frequency_orders, monetary_total, orders_last_60d. Main factors reducing churn risk: trend_spend_30_vs_90, spend_last_60d, orders_last_30d."
13939,"frequency_orders, monetary_total, orders_last_30d","recency_days, trend_orders_30_vs_90, monetary_mean","Main churn-risk drivers: frequency_orders, monetary_total, orders_last_30d. Main factors reducing churn risk: recency_days, trend_orders_30_vs_90, monetary_mean."
13940,"frequency_orders, monetary_total, orders_last_30d","orders_last_60d, recency_days, monetary_mean","Main churn-risk drivers: frequency_orders, monetary_total, orders_last_30d. Main factors reducing churn risk: orders_last_60d, recency_days, monetary_mean."
13941,"orders_last_60d, frequency_orders, trend_orders_30_vs_90","monetary_total, trend_spend_30_vs_90, spend_last_60d","Main churn-risk drivers: orders_last_60d, frequency_orders, trend_orders_30_vs_90. Main factors reducing churn risk: monetary_total, trend_spend_30_vs_90, spend_last_60d."
13946,"frequency_orders, monetary_total, orders_last_60d","spend_last_60d, trend_orders_30_vs_90, orders_last_30d","Main churn-risk drivers: frequency_orders, monetary_total, orders_last_60d. Main factors reducing churn risk: spend_last_60d, trend_orders_30_vs_90, orders_last_30d."
13948,"frequency_orders, recency_days, monetary_total","spend_last_60d, trend_orders_30_vs_90, orders_last_30d","Main churn-risk drivers: frequency_orders, recency_days, monetary_total. Main factors reducing churn risk: spend_last_60d, trend_orders_30_vs_90, orders_last_30d."
13949,"frequency_orders, monetary_total, orders_last_30d","recency_days, trend_orders_30_vs_90, monetary_mean","Main churn-risk drivers: frequency_orders, monetary_total, orders_last_30d. Main factors reducing churn risk: recency_days, trend_orders_30_vs_90, monetary_mean."
13950,"frequency_orders, monetary_total, orders_last_60d","spend_last_60d, trend_orders_30_vs_90, orders_last_30d","Main churn-risk drivers: frequency_orders, monetary_total, orders_last_60d. Main factors reducing churn risk: spend_last_60d, trend_orders_30_vs_90, orders_last_30d."
13951,"orders_last_60d, monetary_total, frequency_orders","trend_spend_30_vs_90, spend_last_60d, orders_last_30d","Main churn-risk drivers: orders_last_60d, monetary_total, frequency_orders. Main factors reducing churn risk: trend_spend_30_vs_90, spend_last_60d, orders_last_30d."
13952,"frequency_orders, orders_last_60d, spend_last_90d","monetary_total, spend_last_60d, trend_orders_30_vs_90","Main churn-risk drivers: frequency_orders, orders_last_60d, spend_last_90d. Main factors reducing churn risk: monetary_total, spend_last_60d, trend_orders_30_vs_90."
13953,"monetary_mean, orders_last_30d, trend_orders_30_vs_90","frequency_orders, monetary_total, recency_days","Main churn-risk drivers: monetary_mean, orders_last_30d, trend_orders_30_vs_90. Main factors reducing churn risk: frequency_orders, monetary_total, recency_days."
13955,"frequency_orders, monetary_total, orders_last_60d","trend_spend_30_vs_90, spend_last_60d, recency_days","Main churn-risk drivers: frequency_orders, monetary_total, orders_last_60d. Main factors reducing churn risk: trend_spend_30_vs_90, spend_last_60d, recency_days."
13956,"monetary_total, frequency_orders, trend_orders_30_vs_90","recency_days, trend_spend_30_vs_90, monetary_mean","Main churn-risk drivers: monetary_total, frequency_orders, trend_orders_30_vs_90. Main factors reducing churn risk: recency_days, trend_spend_30_vs_90, monetary_mean."
13959,"frequency_orders, recency_days, monetary_total","spend_last_60d, trend_orders_30_vs_90, monetary_mean","Main churn-risk drivers: frequency_orders, recency_days, monetary_total. Main factors reducing churn risk: spend_last_60d, trend_orders_30_vs_90, monetary_mean."
13962,"frequency_orders, monetary_total, orders_last_60d","spend_last_60d, trend_orders_30_vs_90, orders_last_30d","Main churn-risk drivers: frequency_orders, monetary_total, orders_last_60d. Main factors reducing churn risk: spend_last_60d, trend_orders_30_vs_90, orders_last_30d."
13963,"recency_days, orders_last_60d, monetary_total","spend_last_60d, frequency_orders, trend_orders_30_vs_90","Main churn-risk drivers: recency_days, orders_last_60d, monetary_total. Main factors reducing churn risk: spend_last_60d, frequency_orders, trend_orders_30_vs_90."
13967,"frequency_orders, monetary_total, trend_orders_30_vs_90","trend_spend_30_vs_90, recency_days, spend_last_60d","Main churn-risk drivers: frequency_orders, monetary_total, trend_orders_30_vs_90. Main factors reducing churn risk: trend_spend_30_vs_90, recency_days, spend_last_60d."
13969,"spend_last_60d, trend_orders_30_vs_90, orders_last_30d","frequency_orders, orders_last_60d, monetary_total","Main churn-risk drivers: spend_last_60d, trend_orders_30_vs_90, orders_last_30d. Main factors reducing churn risk: frequency_orders, orders_last_60d, monetary_total."
13971,"orders_last_30d, spend_last_60d, orders_last_90d","frequency_orders, orders_last_60d, recency_days","Main churn-risk drivers: orders_last_30d, spend_last_60d, orders_last_90d. Main factors reducing churn risk: frequency_orders, orders_last_60d, recency_days."
13972,"frequency_orders, monetary_total, orders_last_60d","spend_last_60d, trend_orders_30_vs_90, orders_last_30d","Main churn-risk drivers: frequency_orders, monetary_total, orders_last_60d. Main factors reducing churn risk: spend_last_60d, trend_orders_30_vs_90, orders_last_30d."
13973,"frequency_orders, recency_days, monetary_total","spend_last_60d, trend_orders_30_vs_90, orders_last_30d","Main churn-risk drivers: frequency_orders, recency_days, monetary_total. Main factors reducing churn risk: spend_last_60d, trend_orders_30_vs_90, orders_last_30d."
13975,"trend_orders_30_vs_90, spend_last_60d, monetary_total","orders_last_60d, recency_days, trend_spend_30_vs_90","Main churn-risk drivers: trend_orders_30_vs_90, spend_last_60d, monetary_total. Main factors reducing churn risk: orders_last_60d, recency_days, trend_spend_30_vs_90."
13976,"frequency_orders, monetary_total, orders_last_60d","spend_last_60d, trend_orders_30_vs_90, orders_last_30d","Main churn-risk drivers: frequency_orders, monetary_total, orders_last_60d. Main factors reducing churn risk: spend_last_60d, trend_orders_30_vs_90, orders_last_30d."
13982,"orders_last_60d, frequency_orders, trend_orders_30_vs_90","trend_spend_30_vs_90, spend_last_60d, recency_days","Main churn-risk drivers: orders_last_60d, frequency_orders, trend_orders_30_vs_90. Main factors reducing churn risk: trend_spend_30_vs_90, spend_last_60d, recency_days."
13983,"orders_last_60d, spend_last_90d, trend_spend_30_vs_90","frequency_orders, spend_last_60d, trend_orders_30_vs_90","Main churn-risk drivers: orders_last_60d, spend_last_90d, trend_spend_30_vs_90. Main factors reducing churn risk: frequency_orders, spend_last_60d, trend_orders_30_vs_90."
13984,"monetary_total, trend_orders_30_vs_90, spend_last_90d","recency_days, trend_spend_30_vs_90, frequency_orders","Main churn-risk drivers: monetary_total, trend_orders_30_vs_90, spend_last_90d. Main factors reducing churn risk: recency_days, trend_spend_30_vs_90, frequency_orders."
13985,"spend_last_60d, trend_orders_30_vs_90, orders_last_30d","frequency_orders, orders_last_60d, monetary_total","Main churn-risk drivers: spend_last_60d, trend_orders_30_vs_90, orders_last_30d. Main factors reducing churn risk: frequency_orders, orders_last_60d, monetary_total."
13988,"orders_last_60d, frequency_orders, trend_orders_30_vs_90","trend_spend_30_vs_90, spend_last_60d, recency_days","Main churn-risk drivers: orders_last_60d, frequency_orders, trend_orders_30_vs_90. Main factors reducing churn risk: trend_spend_30_vs_90, spend_last_60d, recency_days."
13989,"frequency_orders, orders_last_60d, recency_days","spend_last_60d, trend_orders_30_vs_90, orders_last_30d","Main churn-risk drivers: frequency_orders, orders_last_60d, recency_days. Main factors reducing churn risk: spend_last_60d, trend_orders_30_vs_90, orders_last_30d."
13990,"frequency_orders, monetary_total, orders_last_60d","spend_last_60d, trend_orders_30_vs_90, orders_last_30d","Main churn-risk drivers: frequency_orders, monetary_total, orders_last_60d. Main factors reducing churn risk: spend_last_60d, trend_orders_30_vs_90, orders_last_30d."
13991,"frequency_orders, monetary_total, trend_orders_30_vs_90","recency_days, trend_spend_30_vs_90, spend_last_60d","Main churn-risk drivers: frequency_orders, monetary_total, trend_orders_30_vs_90. Main factors reducing churn risk: recency_days, trend_spend_30_vs_90, spend_last_60d."
13993,"spend_last_60d, orders_last_30d, trend_orders_30_vs_90","frequency_orders, orders_last_60d, recency_days","Main churn-risk drivers: spend_last_60d, orders_last_30d, trend_orders_30_vs_90. Main factors reducing churn risk: frequency_orders, orders_last_60d, recency_days."
13994,"frequency_orders, monetary_total, orders_last_30d","orders_last_60d, recency_days, trend_spend_30_vs_90","Main churn-risk drivers: frequency_orders, monetary_total, orders_last_30d. Main factors reducing churn risk: orders_last_60d, recency_days, trend_spend_30_vs_90."
13995,"monetary_total, frequency_orders, orders_last_30d","orders_last_60d, recency_days, trend_spend_30_vs_90","Main churn-risk drivers: monetary_total, frequency_orders, orders_last_30d. Main factors reducing churn risk: orders_last_60d, recency_days, trend_spend_30_vs_90."
13999,"orders_last_30d, spend_last_60d, trend_orders_30_vs_90","frequency_orders, orders_last_60d, monetary_total","Main churn-risk drivers: orders_last_30d, spend_last_60d, trend_orders_30_vs_90. Main factors reducing churn risk: frequency_orders, orders_last_60d, monetary_total."
14000,"frequency_orders, orders_last_60d, monetary_total","spend_last_60d, trend_orders_30_vs_90, orders_last_30d","Main churn-risk drivers: frequency_orders, orders_last_60d, monetary_total. Main factors reducing churn risk: spend_last_60d, trend_orders_30_vs_90, orders_last_30d."
14001,"frequency_orders, orders_last_60d, recency_days","spend_last_60d, trend_orders_30_vs_90, orders_last_30d","Main churn-risk drivers: frequency_orders, orders_last_60d, recency_days. Main factors reducing churn risk: spend_last_60d, trend_orders_30_vs_90, orders_last_30d."
14002,"frequency_orders, monetary_total, trend_orders_30_vs_90","recency_days, trend_spend_30_vs_90, monetary_mean","Main churn-risk drivers: frequency_orders, monetary_total, trend_orders_30_vs_90. Main factors reducing churn risk: recency_days, trend_spend_30_vs_90, monetary_mean."
14004,"spend_last_60d, orders_last_30d, trend_orders_30_vs_90","orders_last_60d, monetary_total, frequency_orders","Main churn-risk drivers: spend_last_60d, orders_last_30d, trend_orders_30_vs_90. Main factors reducing churn risk: orders_last_60d, monetary_total, frequency_orders."
14005,"monetary_total, trend_orders_30_vs_90, frequency_orders","recency_days, trend_spend_30_vs_90, orders_last_30d","Main churn-risk drivers: monetary_total, trend_orders_30_vs_90, frequency_orders. Main factors reducing churn risk: recency_days, trend_spend_30_vs_90, orders_last_30d."
14006,"monetary_total, frequency_orders, orders_last_30d","recency_days, trend_orders_30_vs_90, orders_last_60d","Main churn-risk drivers: monetary_total, frequency_orders, orders_last_30d. Main factors reducing churn risk: recency_days, trend_orders_30_vs_90, orders_last_60d."
14009,"frequency_orders, orders_last_60d, monetary_total","spend_last_60d, trend_orders_30_vs_90, orders_last_30d","Main churn-risk drivers: frequency_orders, orders_last_60d, monetary_total. Main factors reducing churn risk: spend_last_60d, trend_orders_30_vs_90, orders_last_30d."
14012,"frequency_orders, monetary_total, recency_days","spend_last_60d, trend_orders_30_vs_90, orders_last_30d","Main churn-risk drivers: frequency_orders, monetary_total, recency_days. Main factors reducing churn risk: spend_last_60d, trend_orders_30_vs_90, orders_last_30d."
14013,"monetary_total, frequency_orders, orders_last_30d","orders_last_60d, recency_days, monetary_mean","Main churn-risk drivers: monetary_total, frequency_orders, orders_last_30d. Main factors reducing churn risk: orders_last_60d, recency_days, monetary_mean."
14016,"orders_last_60d, trend_orders_30_vs_90","monetary_total, trend_spend_30_vs_90, spend_last_60d","Main churn-risk drivers: orders_last_60d, trend_orders_30_vs_90. Main factors reducing churn risk: monetary_total, trend_spend_30_vs_90, spend_last_60d."
14019,"frequency_orders, monetary_total, spend_last_60d","orders_last_60d, recency_days, monetary_mean","Main churn-risk drivers: frequency_orders, monetary_total, spend_last_60d. Main factors reducing churn risk: orders_last_60d, recency_days, monetary_mean."
14021,"orders_last_60d, monetary_total, frequency_orders","trend_spend_30_vs_90, spend_last_60d, recency_days","Main churn-risk drivers: orders_last_60d, monetary_total, frequency_orders. Main factors reducing churn risk: trend_spend_30_vs_90, spend_last_60d, recency_days."
14022,"frequency_orders, monetary_total, orders_last_60d","spend_last_60d, trend_orders_30_vs_90, orders_last_30d","Main churn-risk drivers: frequency_orders, monetary_total, orders_last_60d. Main factors reducing churn risk: spend_last_60d, trend_orders_30_vs_90, orders_last_30d."
14023,"frequency_orders, monetary_total, orders_last_60d","spend_last_60d, trend_orders_30_vs_90, orders_last_30d","Main churn-risk drivers: frequency_orders, monetary_total, orders_last_60d. Main factors reducing churn risk: spend_last_60d, trend_orders_30_vs_90, orders_last_30d."
14024,"frequency_orders, monetary_total, trend_orders_30_vs_90","orders_last_60d, recency_days, trend_spend_30_vs_90","Main churn-risk drivers: frequency_orders, monetary_total, trend_orders_30_vs_90. Main factors reducing churn risk: orders_last_60d, recency_days, trend_spend_30_vs_90."
14029,"frequency_orders, monetary_total, trend_orders_30_vs_90","recency_days, trend_spend_30_vs_90, spend_last_60d","Main churn-risk drivers: frequency_orders, monetary_total, trend_orders_30_vs_90. Main factors reducing churn risk: recency_days, trend_spend_30_vs_90, spend_last_60d."
14030,"trend_orders_30_vs_90, spend_last_90d","frequency_orders, recency_days, trend_spend_30_vs_90","Main churn-risk drivers: trend_orders_30_vs_90, spend_last_90d. Main factors reducing churn risk: frequency_orders, recency_days, trend_spend_30_vs_90."
14031,"trend_orders_30_vs_90, spend_last_60d, orders_last_90d","frequency_orders, monetary_total, spend_last_90d","Main churn-risk drivers: trend_orders_30_vs_90, spend_last_60d, orders_last_90d. Main factors reducing churn risk: frequency_orders, monetary_total, spend_last_90d."
14032,"orders_last_60d, trend_orders_30_vs_90, spend_last_90d","frequency_orders, trend_spend_30_vs_90, spend_last_60d","Main churn-risk drivers: orders_last_60d, trend_orders_30_vs_90, spend_last_90d. Main factors reducing churn risk: frequency_orders, trend_spend_30_vs_90, spend_last_60d."
14034,"frequency_orders, monetary_total, orders_last_60d","trend_spend_30_vs_90, spend_last_60d, recency_days","Main churn-risk drivers: frequency_orders, monetary_total, orders_last_60d. Main factors reducing churn risk: trend_spend_30_vs_90, spend_last_60d, recency_days."
14035,"monetary_total, frequency_orders, orders_last_30d","recency_days, trend_orders_30_vs_90, spend_last_60d","Main churn-risk drivers: monetary_total, frequency_orders, orders_last_30d. Main factors reducing churn risk: recency_days, trend_orders_30_vs_90, spend_last_60d."
14036,"frequency_orders, recency_days, orders_last_60d","spend_last_60d, trend_orders_30_vs_90, orders_last_30d","Main churn-risk drivers: frequency_orders, recency_days, orders_last_60d. Main factors reducing churn risk: spend_last_60d, trend_orders_30_vs_90, orders_last_30d."
14037,"frequency_orders, monetary_total, orders_last_60d","trend_spend_30_vs_90, spend_last_60d, monetary_mean","Main churn-risk drivers: frequency_orders, monetary_total, orders_last_60d. Main factors reducing churn risk: trend_spend_30_vs_90, spend_last_60d, monetary_mean."
14038,"frequency_orders, monetary_total, trend_orders_30_vs_90","recency_days, trend_spend_30_vs_90, orders_last_30d","Main churn-risk drivers: frequency_orders, monetary_total, trend_orders_30_vs_90. Main factors reducing churn risk: recency_days, trend_spend_30_vs_90, orders_last_30d."
14040,"orders_last_30d, spend_last_60d, orders_last_90d","frequency_orders, orders_last_60d, recency_days","Main churn-risk drivers: orders_last_30d, spend_last_60d, orders_last_90d. Main factors reducing churn risk: frequency_orders, orders_last_60d, recency_days."
14041,"frequency_orders, monetary_total, recency_days","spend_last_60d, trend_orders_30_vs_90, monetary_mean","Main churn-risk drivers: frequency_orders, monetary_total, recency_days. Main factors reducing churn risk: spend_last_60d, trend_orders_30_vs_90, monetary_mean."
14044,"monetary_total, frequency_orders, orders_last_30d","orders_last_60d, recency_days, monetary_mean","Main churn-risk drivers: monetary_total, frequency_orders, orders_last_30d. Main factors reducing churn risk: orders_last_60d, recency_days, monetary_mean."
14045,"monetary_mean, monetary_median, orders_last_30d","recency_days, frequency_orders, trend_orders_30_vs_90","Main churn-risk drivers: monetary_mean, monetary_median, orders_last_30d. Main factors reducing churn risk: recency_days, frequency_orders, trend_orders_30_vs_90."
14046,"frequency_orders, monetary_total, recency_days","spend_last_60d, trend_orders_30_vs_90, monetary_mean","Main churn-risk drivers: frequency_orders, monetary_total, recency_days. Main factors reducing churn risk: spend_last_60d, trend_orders_30_vs_90, monetary_mean."
14047,"orders_last_60d, monetary_total, frequency_orders","spend_last_60d, trend_orders_30_vs_90, orders_last_30d","Main churn-risk drivers: orders_last_60d, monetary_total, frequency_orders. Main factors reducing churn risk: spend_last_60d, trend_orders_30_vs_90, orders_last_30d."
14048,"frequency_orders, recency_days, monetary_total","spend_last_60d, trend_orders_30_vs_90, monetary_mean","Main churn-risk drivers: frequency_orders, recency_days, monetary_total. Main factors reducing churn risk: spend_last_60d, trend_orders_30_vs_90, monetary_mean."
14049,"orders_last_60d, frequency_orders, trend_orders_30_vs_90","monetary_total, trend_spend_30_vs_90, spend_last_60d","Main churn-risk drivers: orders_last_60d, frequency_orders, trend_orders_30_vs_90. Main factors reducing churn risk: monetary_total, trend_spend_30_vs_90, spend_last_60d."
14050,"frequency_orders, monetary_total, orders_last_30d","recency_days, trend_orders_30_vs_90, monetary_mean","Main churn-risk drivers: frequency_orders, monetary_total, orders_last_30d. Main factors reducing churn risk: recency_days, trend_orders_30_vs_90, monetary_mean."
14051,"spend_last_60d, orders_last_30d, trend_orders_30_vs_90","frequency_orders, monetary_total, orders_last_60d","Main churn-risk drivers: spend_last_60d, orders_last_30d, trend_orders_30_vs_90. Main factors reducing churn risk: frequency_orders, monetary_total, orders_last_60d."
14053,"frequency_orders, monetary_total, trend_orders_30_vs_90","recency_days, trend_spend_30_vs_90, spend_last_60d","Main churn-risk drivers: frequency_orders, monetary_total, trend_orders_30_vs_90. Main factors reducing churn risk: recency_days, trend_spend_30_vs_90, spend_last_60d."
14055,"frequency_orders, monetary_total, spend_last_60d","recency_days, trend_orders_30_vs_90, orders_last_60d","Main churn-risk drivers: frequency_orders, monetary_total, spend_last_60d. Main factors reducing churn risk: recency_days, trend_orders_30_vs_90, orders_last_60d."
14056,"spend_last_60d, trend_orders_30_vs_90, orders_last_30d","frequency_orders, orders_last_60d, monetary_total","Main churn-risk drivers: spend_last_60d, trend_orders_30_vs_90, orders_last_30d. Main factors reducing churn risk: frequency_orders, orders_last_60d, monetary_total."
14057,"orders_last_30d, spend_last_60d, orders_last_90d","frequency_orders, orders_last_60d, monetary_total","Main churn-risk drivers: orders_last_30d, spend_last_60d, orders_last_90d. Main factors reducing churn risk: frequency_orders, orders_last_60d, monetary_total."
14059,"frequency_orders, monetary_total, recency_days","spend_last_60d, trend_orders_30_vs_90, orders_last_30d","Main churn-risk drivers: frequency_orders, monetary_total, recency_days. Main factors reducing churn risk: spend_last_60d, trend_orders_30_vs_90, orders_last_30d."
14060,"trend_orders_30_vs_90, spend_last_60d, orders_last_30d","frequency_orders, orders_last_60d, monetary_total","Main churn-risk drivers: trend_orders_30_vs_90, spend_last_60d, orders_last_30d. Main factors reducing churn risk: frequency_orders, orders_last_60d, monetary_total."
14062,"spend_last_60d, orders_last_30d, spend_last_30d","monetary_total, frequency_orders, spend_last_90d","Main churn-risk drivers: spend_last_60d, orders_last_30d, spend_last_30d. Main factors reducing churn risk: monetary_total, frequency_orders, spend_last_90d."
14064,"monetary_total, orders_last_30d, trend_spend_30_vs_90","recency_days, frequency_orders, trend_orders_30_vs_90","Main churn-risk drivers: monetary_total, orders_last_30d, trend_spend_30_vs_90. Main factors reducing churn risk: recency_days, frequency_orders, trend_orders_30_vs_90."
14066,"frequency_orders, monetary_total, recency_days","spend_last_60d, trend_orders_30_vs_90, orders_last_30d","Main churn-risk drivers: frequency_orders, monetary_total, recency_days. Main factors reducing churn risk: spend_last_60d, trend_orders_30_vs_90, orders_last_30d."
14067,"frequency_orders, monetary_total, orders_last_30d","recency_days, trend_orders_30_vs_90, monetary_mean","Main churn-risk drivers: frequency_orders, monetary_total, orders_last_30d. Main factors reducing churn risk: recency_days, trend_orders_30_vs_90, monetary_mean."
14068,"frequency_orders, recency_days, monetary_total","spend_last_60d, trend_orders_30_vs_90, monetary_mean","Main churn-risk drivers: frequency_orders, recency_days, monetary_total. Main factors reducing churn risk: spend_last_60d, trend_orders_30_vs_90, monetary_mean."
14071,"frequency_orders, monetary_total, recency_days","spend_last_60d, trend_orders_30_vs_90, monetary_mean","Main churn-risk drivers: frequency_orders, monetary_total, recency_days. Main factors reducing churn risk: spend_last_60d, trend_orders_30_vs_90, monetary_mean."
14075,"frequency_orders, monetary_total, recency_days","spend_last_60d, trend_orders_30_vs_90, orders_last_30d","Main churn-risk drivers: frequency_orders, monetary_total, recency_days. Main factors reducing churn risk: spend_last_60d, trend_orders_30_vs_90, orders_last_30d."
14076,"frequency_orders, monetary_total, trend_orders_30_vs_90","recency_days, trend_spend_30_vs_90, spend_last_60d","Main churn-risk drivers: frequency_orders, monetary_total, trend_orders_30_vs_90. Main factors reducing churn risk: recency_days, trend_spend_30_vs_90, spend_last_60d."
14077,"monetary_total, orders_last_60d, frequency_orders","spend_last_60d, trend_orders_30_vs_90, monetary_mean","Main churn-risk drivers: monetary_total, orders_last_60d, frequency_orders. Main factors reducing churn risk: spend_last_60d, trend_orders_30_vs_90, monetary_mean."
14078,"monetary_total, orders_last_30d, trend_spend_30_vs_90","frequency_orders, recency_days, trend_orders_30_vs_90","Main churn-risk drivers: monetary_total, orders_last_30d, trend_spend_30_vs_90. Main factors reducing churn risk: frequency_orders, recency_days, trend_orders_30_vs_90."
14079,"frequency_orders, monetary_total, trend_orders_30_vs_90","recency_days, trend_spend_30_vs_90, orders_last_30d","Main churn-risk drivers: frequency_orders, monetary_total, trend_orders_30_vs_90. Main factors reducing churn risk: recency_days, trend_spend_30_vs_90, orders_last_30d."
14081,"frequency_orders, recency_days, orders_last_60d","spend_last_60d, trend_orders_30_vs_90, monetary_mean","Main churn-risk drivers: frequency_orders, recency_days, orders_last_60d. Main factors reducing churn risk: spend_last_60d, trend_orders_30_vs_90, monetary_mean."
14082,"frequency_orders, recency_days, monetary_total","spend_last_60d, trend_orders_30_vs_90, monetary_mean","Main churn-risk drivers: frequency_orders, recency_days, monetary_total. Main factors reducing churn risk: spend_last_60d, trend_orders_30_vs_90, monetary_mean."
14083,"monetary_total, trend_orders_30_vs_90, spend_last_90d","frequency_orders, orders_last_60d, recency_days","Main churn-risk drivers: monetary_total, trend_orders_30_vs_90, spend_last_90d. Main factors reducing churn risk: frequency_orders, orders_last_60d, recency_days."
14085,"trend_orders_30_vs_90, spend_last_90d, orders_last_90d","frequency_orders, monetary_total, recency_days","Main churn-risk drivers: trend_orders_30_vs_90, spend_last_90d, orders_last_90d. Main factors reducing churn risk: frequency_orders, monetary_total, recency_days."
14088,"spend_last_60d, trend_orders_30_vs_90, orders_last_90d","monetary_total, spend_last_90d, frequency_orders","Main churn-risk drivers: spend_last_60d, trend_orders_30_vs_90, orders_last_90d. Main factors reducing churn risk: monetary_total, spend_last_90d, frequency_orders."
14090,"frequency_orders, recency_days, monetary_total","spend_last_60d, trend_orders_30_vs_90, orders_last_30d","Main churn-risk drivers: frequency_orders, recency_days, monetary_total. Main factors reducing churn risk: spend_last_60d, trend_orders_30_vs_90, orders_last_30d."
14092,"trend_orders_30_vs_90, orders_last_30d, spend_last_60d","frequency_orders, orders_last_60d, recency_days","Main churn-risk drivers: trend_orders_30_vs_90, orders_last_30d, spend_last_60d. Main factors reducing churn risk: frequency_orders, orders_last_60d, recency_days."
14096,"orders_last_30d, monetary_total, frequency_orders","orders_last_60d, recency_days, trend_orders_30_vs_90","Main churn-risk drivers: orders_last_30d, monetary_total, frequency_orders. Main factors reducing churn risk: orders_last_60d, recency_days, trend_orders_30_vs_90."
14099,"trend_orders_30_vs_90, orders_last_30d, orders_last_90d","frequency_orders, recency_days, monetary_total","Main churn-risk drivers: trend_orders_30_vs_90, orders_last_30d, orders_last_90d. Main factors reducing churn risk: frequency_orders, recency_days, monetary_total."
14100,"frequency_orders, monetary_total, trend_orders_30_vs_90","recency_days, trend_spend_30_vs_90, monetary_mean","Main churn-risk drivers: frequency_orders, monetary_total, trend_orders_30_vs_90. Main factors reducing churn risk: recency_days, trend_spend_30_vs_90, monetary_mean."
14101,"monetary_mean, spend_last_60d, trend_orders_30_vs_90","monetary_total, frequency_orders, recency_days","Main churn-risk drivers: monetary_mean, spend_last_60d, trend_orders_30_vs_90. Main factors reducing churn risk: monetary_total, frequency_orders, recency_days."
14104,"frequency_orders, monetary_total, orders_last_60d","trend_spend_30_vs_90, spend_last_60d, recency_days","Main churn-risk drivers: frequency_orders, monetary_total, orders_last_60d. Main factors reducing churn risk: trend_spend_30_vs_90, spend_last_60d, recency_days."
14105,"frequency_orders, orders_last_60d, recency_days","spend_last_60d, trend_orders_30_vs_90, orders_last_30d","Main churn-risk drivers: frequency_orders, orders_last_60d, recency_days. Main factors reducing churn risk: spend_last_60d, trend_orders_30_vs_90, orders_last_30d."
14107,"orders_last_30d, spend_last_60d, trend_orders_30_vs_90","frequency_orders, recency_days, monetary_total","Main churn-risk drivers: orders_last_30d, spend_last_60d, trend_orders_30_vs_90. Main factors reducing churn risk: frequency_orders, recency_days, monetary_total."
14108,"frequency_orders, monetary_total, orders_last_30d","recency_days, trend_orders_30_vs_90, orders_last_60d","Main churn-risk drivers: frequency_orders, monetary_total, orders_last_30d. Main factors reducing churn risk: recency_days, trend_orders_30_vs_90, orders_last_60d."
14110,"spend_last_60d, trend_orders_30_vs_90, orders_last_30d","monetary_total, frequency_orders, orders_last_60d","Main churn-risk drivers: spend_last_60d, trend_orders_30_vs_90, orders_last_30d. Main factors reducing churn risk: monetary_total, frequency_orders, orders_last_60d."
14111,"monetary_total, orders_last_30d, frequency_orders","orders_last_60d, recency_days, trend_orders_30_vs_90","Main churn-risk drivers: monetary_total, orders_last_30d, frequency_orders. Main factors reducing churn risk: orders_last_60d, recency_days, trend_orders_30_vs_90."
14112,"spend_last_60d, trend_orders_30_vs_90","recency_days, trend_spend_30_vs_90, frequency_orders","Main churn-risk drivers: spend_last_60d, trend_orders_30_vs_90. Main factors reducing churn risk: recency_days, trend_spend_30_vs_90, frequency_orders."
14113,"frequency_orders, recency_days, monetary_total","spend_last_60d, trend_orders_30_vs_90, orders_last_30d","Main churn-risk drivers: frequency_orders, recency_days, monetary_total. Main factors reducing churn risk: spend_last_60d, trend_orders_30_vs_90, orders_last_30d."
14114,"frequency_orders, monetary_total, recency_days","spend_last_60d, trend_orders_30_vs_90, orders_last_30d","Main churn-risk drivers: frequency_orders, monetary_total, recency_days. Main factors reducing churn risk: spend_last_60d, trend_orders_30_vs_90, orders_last_30d."
14116,"frequency_orders, monetary_total, orders_last_30d","orders_last_60d, recency_days, monetary_mean","Main churn-risk drivers: frequency_orders, monetary_total, orders_last_30d. Main factors reducing churn risk: orders_last_60d, recency_days, monetary_mean."
14117,"frequency_orders, monetary_total, trend_orders_30_vs_90","recency_days, trend_spend_30_vs_90, spend_last_60d","Main churn-risk drivers: frequency_orders, monetary_total, trend_orders_30_vs_90. Main factors reducing churn risk: recency_days, trend_spend_30_vs_90, spend_last_60d."
14127,"monetary_total, frequency_orders, trend_orders_30_vs_90","recency_days, trend_spend_30_vs_90, orders_last_30d","Main churn-risk drivers: monetary_total, frequency_orders, trend_orders_30_vs_90. Main factors reducing churn risk: recency_days, trend_spend_30_vs_90, orders_last_30d."
14128,"frequency_orders, monetary_total, orders_last_60d","spend_last_60d, trend_orders_30_vs_90, monetary_mean","Main churn-risk drivers: frequency_orders, monetary_total, orders_last_60d. Main factors reducing churn risk: spend_last_60d, trend_orders_30_vs_90, monetary_mean."
14129,"orders_last_30d, monetary_total, frequency_orders","orders_last_60d, recency_days, trend_orders_30_vs_90","Main churn-risk drivers: orders_last_30d, monetary_total, frequency_orders. Main factors reducing churn risk: orders_last_60d, recency_days, trend_orders_30_vs_90."
14130,"frequency_orders, recency_days, monetary_total","spend_last_60d, trend_orders_30_vs_90, monetary_mean","Main churn-risk drivers: frequency_orders, recency_days, monetary_total. Main factors reducing churn risk: spend_last_60d, trend_orders_30_vs_90, monetary_mean."
14132,"trend_orders_30_vs_90, orders_last_30d, spend_last_60d","frequency_orders, orders_last_60d, recency_days","Main churn-risk drivers: trend_orders_30_vs_90, orders_last_30d, spend_last_60d. Main factors reducing churn risk: frequency_orders, orders_last_60d, recency_days."
14133,"monetary_total, trend_orders_30_vs_90, frequency_orders","orders_last_60d, recency_days, trend_spend_30_vs_90","Main churn-risk drivers: monetary_total, trend_orders_30_vs_90, frequency_orders. Main factors reducing churn risk: orders_last_60d, recency_days, trend_spend_30_vs_90."
14135,"spend_last_60d, orders_last_30d, trend_spend_30_vs_90","frequency_orders, monetary_total, recency_days","Main churn-risk drivers: spend_last_60d, orders_last_30d, trend_spend_30_vs_90. Main factors reducing churn risk: frequency_orders, monetary_total, recency_days."
14141,"frequency_orders, monetary_total, orders_last_30d","recency_days, trend_orders_30_vs_90, orders_last_60d","Main churn-risk drivers: frequency_orders, monetary_total, orders_last_30d. Main factors reducing churn risk: recency_days, trend_orders_30_vs_90, orders_last_60d."
14142,"frequency_orders, recency_days, monetary_total","spend_last_60d, trend_orders_30_vs_90, monetary_mean","Main churn-risk drivers: frequency_orders, recency_days, monetary_total. Main factors reducing churn risk: spend_last_60d, trend_orders_30_vs_90, monetary_mean."
14143,"frequency_orders, monetary_total, trend_orders_30_vs_90","recency_days, trend_spend_30_vs_90, spend_last_60d","Main churn-risk drivers: frequency_orders, monetary_total, trend_orders_30_vs_90. Main factors reducing churn risk: recency_days, trend_spend_30_vs_90, spend_last_60d."
14145,"monetary_mean, monetary_median, orders_last_60d","monetary_total, spend_last_90d, trend_spend_30_vs_90","Main churn-risk drivers: monetary_mean, monetary_median, orders_last_60d. Main factors reducing churn risk: monetary_total, spend_last_90d, trend_spend_30_vs_90."
14146,"frequency_orders, orders_last_60d, recency_days","spend_last_60d, trend_orders_30_vs_90, monetary_total","Main churn-risk drivers: frequency_orders, orders_last_60d, recency_days. Main factors reducing churn risk: spend_last_60d, trend_orders_30_vs_90, monetary_total."
14147,"frequency_orders, monetary_total, recency_days","spend_last_60d, trend_orders_30_vs_90, orders_last_30d","Main churn-risk drivers: frequency_orders, monetary_total, recency_days. Main factors reducing churn risk: spend_last_60d, trend_orders_30_vs_90, orders_last_30d."
14148,"frequency_orders, monetary_total, orders_last_60d","spend_last_60d, trend_orders_30_vs_90, orders_last_30d","Main churn-risk drivers: frequency_orders, monetary_total, orders_last_60d. Main factors reducing churn risk: spend_last_60d, trend_orders_30_vs_90, orders_last_30d."
14149,"frequency_orders, monetary_total, orders_last_60d","spend_last_60d, trend_orders_30_vs_90, orders_last_30d","Main churn-risk drivers: frequency_orders, monetary_total, orders_last_60d. Main factors reducing churn risk: spend_last_60d, trend_orders_30_vs_90, orders_last_30d."
14150,"frequency_orders, recency_days, monetary_total","spend_last_60d, trend_orders_30_vs_90, orders_last_30d","Main churn-risk drivers: frequency_orders, recency_days, monetary_total. Main factors reducing churn risk: spend_last_60d, trend_orders_30_vs_90, orders_last_30d."
14152,"frequency_orders, monetary_total, orders_last_60d","spend_last_60d, trend_orders_30_vs_90, monetary_mean","Main churn-risk drivers: frequency_orders, monetary_total, orders_last_60d. Main factors reducing churn risk: spend_last_60d, trend_orders_30_vs_90, monetary_mean."
14154,"frequency_orders, orders_last_60d, recency_days","spend_last_60d, trend_orders_30_vs_90, orders_last_30d","Main churn-risk drivers: frequency_orders, orders_last_60d, recency_days. Main factors reducing churn risk: spend_last_60d, trend_orders_30_vs_90, orders_last_30d."
14155,"frequency_orders, monetary_total, recency_days","spend_last_60d, trend_orders_30_vs_90, orders_last_30d","Main churn-risk drivers: frequency_orders, monetary_total, recency_days. Main factors reducing churn risk: spend_last_60d, trend_orders_30_vs_90, orders_last_30d."
14156,"spend_last_60d, orders_last_30d, spend_last_30d","monetary_total, spend_last_90d, frequency_orders","Main churn-risk drivers: spend_last_60d, orders_last_30d, spend_last_30d. Main factors reducing churn risk: monetary_total, spend_last_90d, frequency_orders."
14157,"frequency_orders, recency_days, monetary_total","spend_last_60d, trend_orders_30_vs_90, monetary_mean","Main churn-risk drivers: frequency_orders, recency_days, monetary_total. Main factors reducing churn risk: spend_last_60d, trend_orders_30_vs_90, monetary_mean."
14159,"spend_last_60d, trend_orders_30_vs_90, orders_last_30d","frequency_orders, orders_last_60d, recency_days","Main churn-risk drivers: spend_last_60d, trend_orders_30_vs_90, orders_last_30d. Main factors reducing churn risk: frequency_orders, orders_last_60d, recency_days."
14161,"orders_last_60d, frequency_orders, monetary_total","spend_last_60d, trend_orders_30_vs_90, monetary_mean","Main churn-risk drivers: orders_last_60d, frequency_orders, monetary_total. Main factors reducing churn risk: spend_last_60d, trend_orders_30_vs_90, monetary_mean."
14162,"frequency_orders, monetary_total, orders_last_60d","trend_spend_30_vs_90, spend_last_60d, monetary_mean","Main churn-risk drivers: frequency_orders, monetary_total, orders_last_60d. Main factors reducing churn risk: trend_spend_30_vs_90, spend_last_60d, monetary_mean."
14163,"orders_last_60d, frequency_orders, trend_orders_30_vs_90","trend_spend_30_vs_90, spend_last_60d, recency_days","Main churn-risk drivers: orders_last_60d, frequency_orders, trend_orders_30_vs_90. Main factors reducing churn risk: trend_spend_30_vs_90, spend_last_60d, recency_days."
14165,"frequency_orders, monetary_total, recency_days","spend_last_60d, trend_orders_30_vs_90, monetary_mean","Main churn-risk drivers: frequency_orders, monetary_total, recency_days. Main factors reducing churn risk: spend_last_60d, trend_orders_30_vs_90, monetary_mean."
14167,"monetary_total, orders_last_60d, frequency_orders","trend_spend_30_vs_90, spend_last_60d, monetary_mean","Main churn-risk drivers: monetary_total, orders_last_60d, frequency_orders. Main factors reducing churn risk: trend_spend_30_vs_90, spend_last_60d, monetary_mean."
14171,"frequency_orders, monetary_total, orders_last_30d","recency_days, trend_orders_30_vs_90, monetary_mean","Main churn-risk drivers: frequency_orders, monetary_total, orders_last_30d. Main factors reducing churn risk: recency_days, trend_orders_30_vs_90, monetary_mean."
14173,"frequency_orders, monetary_total, orders_last_60d","spend_last_60d, trend_orders_30_vs_90, monetary_mean","Main churn-risk drivers: frequency_orders, monetary_total, orders_last_60d. Main factors reducing churn risk: spend_last_60d, trend_orders_30_vs_90, monetary_mean."
14175,"frequency_orders, orders_last_60d, trend_orders_30_vs_90","trend_spend_30_vs_90, spend_last_60d, spend_last_90d","Main churn-risk drivers: frequency_orders, orders_last_60d, trend_orders_30_vs_90. Main factors reducing churn risk: trend_spend_30_vs_90, spend_last_60d, spend_last_90d."
14176,"recency_days, monetary_total, orders_last_60d","spend_last_60d, frequency_orders, trend_orders_30_vs_90","Main churn-risk drivers: recency_days, monetary_total, orders_last_60d. Main factors reducing churn risk: spend_last_60d, frequency_orders, trend_orders_30_vs_90."
14177,"monetary_total, orders_last_30d, frequency_orders","orders_last_60d, recency_days, monetary_mean","Main churn-risk drivers: monetary_total, orders_last_30d, frequency_orders. Main factors reducing churn risk: orders_last_60d, recency_days, monetary_mean."
14178,"monetary_total, frequency_orders, orders_last_30d","orders_last_60d, recency_days, monetary_mean","Main churn-risk drivers: monetary_total, frequency_orders, orders_last_30d. Main factors reducing churn risk: orders_last_60d, recency_days, monetary_mean."
14180,"orders_last_30d, trend_orders_30_vs_90, orders_last_90d","frequency_orders, orders_last_60d, monetary_total","Main churn-risk drivers: orders_last_30d, trend_orders_30_vs_90, orders_last_90d. Main factors reducing churn risk: frequency_orders, orders_last_60d, monetary_total."
14185,"frequency_orders, recency_days, monetary_total","spend_last_60d, trend_orders_30_vs_90, orders_last_30d","Main churn-risk drivers: frequency_orders, recency_days, monetary_total. Main factors reducing churn risk: spend_last_60d, trend_orders_30_vs_90, orders_last_30d."
14188,"orders_last_30d, monetary_total, trend_orders_30_vs_90","recency_days, frequency_orders, orders_last_60d","Main churn-risk drivers: orders_last_30d, monetary_total, trend_orders_30_vs_90. Main factors reducing churn risk: recency_days, frequency_orders, orders_last_60d."
14189,"orders_last_30d, spend_last_60d, spend_last_30d","frequency_orders, monetary_total, orders_last_60d","Main churn-risk drivers: orders_last_30d, spend_last_60d, spend_last_30d. Main factors reducing churn risk: frequency_orders, monetary_total, orders_last_60d."
14191,"spend_last_60d, trend_orders_30_vs_90, orders_last_30d","frequency_orders, orders_last_60d, recency_days","Main churn-risk drivers: spend_last_60d, trend_orders_30_vs_90, orders_last_30d. Main factors reducing churn risk: frequency_orders, orders_last_60d, recency_days."
14193,"frequency_orders, monetary_total, recency_days","spend_last_60d, trend_orders_30_vs_90, orders_last_30d","Main churn-risk drivers: frequency_orders, monetary_total, recency_days. Main factors reducing churn risk: spend_last_60d, trend_orders_30_vs_90, orders_last_30d."
14194,"spend_last_60d, orders_last_30d, trend_orders_30_vs_90","frequency_orders, monetary_total, orders_last_60d","Main churn-risk drivers: spend_last_60d, orders_last_30d, trend_orders_30_vs_90. Main factors reducing churn risk: frequency_orders, monetary_total, orders_last_60d."
14195,"frequency_orders, orders_last_60d, monetary_total","spend_last_60d, trend_orders_30_vs_90, orders_last_30d","Main churn-risk drivers: frequency_orders, orders_last_60d, monetary_total. Main factors reducing churn risk: spend_last_60d, trend_orders_30_vs_90, orders_last_30d."
14196,"frequency_orders, monetary_total, orders_last_30d","recency_days, trend_orders_30_vs_90, orders_last_60d","Main churn-risk drivers: frequency_orders, monetary_total, orders_last_30d. Main factors reducing churn risk: recency_days, trend_orders_30_vs_90, orders_last_60d."
14198,"frequency_orders, monetary_total, trend_orders_30_vs_90","trend_spend_30_vs_90, recency_days, spend_last_60d","Main churn-risk drivers: frequency_orders, monetary_total, trend_orders_30_vs_90. Main factors reducing churn risk: trend_spend_30_vs_90, recency_days, spend_last_60d."
14199,"frequency_orders, monetary_total, orders_last_60d","spend_last_60d, trend_orders_30_vs_90, orders_last_30d","Main churn-risk drivers: frequency_orders, monetary_total, orders_last_60d. Main factors reducing churn risk: spend_last_60d, trend_orders_30_vs_90, orders_last_30d."
14201,"monetary_total, trend_orders_30_vs_90, spend_last_90d","frequency_orders, trend_spend_30_vs_90, recency_days","Main churn-risk drivers: monetary_total, trend_orders_30_vs_90, spend_last_90d. Main factors reducing churn risk: frequency_orders, trend_spend_30_vs_90, recency_days."
14205,"frequency_orders, monetary_total, recency_days","spend_last_60d, trend_orders_30_vs_90, orders_last_30d","Main churn-risk drivers: frequency_orders, monetary_total, recency_days. Main factors reducing churn risk: spend_last_60d, trend_orders_30_vs_90, orders_last_30d."
14206,"frequency_orders, monetary_total, orders_last_60d","spend_last_60d, trend_orders_30_vs_90, orders_last_30d","Main churn-risk drivers: frequency_orders, monetary_total, orders_last_60d. Main factors reducing churn risk: spend_last_60d, trend_orders_30_vs_90, orders_last_30d."
14208,"frequency_orders, monetary_total, orders_last_30d","recency_days, trend_orders_30_vs_90, spend_last_60d","Main churn-risk drivers: frequency_orders, monetary_total, orders_last_30d. Main factors reducing churn risk: recency_days, trend_orders_30_vs_90, spend_last_60d."
14209,"trend_orders_30_vs_90, spend_last_60d, orders_last_90d","frequency_orders, orders_last_60d, recency_days","Main churn-risk drivers: trend_orders_30_vs_90, spend_last_60d, orders_last_90d. Main factors reducing churn risk: frequency_orders, orders_last_60d, recency_days."
14210,"orders_last_30d, trend_spend_30_vs_90, spend_last_90d","frequency_orders, recency_days, trend_orders_30_vs_90","Main churn-risk drivers: orders_last_30d, trend_spend_30_vs_90, spend_last_90d. Main factors reducing churn risk: frequency_orders, recency_days, trend_orders_30_vs_90."
14211,"monetary_total, orders_last_30d, trend_spend_30_vs_90","frequency_orders, recency_days, trend_orders_30_vs_90","Main churn-risk drivers: monetary_total, orders_last_30d, trend_spend_30_vs_90. Main factors reducing churn risk: frequency_orders, recency_days, trend_orders_30_vs_90."
14214,"orders_last_60d, trend_orders_30_vs_90, monetary_total","trend_spend_30_vs_90, spend_last_60d, recency_days","Main churn-risk drivers: orders_last_60d, trend_orders_30_vs_90, monetary_total. Main factors reducing churn risk: trend_spend_30_vs_90, spend_last_60d, recency_days."
14215,"orders_last_60d, monetary_total, spend_last_90d","spend_last_60d, frequency_orders, trend_orders_30_vs_90","Main churn-risk drivers: orders_last_60d, monetary_total, spend_last_90d. Main factors reducing churn risk: spend_last_60d, frequency_orders, trend_orders_30_vs_90."
14217,"orders_last_30d, monetary_total, spend_last_90d","frequency_orders, recency_days, spend_last_60d","Main churn-risk drivers: orders_last_30d, monetary_total, spend_last_90d. Main factors reducing churn risk: frequency_orders, recency_days, spend_last_60d."
14220,"frequency_orders, orders_last_60d, monetary_total","spend_last_60d, trend_orders_30_vs_90, orders_last_30d","Main churn-risk drivers: frequency_orders, orders_last_60d, monetary_total. Main factors reducing churn risk: spend_last_60d, trend_orders_30_vs_90, orders_last_30d."
14221,"spend_last_60d, trend_orders_30_vs_90, orders_last_30d","frequency_orders, orders_last_60d, monetary_total","Main churn-risk drivers: spend_last_60d, trend_orders_30_vs_90, orders_last_30d. Main factors reducing churn risk: frequency_orders, orders_last_60d, monetary_total."
14222,"frequency_orders, orders_last_60d, monetary_total","trend_spend_30_vs_90, spend_last_60d, orders_last_30d","Main churn-risk drivers: frequency_orders, orders_last_60d, monetary_total. Main factors reducing churn risk: trend_spend_30_vs_90, spend_last_60d, orders_last_30d."
14223,"monetary_total, frequency_orders, orders_last_30d","recency_days, orders_last_60d, monetary_mean","Main churn-risk drivers: monetary_total, frequency_orders, orders_last_30d. Main factors reducing churn risk: recency_days, orders_last_60d, monetary_mean."
14224,"monetary_total, orders_last_30d, spend_last_60d","orders_last_60d, recency_days, frequency_orders","Main churn-risk drivers: monetary_total, orders_last_30d, spend_last_60d. Main factors reducing churn risk: orders_last_60d, recency_days, frequency_orders."
14226,"frequency_orders, orders_last_60d, spend_last_90d","spend_last_60d, trend_orders_30_vs_90, orders_last_30d","Main churn-risk drivers: frequency_orders, orders_last_60d, spend_last_90d. Main factors reducing churn risk: spend_last_60d, trend_orders_30_vs_90, orders_last_30d."
14227,"orders_last_60d, spend_last_90d, trend_spend_30_vs_90","frequency_orders, monetary_total, spend_last_60d","Main churn-risk drivers: orders_last_60d, spend_last_90d, trend_spend_30_vs_90. Main factors reducing churn risk: frequency_orders, monetary_total, spend_last_60d."
14229,"frequency_orders, recency_days, orders_last_60d","spend_last_60d, trend_orders_30_vs_90, orders_last_30d","Main churn-risk drivers: frequency_orders, recency_days, orders_last_60d. Main factors reducing churn risk: spend_last_60d, trend_orders_30_vs_90, orders_last_30d."
14231,"orders_last_60d, monetary_total, frequency_orders","spend_last_60d, trend_orders_30_vs_90, orders_last_30d","Main churn-risk drivers: orders_last_60d, monetary_total, frequency_orders. Main factors reducing churn risk: spend_last_60d, trend_orders_30_vs_90, orders_last_30d."
14232,"orders_last_30d, spend_last_60d, trend_orders_30_vs_90","orders_last_60d, recency_days, frequency_orders","Main churn-risk drivers: orders_last_30d, spend_last_60d, trend_orders_30_vs_90. Main factors reducing churn risk: orders_last_60d, recency_days, frequency_orders."
14233,"orders_last_60d, monetary_total, frequency_orders","spend_last_60d, trend_orders_30_vs_90, orders_last_30d","Main churn-risk drivers: orders_last_60d, monetary_total, frequency_orders. Main factors reducing churn risk: spend_last_60d, trend_orders_30_vs_90, orders_last_30d."
14235,"orders_last_60d, trend_orders_30_vs_90, orders_last_90d","monetary_total, spend_last_90d, trend_spend_30_vs_90","Main churn-risk drivers: orders_last_60d, trend_orders_30_vs_90, orders_last_90d. Main factors reducing churn risk: monetary_total, spend_last_90d, trend_spend_30_vs_90."
14236,"frequency_orders, recency_days, monetary_total","spend_last_60d, trend_orders_30_vs_90, orders_last_30d","Main churn-risk drivers: frequency_orders, recency_days, monetary_total. Main factors reducing churn risk: spend_last_60d, trend_orders_30_vs_90, orders_last_30d."
14237,"frequency_orders, recency_days, monetary_total","spend_last_60d, trend_orders_30_vs_90, orders_last_30d","Main churn-risk drivers: frequency_orders, recency_days, monetary_total. Main factors reducing churn risk: spend_last_60d, trend_orders_30_vs_90, orders_last_30d."
14238,"frequency_orders, recency_days, monetary_total","spend_last_60d, trend_orders_30_vs_90, orders_last_30d","Main churn-risk drivers: frequency_orders, recency_days, monetary_total. Main factors reducing churn risk: spend_last_60d, trend_orders_30_vs_90, orders_last_30d."
14239,"orders_last_30d, spend_last_60d, trend_spend_30_vs_90","frequency_orders, orders_last_60d, recency_days","Main churn-risk drivers: orders_last_30d, spend_last_60d, trend_spend_30_vs_90. Main factors reducing churn risk: frequency_orders, orders_last_60d, recency_days."
14240,"frequency_orders, monetary_total, orders_last_60d","spend_last_60d, trend_orders_30_vs_90, orders_last_30d","Main churn-risk drivers: frequency_orders, monetary_total, orders_last_60d. Main factors reducing churn risk: spend_last_60d, trend_orders_30_vs_90, orders_last_30d."
14241,"frequency_orders, monetary_total, orders_last_60d","spend_last_60d, trend_orders_30_vs_90, orders_last_30d","Main churn-risk drivers: frequency_orders, monetary_total, orders_last_60d. Main factors reducing churn risk: spend_last_60d, trend_orders_30_vs_90, orders_last_30d."
14242,"frequency_orders, monetary_total, orders_last_60d","spend_last_60d, trend_orders_30_vs_90, orders_last_30d","Main churn-risk drivers: frequency_orders, monetary_total, orders_last_60d. Main factors reducing churn risk: spend_last_60d, trend_orders_30_vs_90, orders_last_30d."
14243,"trend_orders_30_vs_90, orders_last_30d, spend_last_60d","frequency_orders, orders_last_60d, recency_days","Main churn-risk drivers: trend_orders_30_vs_90, orders_last_30d, spend_last_60d. Main factors reducing churn risk: frequency_orders, orders_last_60d, recency_days."
14245,"frequency_orders, orders_last_60d, spend_last_90d","spend_last_60d, trend_orders_30_vs_90, orders_last_30d","Main churn-risk drivers: frequency_orders, orders_last_60d, spend_last_90d. Main factors reducing churn risk: spend_last_60d, trend_orders_30_vs_90, orders_last_30d."
14246,"spend_last_60d, frequency_orders, orders_last_30d","orders_last_60d, recency_days, spend_last_90d","Main churn-risk drivers: spend_last_60d, frequency_orders, orders_last_30d. Main factors reducing churn risk: orders_last_60d, recency_days, spend_last_90d."
14247,"frequency_orders, monetary_total, recency_days","spend_last_60d, trend_orders_30_vs_90, monetary_mean","Main churn-risk drivers: frequency_orders, monetary_total, recency_days. Main factors reducing churn risk: spend_last_60d, trend_orders_30_vs_90, monetary_mean."
14248,"frequency_orders, recency_days, monetary_total","spend_last_60d, trend_orders_30_vs_90, orders_last_30d","Main churn-risk drivers: frequency_orders, recency_days, monetary_total. Main factors reducing churn risk: spend_last_60d, trend_orders_30_vs_90, orders_last_30d."
14256,"frequency_orders, recency_days, orders_last_60d","spend_last_60d, trend_orders_30_vs_90, orders_last_30d","Main churn-risk drivers: frequency_orders, recency_days, orders_last_60d. Main factors reducing churn risk: spend_last_60d, trend_orders_30_vs_90, orders_last_30d."
14257,"spend_last_60d, trend_orders_30_vs_90, orders_last_90d","monetary_total, spend_last_90d, recency_days","Main churn-risk drivers: spend_last_60d, trend_orders_30_vs_90, orders_last_90d. Main factors reducing churn risk: monetary_total, spend_last_90d, recency_days."
14258,"orders_last_60d, trend_orders_30_vs_90, monetary_mean","monetary_total, frequency_orders, spend_last_90d","Main churn-risk drivers: orders_last_60d, trend_orders_30_vs_90, monetary_mean. Main factors reducing churn risk: monetary_total, frequency_orders, spend_last_90d."
14259,"frequency_orders, monetary_total, trend_orders_30_vs_90","recency_days, trend_spend_30_vs_90, spend_last_60d","Main churn-risk drivers: frequency_orders, monetary_total, trend_orders_30_vs_90. Main factors reducing churn risk: recency_days, trend_spend_30_vs_90, spend_last_60d."
14262,"monetary_total, frequency_orders, orders_last_30d","recency_days, orders_last_60d, monetary_mean","Main churn-risk drivers: monetary_total, frequency_orders, orders_last_30d. Main factors reducing churn risk: recency_days, orders_last_60d, monetary_mean."
14264,"frequency_orders, monetary_total, orders_last_60d","trend_spend_30_vs_90, spend_last_60d, recency_days","Main churn-risk drivers: frequency_orders, monetary_total, orders_last_60d. Main factors reducing churn risk: trend_spend_30_vs_90, spend_last_60d, recency_days."
14265,"frequency_orders, monetary_total, orders_last_30d","orders_last_60d, recency_days, monetary_mean","Main churn-risk drivers: frequency_orders, monetary_total, orders_last_30d. Main factors reducing churn risk: orders_last_60d, recency_days, monetary_mean."
14267,"orders_last_60d, frequency_orders, trend_orders_30_vs_90","trend_spend_30_vs_90, spend_last_60d, recency_days","Main churn-risk drivers: orders_last_60d, frequency_orders, trend_orders_30_vs_90. Main factors reducing churn risk: trend_spend_30_vs_90, spend_last_60d, recency_days."
14270,"frequency_orders, recency_days, monetary_total","spend_last_60d, trend_orders_30_vs_90, orders_last_30d","Main churn-risk drivers: frequency_orders, recency_days, monetary_total. Main factors reducing churn risk: spend_last_60d, trend_orders_30_vs_90, orders_last_30d."
14271,"frequency_orders, monetary_total, orders_last_60d","spend_last_60d, trend_orders_30_vs_90, monetary_mean","Main churn-risk drivers: frequency_orders, monetary_total, orders_last_60d. Main factors reducing churn risk: spend_last_60d, trend_orders_30_vs_90, monetary_mean."
14272,"frequency_orders, monetary_total, orders_last_60d","spend_last_60d, trend_orders_30_vs_90, orders_last_30d","Main churn-risk drivers: frequency_orders, monetary_total, orders_last_60d. Main factors reducing churn risk: spend_last_60d, trend_orders_30_vs_90, orders_last_30d."
14273,"monetary_total, frequency_orders, trend_orders_30_vs_90","recency_days, trend_spend_30_vs_90, orders_last_30d","Main churn-risk drivers: monetary_total, frequency_orders, trend_orders_30_vs_90. Main factors reducing churn risk: recency_days, trend_spend_30_vs_90, orders_last_30d."
14276,"frequency_orders, monetary_total, orders_last_30d","recency_days, trend_orders_30_vs_90, orders_last_60d","Main churn-risk drivers: frequency_orders, monetary_total, orders_last_30d. Main factors reducing churn risk: recency_days, trend_orders_30_vs_90, orders_last_60d."
14277,"frequency_orders, orders_last_60d, spend_last_90d","spend_last_60d, trend_orders_30_vs_90, orders_last_30d","Main churn-risk drivers: frequency_orders, orders_last_60d, spend_last_90d. Main factors reducing churn risk: spend_last_60d, trend_orders_30_vs_90, orders_last_30d."
14280,"frequency_orders, monetary_total, orders_last_60d","spend_last_60d, trend_orders_30_vs_90, orders_last_30d","Main churn-risk drivers: frequency_orders, monetary_total, orders_last_60d. Main factors reducing churn risk: spend_last_60d, trend_orders_30_vs_90, orders_last_30d."
14282,"orders_last_30d, trend_orders_30_vs_90, orders_last_90d","frequency_orders, orders_last_60d, recency_days","Main churn-risk drivers: orders_last_30d, trend_orders_30_vs_90, orders_last_90d. Main factors reducing churn risk: frequency_orders, orders_last_60d, recency_days."
14285,"frequency_orders, monetary_total, orders_last_60d","spend_last_60d, trend_spend_30_vs_90, monetary_mean","Main churn-risk drivers: frequency_orders, monetary_total, orders_last_60d. Main factors reducing churn risk: spend_last_60d, trend_spend_30_vs_90, monetary_mean."
14286,"frequency_orders, orders_last_60d, recency_days","spend_last_60d, monetary_total, trend_orders_30_vs_90","Main churn-risk drivers: frequency_orders, orders_last_60d, recency_days. Main factors reducing churn risk: spend_last_60d, monetary_total, trend_orders_30_vs_90."
14287,"frequency_orders, monetary_total, orders_last_60d","spend_last_60d, trend_orders_30_vs_90, orders_last_30d","Main churn-risk drivers: frequency_orders, monetary_total, orders_last_60d. Main factors reducing churn risk: spend_last_60d, trend_orders_30_vs_90, orders_last_30d."
14288,"frequency_orders, monetary_total, orders_last_60d","spend_last_60d, trend_orders_30_vs_90, orders_last_30d","Main churn-risk drivers: frequency_orders, monetary_total, orders_last_60d. Main factors reducing churn risk: spend_last_60d, trend_orders_30_vs_90, orders_last_30d."
14289,"trend_orders_30_vs_90, monetary_total, spend_last_90d","frequency_orders, recency_days, trend_spend_30_vs_90","Main churn-risk drivers: trend_orders_30_vs_90, monetary_total, spend_last_90d. Main factors reducing churn risk: frequency_orders, recency_days, trend_spend_30_vs_90."
14290,"frequency_orders, recency_days, orders_last_60d","spend_last_60d, trend_orders_30_vs_90, orders_last_30d","Main churn-risk drivers: frequency_orders, recency_days, orders_last_60d. Main factors reducing churn risk: spend_last_60d, trend_orders_30_vs_90, orders_last_30d."
14291,"trend_orders_30_vs_90, orders_last_90d","frequency_orders, recency_days, monetary_total","Main churn-risk drivers: trend_orders_30_vs_90, orders_last_90d. Main factors reducing churn risk: frequency_orders, recency_days, monetary_total."
14292,"spend_last_60d, trend_orders_30_vs_90, orders_last_90d","orders_last_60d, monetary_total, spend_last_90d","Main churn-risk drivers: spend_last_60d, trend_orders_30_vs_90, orders_last_90d. Main factors reducing churn risk: orders_last_60d, monetary_total, spend_last_90d."
14293,"monetary_total, frequency_orders, trend_orders_30_vs_90","trend_spend_30_vs_90, recency_days, orders_last_30d","Main churn-risk drivers: monetary_total, frequency_orders, trend_orders_30_vs_90. Main factors reducing churn risk: trend_spend_30_vs_90, recency_days, orders_last_30d."
14297,"frequency_orders, monetary_total, recency_days","spend_last_60d, trend_orders_30_vs_90, orders_last_30d","Main churn-risk drivers: frequency_orders, monetary_total, recency_days. Main factors reducing churn risk: spend_last_60d, trend_orders_30_vs_90, orders_last_30d."
14298,"spend_last_60d, spend_last_30d, trend_orders_30_vs_90","monetary_total, frequency_orders, spend_last_90d","Main churn-risk drivers: spend_last_60d, spend_last_30d, trend_orders_30_vs_90. Main factors reducing churn risk: monetary_total, frequency_orders, spend_last_90d."
14299,"spend_last_60d, orders_last_30d, trend_spend_30_vs_90","frequency_orders, recency_days, monetary_total","Main churn-risk drivers: spend_last_60d, orders_last_30d, trend_spend_30_vs_90. Main factors reducing churn risk: frequency_orders, recency_days, monetary_total."
14301,"frequency_orders, monetary_total, orders_last_30d","recency_days, trend_orders_30_vs_90, orders_last_60d","Main churn-risk drivers: frequency_orders, monetary_total, orders_last_30d. Main factors reducing churn risk: recency_days, trend_orders_30_vs_90, orders_last_60d."
14304,"frequency_orders, monetary_total, orders_last_60d","spend_last_60d, trend_orders_30_vs_90, orders_last_30d","Main churn-risk drivers: frequency_orders, monetary_total, orders_last_60d. Main factors reducing churn risk: spend_last_60d, trend_orders_30_vs_90, orders_last_30d."
14305,"frequency_orders, spend_last_60d, monetary_total","orders_last_60d, recency_days, trend_spend_30_vs_90","Main churn-risk drivers: frequency_orders, spend_last_60d, monetary_total. Main factors reducing churn risk: orders_last_60d, recency_days, trend_spend_30_vs_90."
14307,"trend_orders_30_vs_90, spend_last_60d","recency_days, monetary_total, trend_spend_30_vs_90","Main churn-risk drivers: trend_orders_30_vs_90, spend_last_60d. Main factors reducing churn risk: recency_days, monetary_total, trend_spend_30_vs_90."
14309,"orders_last_30d, trend_orders_30_vs_90, orders_last_90d","frequency_orders, recency_days, orders_last_60d","Main churn-risk drivers: orders_last_30d, trend_orders_30_vs_90, orders_last_90d. Main factors reducing churn risk: frequency_orders, recency_days, orders_last_60d."
14311,"frequency_orders, monetary_total, orders_last_60d","spend_last_60d, trend_orders_30_vs_90, orders_last_30d","Main churn-risk drivers: frequency_orders, monetary_total, orders_last_60d. Main factors reducing churn risk: spend_last_60d, trend_orders_30_vs_90, orders_last_30d."
14312,"monetary_total, orders_last_30d, trend_spend_30_vs_90","frequency_orders, recency_days, trend_orders_30_vs_90","Main churn-risk drivers: monetary_total, orders_last_30d, trend_spend_30_vs_90. Main factors reducing churn risk: frequency_orders, recency_days, trend_orders_30_vs_90."
14314,"frequency_orders, monetary_total, orders_last_30d","recency_days, trend_orders_30_vs_90, spend_last_60d","Main churn-risk drivers: frequency_orders, monetary_total, orders_last_30d. Main factors reducing churn risk: recency_days, trend_orders_30_vs_90, spend_last_60d."
14315,"trend_orders_30_vs_90, orders_last_90d, monetary_total","frequency_orders, orders_last_60d, recency_days","Main churn-risk drivers: trend_orders_30_vs_90, orders_last_90d, monetary_total. Main factors reducing churn risk: frequency_orders, orders_last_60d, recency_days."
14320,"frequency_orders, monetary_total, orders_last_60d","spend_last_60d, trend_orders_30_vs_90, monetary_mean","Main churn-risk drivers: frequency_orders, monetary_total, orders_last_60d. Main factors reducing churn risk: spend_last_60d, trend_orders_30_vs_90, monetary_mean."
14321,"monetary_total, frequency_orders, orders_last_30d","recency_days, monetary_mean, orders_last_60d","Main churn-risk drivers: monetary_total, frequency_orders, orders_last_30d. Main factors reducing churn risk: recency_days, monetary_mean, orders_last_60d."
14323,"frequency_orders, monetary_total, orders_last_30d","recency_days, trend_orders_30_vs_90, orders_last_60d","Main churn-risk drivers: frequency_orders, monetary_total, orders_last_30d. Main factors reducing churn risk: recency_days, trend_orders_30_vs_90, orders_last_60d."
14326,"frequency_orders, monetary_total, orders_last_60d","spend_last_60d, trend_orders_30_vs_90, orders_last_30d","Main churn-risk drivers: frequency_orders, monetary_total, orders_last_60d. Main factors reducing churn risk: spend_last_60d, trend_orders_30_vs_90, orders_last_30d."
14327,"frequency_orders, monetary_total, orders_last_60d","trend_spend_30_vs_90, spend_last_60d, recency_days","Main churn-risk drivers: frequency_orders, monetary_total, orders_last_60d. Main factors reducing churn risk: trend_spend_30_vs_90, spend_last_60d, recency_days."
14329,"orders_last_30d, trend_orders_30_vs_90, orders_last_90d","monetary_total, recency_days, spend_last_90d","Main churn-risk drivers: orders_last_30d, trend_orders_30_vs_90, orders_last_90d. Main factors reducing churn risk: monetary_total, recency_days, spend_last_90d."
14331,"frequency_orders, monetary_total, trend_orders_30_vs_90","orders_last_60d, recency_days, trend_spend_30_vs_90","Main churn-risk drivers: frequency_orders, monetary_total, trend_orders_30_vs_90. Main factors reducing churn risk: orders_last_60d, recency_days, trend_spend_30_vs_90."
14332,"frequency_orders, monetary_total, trend_orders_30_vs_90","trend_spend_30_vs_90, recency_days, spend_last_60d","Main churn-risk drivers: frequency_orders, monetary_total, trend_orders_30_vs_90. Main factors reducing churn risk: trend_spend_30_vs_90, recency_days, spend_last_60d."
14334,"orders_last_30d, spend_last_60d, trend_orders_30_vs_90","frequency_orders, orders_last_60d, recency_days","Main churn-risk drivers: orders_last_30d, spend_last_60d, trend_orders_30_vs_90. Main factors reducing churn risk: frequency_orders, orders_last_60d, recency_days."
14335,"frequency_orders, monetary_total, orders_last_30d","recency_days, trend_orders_30_vs_90, monetary_mean","Main churn-risk drivers: frequency_orders, monetary_total, orders_last_30d. Main factors reducing churn risk: recency_days, trend_orders_30_vs_90, monetary_mean."
14336,"orders_last_60d, frequency_orders, monetary_total","spend_last_60d, trend_orders_30_vs_90, orders_last_30d","Main churn-risk drivers: orders_last_60d, frequency_orders, monetary_total. Main factors reducing churn risk: spend_last_60d, trend_orders_30_vs_90, orders_last_30d."
14338,"frequency_orders, monetary_total, orders_last_60d","spend_last_60d, trend_spend_30_vs_90, recency_days","Main churn-risk drivers: frequency_orders, monetary_total, orders_last_60d. Main factors reducing churn risk: spend_last_60d, trend_spend_30_vs_90, recency_days."
14339,"frequency_orders, monetary_total, orders_last_60d","spend_last_60d, trend_orders_30_vs_90, orders_last_30d","Main churn-risk drivers: frequency_orders, monetary_total, orders_last_60d. Main factors reducing churn risk: spend_last_60d, trend_orders_30_vs_90, orders_last_30d."
14340,"frequency_orders, monetary_total, orders_last_60d","spend_last_60d, trend_orders_30_vs_90, orders_last_30d","Main churn-risk drivers: frequency_orders, monetary_total, orders_last_60d. Main factors reducing churn risk: spend_last_60d, trend_orders_30_vs_90, orders_last_30d."
14341,"trend_orders_30_vs_90, monetary_total, spend_last_90d","frequency_orders, orders_last_60d, recency_days","Main churn-risk drivers: trend_orders_30_vs_90, monetary_total, spend_last_90d. Main factors reducing churn risk: frequency_orders, orders_last_60d, recency_days."
14342,"frequency_orders, monetary_total, trend_orders_30_vs_90","recency_days, trend_spend_30_vs_90, spend_last_60d","Main churn-risk drivers: frequency_orders, monetary_total, trend_orders_30_vs_90. Main factors reducing churn risk: recency_days, trend_spend_30_vs_90, spend_last_60d."
14344,"trend_orders_30_vs_90, monetary_total, spend_last_90d","frequency_orders, orders_last_60d, recency_days","Main churn-risk drivers: trend_orders_30_vs_90, monetary_total, spend_last_90d. Main factors reducing churn risk: frequency_orders, orders_last_60d, recency_days."
14346,"frequency_orders, monetary_total, spend_last_60d","recency_days, trend_spend_30_vs_90, orders_last_30d","Main churn-risk drivers: frequency_orders, monetary_total, spend_last_60d. Main factors reducing churn risk: recency_days, trend_spend_30_vs_90, orders_last_30d."
14348,"frequency_orders, monetary_total, recency_days","spend_last_60d, trend_orders_30_vs_90, orders_last_30d","Main churn-risk drivers: frequency_orders, monetary_total, recency_days. Main factors reducing churn risk: spend_last_60d, trend_orders_30_vs_90, orders_last_30d."
14350,"frequency_orders, monetary_total, recency_days","spend_last_60d, trend_orders_30_vs_90, orders_last_30d","Main churn-risk drivers: frequency_orders, monetary_total, recency_days. Main factors reducing churn risk: spend_last_60d, trend_orders_30_vs_90, orders_last_30d."
14351,"frequency_orders, monetary_total, orders_last_60d","trend_spend_30_vs_90, spend_last_60d, recency_days","Main churn-risk drivers: frequency_orders, monetary_total, orders_last_60d. Main factors reducing churn risk: trend_spend_30_vs_90, spend_last_60d, recency_days."
14352,"orders_last_60d, trend_orders_30_vs_90, monetary_total","trend_spend_30_vs_90, spend_last_60d, frequency_orders","Main churn-risk drivers: orders_last_60d, trend_orders_30_vs_90, monetary_total. Main factors reducing churn risk: trend_spend_30_vs_90, spend_last_60d, frequency_orders."
14353,"frequency_orders, monetary_total, orders_last_60d","spend_last_60d, trend_orders_30_vs_90, monetary_mean","Main churn-risk drivers: frequency_orders, monetary_total, orders_last_60d. Main factors reducing churn risk: spend_last_60d, trend_orders_30_vs_90, monetary_mean."
14355,"frequency_orders, recency_days, monetary_total","spend_last_60d, trend_orders_30_vs_90, orders_last_30d","Main churn-risk drivers: frequency_orders, recency_days, monetary_total. Main factors reducing churn risk: spend_last_60d, trend_orders_30_vs_90, orders_last_30d."
14360,"frequency_orders, spend_last_60d, monetary_total","recency_days, spend_last_90d, trend_orders_30_vs_90","Main churn-risk drivers: frequency_orders, spend_last_60d, monetary_total. Main factors reducing churn risk: recency_days, spend_last_90d, trend_orders_30_vs_90."
14364,"spend_last_60d, trend_orders_30_vs_90, orders_last_30d","frequency_orders, monetary_total, orders_last_60d","Main churn-risk drivers: spend_last_60d, trend_orders_30_vs_90, orders_last_30d. Main factors reducing churn risk: frequency_orders, monetary_total, orders_last_60d."
14367,"trend_orders_30_vs_90, spend_last_60d, orders_last_90d","frequency_orders, monetary_total, spend_last_90d","Main churn-risk drivers: trend_orders_30_vs_90, spend_last_60d, orders_last_90d. Main factors reducing churn risk: frequency_orders, monetary_total, spend_last_90d."
14368,"frequency_orders, recency_days, monetary_total","spend_last_60d, trend_orders_30_vs_90, orders_last_30d","Main churn-risk drivers: frequency_orders, recency_days, monetary_total. Main factors reducing churn risk: spend_last_60d, trend_orders_30_vs_90, orders_last_30d."
14371,"frequency_orders, monetary_total, recency_days","spend_last_60d, trend_orders_30_vs_90, orders_last_30d","Main churn-risk drivers: frequency_orders, monetary_total, recency_days. Main factors reducing churn risk: spend_last_60d, trend_orders_30_vs_90, orders_last_30d."
14373,"frequency_orders, recency_days, monetary_total","spend_last_60d, trend_orders_30_vs_90, orders_last_30d","Main churn-risk drivers: frequency_orders, recency_days, monetary_total. Main factors reducing churn risk: spend_last_60d, trend_orders_30_vs_90, orders_last_30d."
14375,"frequency_orders, monetary_total, orders_last_60d","spend_last_60d, trend_orders_30_vs_90, monetary_mean","Main churn-risk drivers: frequency_orders, monetary_total, orders_last_60d. Main factors reducing churn risk: spend_last_60d, trend_orders_30_vs_90, monetary_mean."
14377,"frequency_orders, monetary_total, orders_last_60d","spend_last_60d, trend_orders_30_vs_90, orders_last_30d","Main churn-risk drivers: frequency_orders, monetary_total, orders_last_60d. Main factors reducing churn risk: spend_last_60d, trend_orders_30_vs_90, orders_last_30d."
14379,"frequency_orders, monetary_total, recency_days","spend_last_60d, trend_orders_30_vs_90, monetary_mean","Main churn-risk drivers: frequency_orders, monetary_total, recency_days. Main factors reducing churn risk: spend_last_60d, trend_orders_30_vs_90, monetary_mean."
14383,"frequency_orders, monetary_total, orders_last_60d","trend_spend_30_vs_90, spend_last_60d, recency_days","Main churn-risk drivers: frequency_orders, monetary_total, orders_last_60d. Main factors reducing churn risk: trend_spend_30_vs_90, spend_last_60d, recency_days."
14386,"frequency_orders, recency_days, monetary_total","spend_last_60d, trend_orders_30_vs_90, orders_last_30d","Main churn-risk drivers: frequency_orders, recency_days, monetary_total. Main factors reducing churn risk: spend_last_60d, trend_orders_30_vs_90, orders_last_30d."
14387,"frequency_orders, monetary_total, orders_last_30d","recency_days, trend_orders_30_vs_90, monetary_mean","Main churn-risk drivers: frequency_orders, monetary_total, orders_last_30d. Main factors reducing churn risk: recency_days, trend_orders_30_vs_90, monetary_mean."
14388,"spend_last_60d, trend_orders_30_vs_90, orders_last_30d","frequency_orders, orders_last_60d, recency_days","Main churn-risk drivers: spend_last_60d, trend_orders_30_vs_90, orders_last_30d. Main factors reducing churn risk: frequency_orders, orders_last_60d, recency_days."
14389,"frequency_orders, monetary_total, orders_last_60d","spend_last_60d, trend_orders_30_vs_90, orders_last_30d","Main churn-risk drivers: frequency_orders, monetary_total, orders_last_60d. Main factors reducing churn risk: spend_last_60d, trend_orders_30_vs_90, orders_last_30d."
14390,"trend_orders_30_vs_90, spend_last_60d, monetary_total","recency_days, trend_spend_30_vs_90, frequency_orders","Main churn-risk drivers: trend_orders_30_vs_90, spend_last_60d, monetary_total. Main factors reducing churn risk: recency_days, trend_spend_30_vs_90, frequency_orders."
14393,"frequency_orders, monetary_total, orders_last_60d","spend_last_60d, trend_orders_30_vs_90, monetary_mean","Main churn-risk drivers: frequency_orders, monetary_total, orders_last_60d. Main factors reducing churn risk: spend_last_60d, trend_orders_30_vs_90, monetary_mean."
14395,"orders_last_60d, trend_orders_30_vs_90, spend_last_90d","frequency_orders, trend_spend_30_vs_90, spend_last_60d","Main churn-risk drivers: orders_last_60d, trend_orders_30_vs_90, spend_last_90d. Main factors reducing churn risk: frequency_orders, trend_spend_30_vs_90, spend_last_60d."
14396,"frequency_orders, recency_days, monetary_total","spend_last_60d, trend_orders_30_vs_90, monetary_mean","Main churn-risk drivers: frequency_orders, recency_days, monetary_total. Main factors reducing churn risk: spend_last_60d, trend_orders_30_vs_90, monetary_mean."
14397,"orders_last_30d, trend_orders_30_vs_90, monetary_total","frequency_orders, orders_last_60d, recency_days","Main churn-risk drivers: orders_last_30d, trend_orders_30_vs_90, monetary_total. Main factors reducing churn risk: frequency_orders, orders_last_60d, recency_days."
14400,"frequency_orders, monetary_total, trend_orders_30_vs_90","trend_spend_30_vs_90, recency_days, orders_last_30d","Main churn-risk drivers: frequency_orders, monetary_total, trend_orders_30_vs_90. Main factors reducing churn risk: trend_spend_30_vs_90, recency_days, orders_last_30d."
14401,"orders_last_30d, spend_last_60d, trend_orders_30_vs_90","frequency_orders, orders_last_60d, monetary_total","Main churn-risk drivers: orders_last_30d, spend_last_60d, trend_orders_30_vs_90. Main factors reducing churn risk: frequency_orders, orders_last_60d, monetary_total."
14403,"trend_orders_30_vs_90, spend_last_60d, monetary_total","orders_last_60d, recency_days, trend_spend_30_vs_90","Main churn-risk drivers: trend_orders_30_vs_90, spend_last_60d, monetary_total. Main factors reducing churn risk: orders_last_60d, recency_days, trend_spend_30_vs_90."
14404,"orders_last_30d, monetary_total, trend_orders_30_vs_90","frequency_orders, recency_days, monetary_mean","Main churn-risk drivers: orders_last_30d, monetary_total, trend_orders_30_vs_90. Main factors reducing churn risk: frequency_orders, recency_days, monetary_mean."
14406,"frequency_orders, monetary_total, orders_last_30d","recency_days, trend_orders_30_vs_90, spend_last_60d","Main churn-risk drivers: frequency_orders, monetary_total, orders_last_30d. Main factors reducing churn risk: recency_days, trend_orders_30_vs_90, spend_last_60d."
14407,"orders_last_30d, spend_last_60d, trend_orders_30_vs_90","orders_last_60d, frequency_orders, recency_days","Main churn-risk drivers: orders_last_30d, spend_last_60d, trend_orders_30_vs_90. Main factors reducing churn risk: orders_last_60d, frequency_orders, recency_days."
14408,"spend_last_60d, trend_orders_30_vs_90, orders_last_30d","frequency_orders, orders_last_60d, recency_days","Main churn-risk drivers: spend_last_60d, trend_orders_30_vs_90, orders_last_30d. Main factors reducing churn risk: frequency_orders, orders_last_60d, recency_days."
14409,"spend_last_60d, trend_orders_30_vs_90, orders_last_90d","frequency_orders, orders_last_60d, recency_days","Main churn-risk drivers: spend_last_60d, trend_orders_30_vs_90, orders_last_90d. Main factors reducing churn risk: frequency_orders, orders_last_60d, recency_days."
14410,"orders_last_30d, monetary_total, spend_last_90d","frequency_orders, orders_last_60d, recency_days","Main churn-risk drivers: orders_last_30d, monetary_total, spend_last_90d. Main factors reducing churn risk: frequency_orders, orders_last_60d, recency_days."
14411,"frequency_orders, recency_days, orders_last_60d","spend_last_60d, trend_orders_30_vs_90, orders_last_30d","Main churn-risk drivers: frequency_orders, recency_days, orders_last_60d. Main factors reducing churn risk: spend_last_60d, trend_orders_30_vs_90, orders_last_30d."
14413,"frequency_orders, recency_days, monetary_total","spend_last_60d, trend_orders_30_vs_90, monetary_mean","Main churn-risk drivers: frequency_orders, recency_days, monetary_total. Main factors reducing churn risk: spend_last_60d, trend_orders_30_vs_90, monetary_mean."
14414,"orders_last_30d, spend_last_60d, orders_last_90d","orders_last_60d, frequency_orders, recency_days","Main churn-risk drivers: orders_last_30d, spend_last_60d, orders_last_90d. Main factors reducing churn risk: orders_last_60d, frequency_orders, recency_days."
14415,"spend_last_60d, trend_orders_30_vs_90, orders_last_30d","frequency_orders, monetary_total, orders_last_60d","Main churn-risk drivers: spend_last_60d, trend_orders_30_vs_90, orders_last_30d. Main factors reducing churn risk: frequency_orders, monetary_total, orders_last_60d."
14418,"frequency_orders, monetary_total, orders_last_30d","recency_days, trend_orders_30_vs_90, spend_last_60d","Main churn-risk drivers: frequency_orders, monetary_total, orders_last_30d. Main factors reducing churn risk: recency_days, trend_orders_30_vs_90, spend_last_60d."
14419,"frequency_orders, monetary_total, orders_last_60d","spend_last_60d, trend_orders_30_vs_90, monetary_mean","Main churn-risk drivers: frequency_orders, monetary_total, orders_last_60d. Main factors reducing churn risk: spend_last_60d, trend_orders_30_vs_90, monetary_mean."
14420,"frequency_orders, monetary_total, orders_last_30d","recency_days, trend_orders_30_vs_90, monetary_mean","Main churn-risk drivers: frequency_orders, monetary_total, orders_last_30d. Main factors reducing churn risk: recency_days, trend_orders_30_vs_90, monetary_mean."
14421,"frequency_orders, monetary_total, orders_last_60d","spend_last_60d, trend_orders_30_vs_90, orders_last_30d","Main churn-risk drivers: frequency_orders, monetary_total, orders_last_60d. Main factors reducing churn risk: spend_last_60d, trend_orders_30_vs_90, orders_last_30d."
14422,"frequency_orders, orders_last_60d, monetary_total","trend_spend_30_vs_90, spend_last_60d, orders_last_30d","Main churn-risk drivers: frequency_orders, orders_last_60d, monetary_total. Main factors reducing churn risk: trend_spend_30_vs_90, spend_last_60d, orders_last_30d."
14423,"frequency_orders, monetary_total, orders_last_60d","spend_last_60d, trend_orders_30_vs_90, orders_last_30d","Main churn-risk drivers: frequency_orders, monetary_total, orders_last_60d. Main factors reducing churn risk: spend_last_60d, trend_orders_30_vs_90, orders_last_30d."
14426,"trend_orders_30_vs_90, spend_last_60d, orders_last_90d","frequency_orders, orders_last_60d, monetary_total","Main churn-risk drivers: trend_orders_30_vs_90, spend_last_60d, orders_last_90d. Main factors reducing churn risk: frequency_orders, orders_last_60d, monetary_total."
14428,"frequency_orders, monetary_total, orders_last_60d","spend_last_60d, trend_orders_30_vs_90, monetary_mean","Main churn-risk drivers: frequency_orders, monetary_total, orders_last_60d. Main factors reducing churn risk: spend_last_60d, trend_orders_30_vs_90, monetary_mean."
14431,"frequency_orders, recency_days, monetary_total","spend_last_60d, trend_orders_30_vs_90, orders_last_30d","Main churn-risk drivers: frequency_orders, recency_days, monetary_total. Main factors reducing churn risk: spend_last_60d, trend_orders_30_vs_90, orders_last_30d."
14436,"frequency_orders, monetary_total, orders_last_30d","recency_days, trend_orders_30_vs_90, spend_last_60d","Main churn-risk drivers: frequency_orders, monetary_total, orders_last_30d. Main factors reducing churn risk: recency_days, trend_orders_30_vs_90, spend_last_60d."
14437,"frequency_orders, recency_days, monetary_total","spend_last_60d, trend_orders_30_vs_90, monetary_mean","Main churn-risk drivers: frequency_orders, recency_days, monetary_total. Main factors reducing churn risk: spend_last_60d, trend_orders_30_vs_90, monetary_mean."
14438,"frequency_orders, recency_days, monetary_total","spend_last_60d, trend_orders_30_vs_90, monetary_mean","Main churn-risk drivers: frequency_orders, recency_days, monetary_total. Main factors reducing churn risk: spend_last_60d, trend_orders_30_vs_90, monetary_mean."
14439,"frequency_orders, recency_days, orders_last_60d","monetary_total, spend_last_60d, trend_orders_30_vs_90","Main churn-risk drivers: frequency_orders, recency_days, orders_last_60d. Main factors reducing churn risk: monetary_total, spend_last_60d, trend_orders_30_vs_90."
14440,"recency_days, frequency_orders, orders_last_60d","spend_last_60d, trend_orders_30_vs_90, orders_last_30d","Main churn-risk drivers: recency_days, frequency_orders, orders_last_60d. Main factors reducing churn risk: spend_last_60d, trend_orders_30_vs_90, orders_last_30d."
14441,"frequency_orders, monetary_total, orders_last_30d","recency_days, trend_orders_30_vs_90, orders_last_60d","Main churn-risk drivers: frequency_orders, monetary_total, orders_last_30d. Main factors reducing churn risk: recency_days, trend_orders_30_vs_90, orders_last_60d."
14442,"frequency_orders, orders_last_60d, spend_last_90d","spend_last_60d, trend_orders_30_vs_90, orders_last_30d","Main churn-risk drivers: frequency_orders, orders_last_60d, spend_last_90d. Main factors reducing churn risk: spend_last_60d, trend_orders_30_vs_90, orders_last_30d."
14443,"monetary_total, frequency_orders, trend_orders_30_vs_90","recency_days, trend_spend_30_vs_90, monetary_mean","Main churn-risk drivers: monetary_total, frequency_orders, trend_orders_30_vs_90. Main factors reducing churn risk: recency_days, trend_spend_30_vs_90, monetary_mean."
14446,"frequency_orders, monetary_total, orders_last_60d","spend_last_60d, trend_orders_30_vs_90, monetary_mean","Main churn-risk drivers: frequency_orders, monetary_total, orders_last_60d. Main factors reducing churn risk: spend_last_60d, trend_orders_30_vs_90, monetary_mean."
14447,"frequency_orders, monetary_total, orders_last_60d","spend_last_60d, trend_orders_30_vs_90, monetary_mean","Main churn-risk drivers: frequency_orders, monetary_total, orders_last_60d. Main factors reducing churn risk: spend_last_60d, trend_orders_30_vs_90, monetary_mean."
14448,"frequency_orders, recency_days, monetary_total","spend_last_60d, trend_orders_30_vs_90, monetary_mean","Main churn-risk drivers: frequency_orders, recency_days, monetary_total. Main factors reducing churn risk: spend_last_60d, trend_orders_30_vs_90, monetary_mean."
14449,"frequency_orders, monetary_total, orders_last_60d","spend_last_60d, trend_orders_30_vs_90, monetary_mean","Main churn-risk drivers: frequency_orders, monetary_total, orders_last_60d. Main factors reducing churn risk: spend_last_60d, trend_orders_30_vs_90, monetary_mean."
14450,"monetary_total, orders_last_60d, frequency_orders","spend_last_60d, trend_orders_30_vs_90, monetary_mean","Main churn-risk drivers: monetary_total, orders_last_60d, frequency_orders. Main factors reducing churn risk: spend_last_60d, trend_orders_30_vs_90, monetary_mean."
14451,"frequency_orders, monetary_total, orders_last_60d","spend_last_60d, trend_orders_30_vs_90, monetary_mean","Main churn-risk drivers: frequency_orders, monetary_total, orders_last_60d. Main factors reducing churn risk: spend_last_60d, trend_orders_30_vs_90, monetary_mean."
14452,"frequency_orders, monetary_total, orders_last_30d","recency_days, trend_orders_30_vs_90, spend_last_60d","Main churn-risk drivers: frequency_orders, monetary_total, orders_last_30d. Main factors reducing churn risk: recency_days, trend_orders_30_vs_90, spend_last_60d."
14453,"frequency_orders, monetary_total, orders_last_60d","spend_last_60d, trend_orders_30_vs_90, monetary_mean","Main churn-risk drivers: frequency_orders, monetary_total, orders_last_60d. Main factors reducing churn risk: spend_last_60d, trend_orders_30_vs_90, monetary_mean."
14456,"trend_orders_30_vs_90, monetary_total, frequency_orders","orders_last_60d, recency_days, trend_spend_30_vs_90","Main churn-risk drivers: trend_orders_30_vs_90, monetary_total, frequency_orders. Main factors reducing churn risk: orders_last_60d, recency_days, trend_spend_30_vs_90."
14457,"frequency_orders, recency_days, monetary_total","spend_last_60d, trend_orders_30_vs_90, orders_last_30d","Main churn-risk drivers: frequency_orders, recency_days, monetary_total. Main factors reducing churn risk: spend_last_60d, trend_orders_30_vs_90, orders_last_30d."
14459,"frequency_orders, orders_last_60d, trend_orders_30_vs_90","spend_last_90d, trend_spend_30_vs_90, spend_last_60d","Main churn-risk drivers: frequency_orders, orders_last_60d, trend_orders_30_vs_90. Main factors reducing churn risk: spend_last_90d, trend_spend_30_vs_90, spend_last_60d."
14460,"monetary_total, frequency_orders, orders_last_30d","recency_days, spend_last_60d, orders_last_60d","Main churn-risk drivers: monetary_total, frequency_orders, orders_last_30d. Main factors reducing churn risk: recency_days, spend_last_60d, orders_last_60d."
14461,"trend_orders_30_vs_90, frequency_orders, orders_last_90d","spend_last_90d, trend_spend_30_vs_90, recency_days","Main churn-risk drivers: trend_orders_30_vs_90, frequency_orders, orders_last_90d. Main factors reducing churn risk: spend_last_90d, trend_spend_30_vs_90, recency_days."
14462,"trend_orders_30_vs_90, spend_last_90d, monetary_total","frequency_orders, orders_last_60d, recency_days","Main churn-risk drivers: trend_orders_30_vs_90, spend_last_90d, monetary_total. Main factors reducing churn risk: frequency_orders, orders_last_60d, recency_days."
14463,"monetary_total, frequency_orders, orders_last_30d","recency_days, orders_last_60d, spend_last_60d","Main churn-risk drivers: monetary_total, frequency_orders, orders_last_30d. Main factors reducing churn risk: recency_days, orders_last_60d, spend_last_60d."
14465,"orders_last_60d, recency_days, frequency_orders","spend_last_60d, trend_orders_30_vs_90, monetary_mean","Main churn-risk drivers: orders_last_60d, recency_days, frequency_orders. Main factors reducing churn risk: spend_last_60d, trend_orders_30_vs_90, monetary_mean."
14466,"orders_last_30d, trend_spend_30_vs_90, spend_last_90d","frequency_orders, recency_days, trend_orders_30_vs_90","Main churn-risk drivers: orders_last_30d, trend_spend_30_vs_90, spend_last_90d. Main factors reducing churn risk: frequency_orders, recency_days, trend_orders_30_vs_90."
14467,"frequency_orders, recency_days, monetary_total","spend_last_60d, trend_orders_30_vs_90, monetary_mean","Main churn-risk drivers: frequency_orders, recency_days, monetary_total. Main factors reducing churn risk: spend_last_60d, trend_orders_30_vs_90, monetary_mean."
14470,"frequency_orders, recency_days, monetary_total","spend_last_60d, trend_orders_30_vs_90, monetary_mean","Main churn-risk drivers: frequency_orders, recency_days, monetary_total. Main factors reducing churn risk: spend_last_60d, trend_orders_30_vs_90, monetary_mean."
14472,"trend_orders_30_vs_90, orders_last_30d, orders_last_90d","frequency_orders, orders_last_60d, recency_days","Main churn-risk drivers: trend_orders_30_vs_90, orders_last_30d, orders_last_90d. Main factors reducing churn risk: frequency_orders, orders_last_60d, recency_days."
14473,"frequency_orders, monetary_total, recency_days","spend_last_60d, trend_orders_30_vs_90, orders_last_30d","Main churn-risk drivers: frequency_orders, monetary_total, recency_days. Main factors reducing churn risk: spend_last_60d, trend_orders_30_vs_90, orders_last_30d."
14475,"frequency_orders, orders_last_60d, monetary_total","spend_last_60d, trend_orders_30_vs_90, orders_last_30d","Main churn-risk drivers: frequency_orders, orders_last_60d, monetary_total. Main factors reducing churn risk: spend_last_60d, trend_orders_30_vs_90, orders_last_30d."
14476,"frequency_orders, monetary_total, orders_last_60d","spend_last_60d, trend_orders_30_vs_90, monetary_mean","Main churn-risk drivers: frequency_orders, monetary_total, orders_last_60d. Main factors reducing churn risk: spend_last_60d, trend_orders_30_vs_90, monetary_mean."
14477,"frequency_orders, monetary_total, orders_last_60d","spend_last_60d, trend_orders_30_vs_90, orders_last_30d","Main churn-risk drivers: frequency_orders, monetary_total, orders_last_60d. Main factors reducing churn risk: spend_last_60d, trend_orders_30_vs_90, orders_last_30d."
14479,"frequency_orders, monetary_total, orders_last_60d","spend_last_60d, trend_orders_30_vs_90, orders_last_30d","Main churn-risk drivers: frequency_orders, monetary_total, orders_last_60d. Main factors reducing churn risk: spend_last_60d, trend_orders_30_vs_90, orders_last_30d."
14481,"frequency_orders, orders_last_60d, monetary_total","trend_spend_30_vs_90, spend_last_60d, recency_days","Main churn-risk drivers: frequency_orders, orders_last_60d, monetary_total. Main factors reducing churn risk: trend_spend_30_vs_90, spend_last_60d, recency_days."
14482,"frequency_orders, monetary_total, orders_last_30d","recency_days, trend_orders_30_vs_90, orders_last_60d","Main churn-risk drivers: frequency_orders, monetary_total, orders_last_30d. Main factors reducing churn risk: recency_days, trend_orders_30_vs_90, orders_last_60d."
14483,"frequency_orders, monetary_total, recency_days","spend_last_60d, trend_orders_30_vs_90, monetary_mean","Main churn-risk drivers: frequency_orders, monetary_total, recency_days. Main factors reducing churn risk: spend_last_60d, trend_orders_30_vs_90, monetary_mean."
14487,"frequency_orders, recency_days, monetary_total","spend_last_60d, trend_orders_30_vs_90, monetary_mean","Main churn-risk drivers: frequency_orders, recency_days, monetary_total. Main factors reducing churn risk: spend_last_60d, trend_orders_30_vs_90, monetary_mean."
14489,"frequency_orders, monetary_total, orders_last_60d","spend_last_60d, trend_orders_30_vs_90, orders_last_30d","Main churn-risk drivers: frequency_orders, monetary_total, orders_last_60d. Main factors reducing churn risk: spend_last_60d, trend_orders_30_vs_90, orders_last_30d."
14491,"frequency_orders, monetary_total, orders_last_60d","trend_spend_30_vs_90, spend_last_60d, orders_last_30d","Main churn-risk drivers: frequency_orders, monetary_total, orders_last_60d. Main factors reducing churn risk: trend_spend_30_vs_90, spend_last_60d, orders_last_30d."
14493,"frequency_orders, monetary_total, orders_last_60d","trend_spend_30_vs_90, spend_last_60d, recency_days","Main churn-risk drivers: frequency_orders, monetary_total, orders_last_60d. Main factors reducing churn risk: trend_spend_30_vs_90, spend_last_60d, recency_days."
14495,"frequency_orders, monetary_total, trend_orders_30_vs_90","recency_days, trend_spend_30_vs_90, spend_last_60d","Main churn-risk drivers: frequency_orders, monetary_total, trend_orders_30_vs_90. Main factors reducing churn risk: recency_days, trend_spend_30_vs_90, spend_last_60d."
14496,"recency_days, frequency_orders, monetary_total","spend_last_60d, trend_orders_30_vs_90, orders_last_30d","Main churn-risk drivers: recency_days, frequency_orders, monetary_total. Main factors reducing churn risk: spend_last_60d, trend_orders_30_vs_90, orders_last_30d."
14497,"frequency_orders, recency_days, monetary_total","spend_last_60d, trend_orders_30_vs_90, orders_last_30d","Main churn-risk drivers: frequency_orders, recency_days, monetary_total. Main factors reducing churn risk: spend_last_60d, trend_orders_30_vs_90, orders_last_30d."
14498,"spend_last_60d, orders_last_30d, monetary_total","orders_last_60d, recency_days, frequency_orders","Main churn-risk drivers: spend_last_60d, orders_last_30d, monetary_total. Main factors reducing churn risk: orders_last_60d, recency_days, frequency_orders."
14499,"frequency_orders, monetary_total, trend_orders_30_vs_90","recency_days, trend_spend_30_vs_90, monetary_mean","Main churn-risk drivers: frequency_orders, monetary_total, trend_orders_30_vs_90. Main factors reducing churn risk: recency_days, trend_spend_30_vs_90, monetary_mean."
14500,"frequency_orders, monetary_total, spend_last_90d","recency_days, spend_last_60d, trend_orders_30_vs_90","Main churn-risk drivers: frequency_orders, monetary_total, spend_last_90d. Main factors reducing churn risk: recency_days, spend_last_60d, trend_orders_30_vs_90."
14501,"frequency_orders, monetary_total, orders_last_60d","spend_last_60d, trend_orders_30_vs_90, orders_last_30d","Main churn-risk drivers: frequency_orders, monetary_total, orders_last_60d. Main factors reducing churn risk: spend_last_60d, trend_orders_30_vs_90, orders_last_30d."
14502,"trend_orders_30_vs_90, monetary_total, spend_last_90d","frequency_orders, trend_spend_30_vs_90, recency_days","Main churn-risk drivers: trend_orders_30_vs_90, monetary_total, spend_last_90d. Main factors reducing churn risk: frequency_orders, trend_spend_30_vs_90, recency_days."
14503,"frequency_orders, monetary_total, orders_last_60d","trend_spend_30_vs_90, spend_last_60d, monetary_mean","Main churn-risk drivers: frequency_orders, monetary_total, orders_last_60d. Main factors reducing churn risk: trend_spend_30_vs_90, spend_last_60d, monetary_mean."
14504,"monetary_total, orders_last_60d, recency_days","spend_last_60d, trend_orders_30_vs_90, monetary_mean","Main churn-risk drivers: monetary_total, orders_last_60d, recency_days. Main factors reducing churn risk: spend_last_60d, trend_orders_30_vs_90, monetary_mean."
14505,"spend_last_60d, orders_last_30d, trend_spend_30_vs_90","frequency_orders, monetary_total, recency_days","Main churn-risk drivers: spend_last_60d, orders_last_30d, trend_spend_30_vs_90. Main factors reducing churn risk: frequency_orders, monetary_total, recency_days."
14506,"orders_last_60d, monetary_total, frequency_orders","trend_spend_30_vs_90, spend_last_60d, recency_days","Main churn-risk drivers: orders_last_60d, monetary_total, frequency_orders. Main factors reducing churn risk: trend_spend_30_vs_90, spend_last_60d, recency_days."
14507,"monetary_total, orders_last_30d, trend_spend_30_vs_90","recency_days, frequency_orders, trend_orders_30_vs_90","Main churn-risk drivers: monetary_total, orders_last_30d, trend_spend_30_vs_90. Main factors reducing churn risk: recency_days, frequency_orders, trend_orders_30_vs_90."
14511,"frequency_orders, monetary_total, orders_last_30d","orders_last_60d, recency_days, monetary_mean","Main churn-risk drivers: frequency_orders, monetary_total, orders_last_30d. Main factors reducing churn risk: orders_last_60d, recency_days, monetary_mean."
14512,"frequency_orders, monetary_total, orders_last_60d","spend_last_60d, trend_orders_30_vs_90, monetary_mean","Main churn-risk drivers: frequency_orders, monetary_total, orders_last_60d. Main factors reducing churn risk: spend_last_60d, trend_orders_30_vs_90, monetary_mean."
14513,"monetary_total, frequency_orders, orders_last_30d","recency_days, trend_orders_30_vs_90, spend_last_60d","Main churn-risk drivers: monetary_total, frequency_orders, orders_last_30d. Main factors reducing churn risk: recency_days, trend_orders_30_vs_90, spend_last_60d."
14514,"frequency_orders, monetary_total, orders_last_60d","spend_last_60d, trend_orders_30_vs_90, monetary_mean","Main churn-risk drivers: frequency_orders, monetary_total, orders_last_60d. Main factors reducing churn risk: spend_last_60d, trend_orders_30_vs_90, monetary_mean."
14515,"frequency_orders, orders_last_60d, monetary_total","spend_last_60d, trend_orders_30_vs_90, orders_last_30d","Main churn-risk drivers: frequency_orders, orders_last_60d, monetary_total. Main factors reducing churn risk: spend_last_60d, trend_orders_30_vs_90, orders_last_30d."
14517,"frequency_orders, monetary_total, trend_orders_30_vs_90","recency_days, trend_spend_30_vs_90, orders_last_30d","Main churn-risk drivers: frequency_orders, monetary_total, trend_orders_30_vs_90. Main factors reducing churn risk: recency_days, trend_spend_30_vs_90, orders_last_30d."
14520,"frequency_orders, monetary_total, recency_days","spend_last_60d, trend_orders_30_vs_90, orders_last_30d","Main churn-risk drivers: frequency_orders, monetary_total, recency_days. Main factors reducing churn risk: spend_last_60d, trend_orders_30_vs_90, orders_last_30d."
14522,"frequency_orders, monetary_total, orders_last_30d","recency_days, trend_orders_30_vs_90, orders_last_60d","Main churn-risk drivers: frequency_orders, monetary_total, orders_last_30d. Main factors reducing churn risk: recency_days, trend_orders_30_vs_90, orders_last_60d."
14523,"frequency_orders, monetary_total, orders_last_30d","recency_days, trend_orders_30_vs_90, orders_last_60d","Main churn-risk drivers: frequency_orders, monetary_total, orders_last_30d. Main factors reducing churn risk: recency_days, trend_orders_30_vs_90, orders_last_60d."
14524,"orders_last_60d, monetary_total, trend_orders_30_vs_90","frequency_orders, trend_spend_30_vs_90, spend_last_60d","Main churn-risk drivers: orders_last_60d, monetary_total, trend_orders_30_vs_90. Main factors reducing churn risk: frequency_orders, trend_spend_30_vs_90, spend_last_60d."
14525,"orders_last_30d, spend_last_60d, trend_spend_30_vs_90","frequency_orders, orders_last_60d, monetary_total","Main churn-risk drivers: orders_last_30d, spend_last_60d, trend_spend_30_vs_90. Main factors reducing churn risk: frequency_orders, orders_last_60d, monetary_total."
14527,"orders_last_30d, spend_last_60d, trend_orders_30_vs_90","frequency_orders, orders_last_60d, monetary_total","Main churn-risk drivers: orders_last_30d, spend_last_60d, trend_orders_30_vs_90. Main factors reducing churn risk: frequency_orders, orders_last_60d, monetary_total."
14529,"frequency_orders, monetary_total, orders_last_30d","recency_days, trend_orders_30_vs_90, monetary_mean","Main churn-risk drivers: frequency_orders, monetary_total, orders_last_30d. Main factors reducing churn risk: recency_days, trend_orders_30_vs_90, monetary_mean."
14530,"spend_last_60d, orders_last_30d, trend_orders_30_vs_90","frequency_orders, orders_last_60d, recency_days","Main churn-risk drivers: spend_last_60d, orders_last_30d, trend_orders_30_vs_90. Main factors reducing churn risk: frequency_orders, orders_last_60d, recency_days."
14532,"orders_last_60d, recency_days, monetary_total","spend_last_60d, frequency_orders, trend_orders_30_vs_90","Main churn-risk drivers: orders_last_60d, recency_days, monetary_total. Main factors reducing churn risk: spend_last_60d, frequency_orders, trend_orders_30_vs_90."
14533,"frequency_orders, monetary_total, orders_last_30d","recency_days, trend_orders_30_vs_90, orders_last_60d","Main churn-risk drivers: frequency_orders, monetary_total, orders_last_30d. Main factors reducing churn risk: recency_days, trend_orders_30_vs_90, orders_last_60d."
14534,"orders_last_30d, trend_orders_30_vs_90, orders_last_90d","frequency_orders, orders_last_60d, monetary_total","Main churn-risk drivers: orders_last_30d, trend_orders_30_vs_90, orders_last_90d. Main factors reducing churn risk: frequency_orders, orders_last_60d, monetary_total."
14535,"frequency_orders, spend_last_60d, trend_orders_30_vs_90","recency_days, trend_spend_30_vs_90, monetary_mean","Main churn-risk drivers: frequency_orders, spend_last_60d, trend_orders_30_vs_90. Main factors reducing churn risk: recency_days, trend_spend_30_vs_90, monetary_mean."
14536,"frequency_orders, monetary_total, recency_days","spend_last_60d, trend_orders_30_vs_90, monetary_mean","Main churn-risk drivers: frequency_orders, monetary_total, recency_days. Main factors reducing churn risk: spend_last_60d, trend_orders_30_vs_90, monetary_mean."
14538,"frequency_orders, monetary_total, orders_last_60d","spend_last_60d, trend_orders_30_vs_90, orders_last_30d","Main churn-risk drivers: frequency_orders, monetary_total, orders_last_60d. Main factors reducing churn risk: spend_last_60d, trend_orders_30_vs_90, orders_last_30d."
14540,"frequency_orders, recency_days, monetary_total","spend_last_60d, trend_orders_30_vs_90, orders_last_30d","Main churn-risk drivers: frequency_orders, recency_days, monetary_total. Main factors reducing churn risk: spend_last_60d, trend_orders_30_vs_90, orders_last_30d."
14541,"orders_last_60d, trend_orders_30_vs_90, monetary_total","frequency_orders, trend_spend_30_vs_90, spend_last_60d","Main churn-risk drivers: orders_last_60d, trend_orders_30_vs_90, monetary_total. Main factors reducing churn risk: frequency_orders, trend_spend_30_vs_90, spend_last_60d."
14542,"frequency_orders, monetary_total, orders_last_60d","spend_last_60d, trend_orders_30_vs_90, orders_last_30d","Main churn-risk drivers: frequency_orders, monetary_total, orders_last_60d. Main factors reducing churn risk: spend_last_60d, trend_orders_30_vs_90, orders_last_30d."
14543,"trend_orders_30_vs_90, orders_last_30d, orders_last_90d","frequency_orders, monetary_total, orders_last_60d","Main churn-risk drivers: trend_orders_30_vs_90, orders_last_30d, orders_last_90d. Main factors reducing churn risk: frequency_orders, monetary_total, orders_last_60d."
14544,"frequency_orders, recency_days, orders_last_60d","spend_last_60d, trend_orders_30_vs_90, orders_last_30d","Main churn-risk drivers: frequency_orders, recency_days, orders_last_60d. Main factors reducing churn risk: spend_last_60d, trend_orders_30_vs_90, orders_last_30d."
14546,"frequency_orders, orders_last_60d, monetary_total","spend_last_60d, trend_orders_30_vs_90, monetary_mean","Main churn-risk drivers: frequency_orders, orders_last_60d, monetary_total. Main factors reducing churn risk: spend_last_60d, trend_orders_30_vs_90, monetary_mean."
14548,"frequency_orders, orders_last_60d, monetary_total","trend_spend_30_vs_90, spend_last_60d, recency_days","Main churn-risk drivers: frequency_orders, orders_last_60d, monetary_total. Main factors reducing churn risk: trend_spend_30_vs_90, spend_last_60d, recency_days."
14549,"frequency_orders, recency_days, monetary_total","spend_last_60d, trend_orders_30_vs_90, monetary_mean","Main churn-risk drivers: frequency_orders, recency_days, monetary_total. Main factors reducing churn risk: spend_last_60d, trend_orders_30_vs_90, monetary_mean."
14551,"frequency_orders, monetary_total, orders_last_60d","spend_last_60d, trend_orders_30_vs_90, orders_last_30d","Main churn-risk drivers: frequency_orders, monetary_total, orders_last_60d. Main factors reducing churn risk: spend_last_60d, trend_orders_30_vs_90, orders_last_30d."
14552,"frequency_orders, monetary_total, orders_last_60d","trend_spend_30_vs_90, spend_last_60d, recency_days","Main churn-risk drivers: frequency_orders, monetary_total, orders_last_60d. Main factors reducing churn risk: trend_spend_30_vs_90, spend_last_60d, recency_days."
14553,"frequency_orders, monetary_total, orders_last_60d","spend_last_60d, trend_orders_30_vs_90, monetary_mean","Main churn-risk drivers: frequency_orders, monetary_total, orders_last_60d. Main factors reducing churn risk: spend_last_60d, trend_orders_30_vs_90, monetary_mean."
14555,"frequency_orders, recency_days, monetary_total","spend_last_60d, trend_orders_30_vs_90, monetary_mean","Main churn-risk drivers: frequency_orders, recency_days, monetary_total. Main factors reducing churn risk: spend_last_60d, trend_orders_30_vs_90, monetary_mean."
14560,"orders_last_30d, orders_last_90d, spend_last_90d","frequency_orders, orders_last_60d, recency_days","Main churn-risk drivers: orders_last_30d, orders_last_90d, spend_last_90d. Main factors reducing churn risk: frequency_orders, orders_last_60d, recency_days."
14561,"frequency_orders, monetary_total, orders_last_60d","trend_spend_30_vs_90, spend_last_60d, recency_days","Main churn-risk drivers: frequency_orders, monetary_total, orders_last_60d. Main factors reducing churn risk: trend_spend_30_vs_90, spend_last_60d, recency_days."
14562,"spend_last_60d, trend_orders_30_vs_90, orders_last_30d","frequency_orders, orders_last_60d, recency_days","Main churn-risk drivers: spend_last_60d, trend_orders_30_vs_90, orders_last_30d. Main factors reducing churn risk: frequency_orders, orders_last_60d, recency_days."
14565,"spend_last_60d, orders_last_30d, trend_spend_30_vs_90","orders_last_60d, monetary_total, recency_days","Main churn-risk drivers: spend_last_60d, orders_last_30d, trend_spend_30_vs_90. Main factors reducing churn risk: orders_last_60d, monetary_total, recency_days."
14566,"frequency_orders, monetary_mean, monetary_median","recency_days, spend_last_90d, trend_orders_30_vs_90","Main churn-risk drivers: frequency_orders, monetary_mean, monetary_median. Main factors reducing churn risk: recency_days, spend_last_90d, trend_orders_30_vs_90."
14567,"frequency_orders, monetary_total, spend_last_60d","recency_days, trend_spend_30_vs_90, orders_last_30d","Main churn-risk drivers: frequency_orders, monetary_total, spend_last_60d. Main factors reducing churn risk: recency_days, trend_spend_30_vs_90, orders_last_30d."
14570,"frequency_orders, monetary_total, recency_days","spend_last_60d, trend_orders_30_vs_90, monetary_mean","Main churn-risk drivers: frequency_orders, monetary_total, recency_days. Main factors reducing churn risk: spend_last_60d, trend_orders_30_vs_90, monetary_mean."
14572,"spend_last_60d, orders_last_30d, trend_orders_30_vs_90","frequency_orders, orders_last_60d, recency_days","Main churn-risk drivers: spend_last_60d, orders_last_30d, trend_orders_30_vs_90. Main factors reducing churn risk: frequency_orders, orders_last_60d, recency_days."
14573,"orders_last_60d, trend_orders_30_vs_90, spend_last_90d","frequency_orders, trend_spend_30_vs_90, spend_last_60d","Main churn-risk drivers: orders_last_60d, trend_orders_30_vs_90, spend_last_90d. Main factors reducing churn risk: frequency_orders, trend_spend_30_vs_90, spend_last_60d."
14576,"frequency_orders, recency_days, monetary_total","spend_last_60d, trend_orders_30_vs_90, orders_last_30d","Main churn-risk drivers: frequency_orders, recency_days, monetary_total. Main factors reducing churn risk: spend_last_60d, trend_orders_30_vs_90, orders_last_30d."
14577,"orders_last_60d, monetary_total, frequency_orders","trend_spend_30_vs_90, spend_last_60d, monetary_mean","Main churn-risk drivers: orders_last_60d, monetary_total, frequency_orders. Main factors reducing churn risk: trend_spend_30_vs_90, spend_last_60d, monetary_mean."
14583,"monetary_total, trend_orders_30_vs_90, spend_last_90d","recency_days, trend_spend_30_vs_90, frequency_orders","Main churn-risk drivers: monetary_total, trend_orders_30_vs_90, spend_last_90d. Main factors reducing churn risk: recency_days, trend_spend_30_vs_90, frequency_orders."
14584,"orders_last_60d, monetary_total, trend_orders_30_vs_90","trend_spend_30_vs_90, spend_last_60d, frequency_orders","Main churn-risk drivers: orders_last_60d, monetary_total, trend_orders_30_vs_90. Main factors reducing churn risk: trend_spend_30_vs_90, spend_last_60d, frequency_orders."
14586,"frequency_orders, monetary_total, recency_days","spend_last_60d, trend_orders_30_vs_90, monetary_mean","Main churn-risk drivers: frequency_orders, monetary_total, recency_days. Main factors reducing churn risk: spend_last_60d, trend_orders_30_vs_90, monetary_mean."
14587,"orders_last_60d, spend_last_90d, trend_spend_30_vs_90","frequency_orders, spend_last_60d, trend_orders_30_vs_90","Main churn-risk drivers: orders_last_60d, spend_last_90d, trend_spend_30_vs_90. Main factors reducing churn risk: frequency_orders, spend_last_60d, trend_orders_30_vs_90."
14589,"frequency_orders, recency_days, monetary_total","spend_last_60d, trend_orders_30_vs_90, monetary_mean","Main churn-risk drivers: frequency_orders, recency_days, monetary_total. Main factors reducing churn risk: spend_last_60d, trend_orders_30_vs_90, monetary_mean."
14591,"frequency_orders, monetary_total, orders_last_60d","spend_last_60d, trend_orders_30_vs_90, monetary_mean","Main churn-risk drivers: frequency_orders, monetary_total, orders_last_60d. Main factors reducing churn risk: spend_last_60d, trend_orders_30_vs_90, monetary_mean."
14593,"frequency_orders, monetary_total, orders_last_60d","spend_last_60d, trend_orders_30_vs_90, monetary_mean","Main churn-risk drivers: frequency_orders, monetary_total, orders_last_60d. Main factors reducing churn risk: spend_last_60d, trend_orders_30_vs_90, monetary_mean."
14594,"frequency_orders, recency_days, monetary_total","spend_last_60d, trend_orders_30_vs_90, monetary_mean","Main churn-risk drivers: frequency_orders, recency_days, monetary_total. Main factors reducing churn risk: spend_last_60d, trend_orders_30_vs_90, monetary_mean."
14595,"frequency_orders, recency_days, monetary_total","spend_last_60d, trend_orders_30_vs_90, orders_last_30d","Main churn-risk drivers: frequency_orders, recency_days, monetary_total. Main factors reducing churn risk: spend_last_60d, trend_orders_30_vs_90, orders_last_30d."
14597,"frequency_orders, monetary_total, orders_last_60d","spend_last_60d, trend_orders_30_vs_90, orders_last_30d","Main churn-risk drivers: frequency_orders, monetary_total, orders_last_60d. Main factors reducing churn risk: spend_last_60d, trend_orders_30_vs_90, orders_last_30d."
14600,"frequency_orders, recency_days, monetary_total","spend_last_60d, trend_orders_30_vs_90, orders_last_30d","Main churn-risk drivers: frequency_orders, recency_days, monetary_total. Main factors reducing churn risk: spend_last_60d, trend_orders_30_vs_90, orders_last_30d."
14603,"frequency_orders, monetary_mean, monetary_median","spend_last_60d, trend_orders_30_vs_90, orders_last_30d","Main churn-risk drivers: frequency_orders, monetary_mean, monetary_median. Main factors reducing churn risk: spend_last_60d, trend_orders_30_vs_90, orders_last_30d."
14606,"orders_last_30d, spend_last_60d, orders_last_90d","frequency_orders, orders_last_60d, monetary_total","Main churn-risk drivers: orders_last_30d, spend_last_60d, orders_last_90d. Main factors reducing churn risk: frequency_orders, orders_last_60d, monetary_total."
14607,"frequency_orders, monetary_total, recency_days","spend_last_60d, trend_orders_30_vs_90, orders_last_30d","Main churn-risk drivers: frequency_orders, monetary_total, recency_days. Main factors reducing churn risk: spend_last_60d, trend_orders_30_vs_90, orders_last_30d."
14608,"frequency_orders, recency_days, monetary_total","spend_last_60d, trend_orders_30_vs_90, orders_last_30d","Main churn-risk drivers: frequency_orders, recency_days, monetary_total. Main factors reducing churn risk: spend_last_60d, trend_orders_30_vs_90, orders_last_30d."
14609,"monetary_total, trend_orders_30_vs_90, frequency_orders","recency_days, trend_spend_30_vs_90, orders_last_30d","Main churn-risk drivers: monetary_total, trend_orders_30_vs_90, frequency_orders. Main factors reducing churn risk: recency_days, trend_spend_30_vs_90, orders_last_30d."
14616,"monetary_total, orders_last_60d, recency_days","spend_last_60d, trend_orders_30_vs_90, orders_last_30d","Main churn-risk drivers: monetary_total, orders_last_60d, recency_days. Main factors reducing churn risk: spend_last_60d, trend_orders_30_vs_90, orders_last_30d."
14618,"frequency_orders, recency_days, monetary_total","spend_last_60d, trend_orders_30_vs_90, orders_last_30d","Main churn-risk drivers: frequency_orders, recency_days, monetary_total. Main factors reducing churn risk: spend_last_60d, trend_orders_30_vs_90, orders_last_30d."
14619,"frequency_orders, monetary_total, orders_last_60d","spend_last_60d, trend_orders_30_vs_90, orders_last_30d","Main churn-risk drivers: frequency_orders, monetary_total, orders_last_60d. Main factors reducing churn risk: spend_last_60d, trend_orders_30_vs_90, orders_last_30d."
14620,"frequency_orders, monetary_total, orders_last_60d","spend_last_60d, trend_orders_30_vs_90, orders_last_30d","Main churn-risk drivers: frequency_orders, monetary_total, orders_last_60d. Main factors reducing churn risk: spend_last_60d, trend_orders_30_vs_90, orders_last_30d."
14621,"orders_last_60d, monetary_total, frequency_orders","trend_spend_30_vs_90, spend_last_60d, recency_days","Main churn-risk drivers: orders_last_60d, monetary_total, frequency_orders. Main factors reducing churn risk: trend_spend_30_vs_90, spend_last_60d, recency_days."
14622,"frequency_orders, monetary_total, orders_last_60d","spend_last_60d, trend_orders_30_vs_90, monetary_mean","Main churn-risk drivers: frequency_orders, monetary_total, orders_last_60d. Main factors reducing churn risk: spend_last_60d, trend_orders_30_vs_90, monetary_mean."
14623,"monetary_total, frequency_orders, orders_last_30d","recency_days, trend_orders_30_vs_90, monetary_mean","Main churn-risk drivers: monetary_total, frequency_orders, orders_last_30d. Main factors reducing churn risk: recency_days, trend_orders_30_vs_90, monetary_mean."
14625,"frequency_orders, orders_last_60d, monetary_total","spend_last_60d, trend_orders_30_vs_90, orders_last_30d","Main churn-risk drivers: frequency_orders, orders_last_60d, monetary_total. Main factors reducing churn risk: spend_last_60d, trend_orders_30_vs_90, orders_last_30d."
14626,"frequency_orders, spend_last_60d, trend_orders_30_vs_90","recency_days, trend_spend_30_vs_90, spend_last_90d","Main churn-risk drivers: frequency_orders, spend_last_60d, trend_orders_30_vs_90. Main factors reducing churn risk: recency_days, trend_spend_30_vs_90, spend_last_90d."
14628,"frequency_orders, monetary_total, orders_last_30d","recency_days, trend_orders_30_vs_90, orders_last_60d","Main churn-risk drivers: frequency_orders, monetary_total, orders_last_30d. Main factors reducing churn risk: recency_days, trend_orders_30_vs_90, orders_last_60d."
14631,"frequency_orders, orders_last_60d, monetary_total","spend_last_60d, trend_orders_30_vs_90, orders_last_30d","Main churn-risk drivers: frequency_orders, orders_last_60d, monetary_total. Main factors reducing churn risk: spend_last_60d, trend_orders_30_vs_90, orders_last_30d."
14632,"frequency_orders, monetary_total, recency_days","spend_last_60d, trend_orders_30_vs_90, monetary_mean","Main churn-risk drivers: frequency_orders, monetary_total, recency_days. Main factors reducing churn risk: spend_last_60d, trend_orders_30_vs_90, monetary_mean."
14633,"frequency_orders, monetary_total, recency_days","spend_last_60d, trend_orders_30_vs_90, orders_last_30d","Main churn-risk drivers: frequency_orders, monetary_total, recency_days. Main factors reducing churn risk: spend_last_60d, trend_orders_30_vs_90, orders_last_30d."
14636,"frequency_orders, monetary_total, recency_days","spend_last_60d, trend_orders_30_vs_90, orders_last_30d","Main churn-risk drivers: frequency_orders, monetary_total, recency_days. Main factors reducing churn risk: spend_last_60d, trend_orders_30_vs_90, orders_last_30d."
14639,"orders_last_30d, spend_last_60d, trend_spend_30_vs_90","orders_last_60d, recency_days, frequency_orders","Main churn-risk drivers: orders_last_30d, spend_last_60d, trend_spend_30_vs_90. Main factors reducing churn risk: orders_last_60d, recency_days, frequency_orders."
14640,"trend_orders_30_vs_90, spend_last_60d, orders_last_90d","orders_last_60d, recency_days, trend_spend_30_vs_90","Main churn-risk drivers: trend_orders_30_vs_90, spend_last_60d, orders_last_90d. Main factors reducing churn risk: orders_last_60d, recency_days, trend_spend_30_vs_90."
14643,"frequency_orders, orders_last_60d, monetary_total","trend_spend_30_vs_90, spend_last_60d, orders_last_30d","Main churn-risk drivers: frequency_orders, orders_last_60d, monetary_total. Main factors reducing churn risk: trend_spend_30_vs_90, spend_last_60d, orders_last_30d."
14644,"frequency_orders, recency_days, monetary_total","spend_last_60d, trend_orders_30_vs_90, orders_last_30d","Main churn-risk drivers: frequency_orders, recency_days, monetary_total. Main factors reducing churn risk: spend_last_60d, trend_orders_30_vs_90, orders_last_30d."
14645,"frequency_orders, monetary_total, orders_last_60d","trend_spend_30_vs_90, spend_last_60d, recency_days","Main churn-risk drivers: frequency_orders, monetary_total, orders_last_60d. Main factors reducing churn risk: trend_spend_30_vs_90, spend_last_60d, recency_days."
14646,"spend_last_60d, spend_last_30d, orders_last_30d","monetary_total, spend_last_90d, frequency_orders","Main churn-risk drivers: spend_last_60d, spend_last_30d, orders_last_30d. Main factors reducing churn risk: monetary_total, spend_last_90d, frequency_orders."
14647,"frequency_orders, monetary_total, orders_last_60d","spend_last_60d, trend_orders_30_vs_90, monetary_mean","Main churn-risk drivers: frequency_orders, monetary_total, orders_last_60d. Main factors reducing churn risk: spend_last_60d, trend_orders_30_vs_90, monetary_mean."
14649,"frequency_orders, monetary_total, orders_last_60d","spend_last_60d, trend_orders_30_vs_90, monetary_mean","Main churn-risk drivers: frequency_orders, monetary_total, orders_last_60d. Main factors reducing churn risk: spend_last_60d, trend_orders_30_vs_90, monetary_mean."
14651,"frequency_orders, monetary_total, orders_last_60d","spend_last_60d, trend_orders_30_vs_90, monetary_mean","Main churn-risk drivers: frequency_orders, monetary_total, orders_last_60d. Main factors reducing churn risk: spend_last_60d, trend_orders_30_vs_90, monetary_mean."
14653,"frequency_orders, recency_days, monetary_total","spend_last_60d, trend_orders_30_vs_90, monetary_mean","Main churn-risk drivers: frequency_orders, recency_days, monetary_total. Main factors reducing churn risk: spend_last_60d, trend_orders_30_vs_90, monetary_mean."
14655,"frequency_orders, orders_last_60d, monetary_total","spend_last_60d, trend_orders_30_vs_90, orders_last_30d","Main churn-risk drivers: frequency_orders, orders_last_60d, monetary_total. Main factors reducing churn risk: spend_last_60d, trend_orders_30_vs_90, orders_last_30d."
14656,"frequency_orders, monetary_total, orders_last_60d","trend_spend_30_vs_90, spend_last_60d, monetary_mean","Main churn-risk drivers: frequency_orders, monetary_total, orders_last_60d. Main factors reducing churn risk: trend_spend_30_vs_90, spend_last_60d, monetary_mean."
14657,"orders_last_60d, monetary_total, frequency_orders","trend_spend_30_vs_90, spend_last_60d, recency_days","Main churn-risk drivers: orders_last_60d, monetary_total, frequency_orders. Main factors reducing churn risk: trend_spend_30_vs_90, spend_last_60d, recency_days."
14658,"frequency_orders, monetary_total, orders_last_30d","recency_days, trend_orders_30_vs_90, spend_last_60d","Main churn-risk drivers: frequency_orders, monetary_total, orders_last_30d. Main factors reducing churn risk: recency_days, trend_orders_30_vs_90, spend_last_60d."
14659,"trend_orders_30_vs_90, spend_last_90d","frequency_orders, trend_spend_30_vs_90, recency_days","Main churn-risk drivers: trend_orders_30_vs_90, spend_last_90d. Main factors reducing churn risk: frequency_orders, trend_spend_30_vs_90, recency_days."
14660,"frequency_orders, monetary_total, orders_last_30d","recency_days, trend_orders_30_vs_90, spend_last_60d","Main churn-risk drivers: frequency_orders, monetary_total, orders_last_30d. Main factors reducing churn risk: recency_days, trend_orders_30_vs_90, spend_last_60d."
14662,"monetary_total, orders_last_60d, recency_days","spend_last_60d, trend_orders_30_vs_90, monetary_mean","Main churn-risk drivers: monetary_total, orders_last_60d, recency_days. Main factors reducing churn risk: spend_last_60d, trend_orders_30_vs_90, monetary_mean."
14665,"recency_days, orders_last_60d, monetary_total","spend_last_60d, trend_orders_30_vs_90, orders_last_30d","Main churn-risk drivers: recency_days, orders_last_60d, monetary_total. Main factors reducing churn risk: spend_last_60d, trend_orders_30_vs_90, orders_last_30d."
14667,"spend_last_60d, orders_last_30d, trend_orders_30_vs_90","frequency_orders, monetary_total, orders_last_60d","Main churn-risk drivers: spend_last_60d, orders_last_30d, trend_orders_30_vs_90. Main factors reducing churn risk: frequency_orders, monetary_total, orders_last_60d."
14669,"orders_last_60d, recency_days, frequency_orders","spend_last_60d, trend_orders_30_vs_90, monetary_mean","Main churn-risk drivers: orders_last_60d, recency_days, frequency_orders. Main factors reducing churn risk: spend_last_60d, trend_orders_30_vs_90, monetary_mean."
14670,"frequency_orders, recency_days, monetary_total","spend_last_60d, trend_orders_30_vs_90, monetary_mean","Main churn-risk drivers: frequency_orders, recency_days, monetary_total. Main factors reducing churn risk: spend_last_60d, trend_orders_30_vs_90, monetary_mean."
14672,"frequency_orders, orders_last_60d, monetary_total","spend_last_60d, trend_orders_30_vs_90, monetary_mean","Main churn-risk drivers: frequency_orders, orders_last_60d, monetary_total. Main factors reducing churn risk: spend_last_60d, trend_orders_30_vs_90, monetary_mean."
14673,"frequency_orders, recency_days, monetary_total","spend_last_60d, trend_orders_30_vs_90, orders_last_30d","Main churn-risk drivers: frequency_orders, recency_days, monetary_total. Main factors reducing churn risk: spend_last_60d, trend_orders_30_vs_90, orders_last_30d."
14676,"trend_orders_30_vs_90, spend_last_60d, monetary_median","trend_spend_30_vs_90, recency_days, frequency_orders","Main churn-risk drivers: trend_orders_30_vs_90, spend_last_60d, monetary_median. Main factors reducing churn risk: trend_spend_30_vs_90, recency_days, frequency_orders."
14680,"spend_last_60d, trend_orders_30_vs_90, orders_last_30d","monetary_total, frequency_orders, spend_last_90d","Main churn-risk drivers: spend_last_60d, trend_orders_30_vs_90, orders_last_30d. Main factors reducing churn risk: monetary_total, frequency_orders, spend_last_90d."
14681,"frequency_orders, monetary_total, orders_last_60d","spend_last_60d, trend_orders_30_vs_90, orders_last_30d","Main churn-risk drivers: frequency_orders, monetary_total, orders_last_60d. Main factors reducing churn risk: spend_last_60d, trend_orders_30_vs_90, orders_last_30d."
14682,"frequency_orders, monetary_total, orders_last_60d","spend_last_60d, trend_orders_30_vs_90, orders_last_30d","Main churn-risk drivers: frequency_orders, monetary_total, orders_last_60d. Main factors reducing churn risk: spend_last_60d, trend_orders_30_vs_90, orders_last_30d."
14684,"frequency_orders, monetary_total, orders_last_60d","spend_last_60d, trend_orders_30_vs_90, monetary_mean","Main churn-risk drivers: frequency_orders, monetary_total, orders_last_60d. Main factors reducing churn risk: spend_last_60d, trend_orders_30_vs_90, monetary_mean."
14687,"frequency_orders, monetary_total, orders_last_30d","recency_days, trend_orders_30_vs_90, orders_last_60d","Main churn-risk drivers: frequency_orders, monetary_total, orders_last_30d. Main factors reducing churn risk: recency_days, trend_orders_30_vs_90, orders_last_60d."
14688,"trend_orders_30_vs_90, spend_last_60d, orders_last_30d","frequency_orders, orders_last_60d, monetary_total","Main churn-risk drivers: trend_orders_30_vs_90, spend_last_60d, orders_last_30d. Main factors reducing churn risk: frequency_orders, orders_last_60d, monetary_total."
14689,"frequency_orders, monetary_total, orders_last_60d","spend_last_60d, trend_orders_30_vs_90, monetary_mean","Main churn-risk drivers: frequency_orders, monetary_total, orders_last_60d. Main factors reducing churn risk: spend_last_60d, trend_orders_30_vs_90, monetary_mean."
14690,"frequency_orders, monetary_total, orders_last_60d","trend_spend_30_vs_90, spend_last_60d, recency_days","Main churn-risk drivers: frequency_orders, monetary_total, orders_last_60d. Main factors reducing churn risk: trend_spend_30_vs_90, spend_last_60d, recency_days."
14691,"frequency_orders, spend_last_60d, orders_last_30d","recency_days, trend_orders_30_vs_90, orders_last_60d","Main churn-risk drivers: frequency_orders, spend_last_60d, orders_last_30d. Main factors reducing churn risk: recency_days, trend_orders_30_vs_90, orders_last_60d."
14692,"monetary_total, trend_orders_30_vs_90, spend_last_90d","recency_days, trend_spend_30_vs_90, frequency_orders","Main churn-risk drivers: monetary_total, trend_orders_30_vs_90, spend_last_90d. Main factors reducing churn risk: recency_days, trend_spend_30_vs_90, frequency_orders."
14693,"frequency_orders, monetary_total, recency_days","spend_last_60d, trend_orders_30_vs_90, orders_last_30d","Main churn-risk drivers: frequency_orders, monetary_total, recency_days. Main factors reducing churn risk: spend_last_60d, trend_orders_30_vs_90, orders_last_30d."
14696,"orders_last_30d, trend_spend_30_vs_90, spend_last_90d","frequency_orders, recency_days, trend_orders_30_vs_90","Main churn-risk drivers: orders_last_30d, trend_spend_30_vs_90, spend_last_90d. Main factors reducing churn risk: frequency_orders, recency_days, trend_orders_30_vs_90."
14697,"frequency_orders, monetary_total, orders_last_60d","spend_last_60d, trend_orders_30_vs_90, monetary_mean","Main churn-risk drivers: frequency_orders, monetary_total, orders_last_60d. Main factors reducing churn risk: spend_last_60d, trend_orders_30_vs_90, monetary_mean."
14699,"frequency_orders, monetary_total, orders_last_60d","spend_last_60d, trend_orders_30_vs_90, monetary_mean","Main churn-risk drivers: frequency_orders, monetary_total, orders_last_60d. Main factors reducing churn risk: spend_last_60d, trend_orders_30_vs_90, monetary_mean."
14700,"frequency_orders, orders_last_60d, spend_last_90d","spend_last_60d, trend_orders_30_vs_90, orders_last_30d","Main churn-risk drivers: frequency_orders, orders_last_60d, spend_last_90d. Main factors reducing churn risk: spend_last_60d, trend_orders_30_vs_90, orders_last_30d."
14701,"orders_last_60d, trend_orders_30_vs_90, spend_last_90d","frequency_orders, trend_spend_30_vs_90, spend_last_60d","Main churn-risk drivers: orders_last_60d, trend_orders_30_vs_90, spend_last_90d. Main factors reducing churn risk: frequency_orders, trend_spend_30_vs_90, spend_last_60d."
14702,"trend_orders_30_vs_90, orders_last_30d, orders_last_90d","frequency_orders, recency_days, monetary_mean","Main churn-risk drivers: trend_orders_30_vs_90, orders_last_30d, orders_last_90d. Main factors reducing churn risk: frequency_orders, recency_days, monetary_mean."
14704,"frequency_orders, monetary_total, trend_orders_30_vs_90","recency_days, trend_spend_30_vs_90, spend_last_60d","Main churn-risk drivers: frequency_orders, monetary_total, trend_orders_30_vs_90. Main factors reducing churn risk: recency_days, trend_spend_30_vs_90, spend_last_60d."
14705,"frequency_orders, monetary_total, orders_last_60d","spend_last_60d, trend_orders_30_vs_90, orders_last_30d","Main churn-risk drivers: frequency_orders, monetary_total, orders_last_60d. Main factors reducing churn risk: spend_last_60d, trend_orders_30_vs_90, orders_last_30d."
14708,"frequency_orders, orders_last_60d, monetary_total","trend_spend_30_vs_90, spend_last_60d, recency_days","Main churn-risk drivers: frequency_orders, orders_last_60d, monetary_total. Main factors reducing churn risk: trend_spend_30_vs_90, spend_last_60d, recency_days."
14709,"spend_last_60d, orders_last_30d, trend_orders_30_vs_90","frequency_orders, orders_last_60d, monetary_total","Main churn-risk drivers: spend_last_60d, orders_last_30d, trend_orders_30_vs_90. Main factors reducing churn risk: frequency_orders, orders_last_60d, monetary_total."
14711,"orders_last_30d, orders_last_90d, spend_last_60d","frequency_orders, orders_last_60d, recency_days","Main churn-risk drivers: orders_last_30d, orders_last_90d, spend_last_60d. Main factors reducing churn risk: frequency_orders, orders_last_60d, recency_days."
14712,"frequency_orders, monetary_total, orders_last_30d","recency_days, trend_orders_30_vs_90, spend_last_60d","Main churn-risk drivers: frequency_orders, monetary_total, orders_last_30d. Main factors reducing churn risk: recency_days, trend_orders_30_vs_90, spend_last_60d."
14713,"orders_last_30d, spend_last_60d, trend_orders_30_vs_90","frequency_orders, orders_last_60d, recency_days","Main churn-risk drivers: orders_last_30d, spend_last_60d, trend_orders_30_vs_90. Main factors reducing churn risk: frequency_orders, orders_last_60d, recency_days."
14715,"monetary_total, frequency_orders, orders_last_30d","recency_days, trend_orders_30_vs_90, monetary_mean","Main churn-risk drivers: monetary_total, frequency_orders, orders_last_30d. Main factors reducing churn risk: recency_days, trend_orders_30_vs_90, monetary_mean."
14716,"frequency_orders, monetary_total, trend_orders_30_vs_90","trend_spend_30_vs_90, recency_days, monetary_mean","Main churn-risk drivers: frequency_orders, monetary_total, trend_orders_30_vs_90. Main factors reducing churn risk: trend_spend_30_vs_90, recency_days, monetary_mean."
14719,"frequency_orders, monetary_total, orders_last_60d","trend_spend_30_vs_90, spend_last_60d, monetary_mean","Main churn-risk drivers: frequency_orders, monetary_total, orders_last_60d. Main factors reducing churn risk: trend_spend_30_vs_90, spend_last_60d, monetary_mean."
14720,"frequency_orders, monetary_total, trend_orders_30_vs_90","recency_days, trend_spend_30_vs_90, spend_last_60d","Main churn-risk drivers: frequency_orders, monetary_total, trend_orders_30_vs_90. Main factors reducing churn risk: recency_days, trend_spend_30_vs_90, spend_last_60d."
14722,"frequency_orders, monetary_total, trend_orders_30_vs_90","trend_spend_30_vs_90, recency_days, monetary_mean","Main churn-risk drivers: frequency_orders, monetary_total, trend_orders_30_vs_90. Main factors reducing churn risk: trend_spend_30_vs_90, recency_days, monetary_mean."
14723,"recency_days, monetary_total, orders_last_60d","spend_last_60d, trend_orders_30_vs_90, monetary_mean","Main churn-risk drivers: recency_days, monetary_total, orders_last_60d. Main factors reducing churn risk: spend_last_60d, trend_orders_30_vs_90, monetary_mean."
14727,"frequency_orders, monetary_total, recency_days","spend_last_60d, trend_orders_30_vs_90, orders_last_30d","Main churn-risk drivers: frequency_orders, monetary_total, recency_days. Main factors reducing churn risk: spend_last_60d, trend_orders_30_vs_90, orders_last_30d."
14729,"frequency_orders, recency_days, monetary_total","spend_last_60d, trend_orders_30_vs_90, monetary_mean","Main churn-risk drivers: frequency_orders, recency_days, monetary_total. Main factors reducing churn risk: spend_last_60d, trend_orders_30_vs_90, monetary_mean."
14730,"monetary_total, orders_last_30d, trend_orders_30_vs_90","frequency_orders, recency_days, spend_last_60d","Main churn-risk drivers: monetary_total, orders_last_30d, trend_orders_30_vs_90. Main factors reducing churn risk: frequency_orders, recency_days, spend_last_60d."
14731,"frequency_orders, monetary_total, orders_last_60d","spend_last_60d, trend_orders_30_vs_90, monetary_mean","Main churn-risk drivers: frequency_orders, monetary_total, orders_last_60d. Main factors reducing churn risk: spend_last_60d, trend_orders_30_vs_90, monetary_mean."
14732,"trend_orders_30_vs_90, spend_last_90d","frequency_orders, recency_days, trend_spend_30_vs_90","Main churn-risk drivers: trend_orders_30_vs_90, spend_last_90d. Main factors reducing churn risk: frequency_orders, recency_days, trend_spend_30_vs_90."
14733,"trend_orders_30_vs_90, spend_last_60d, orders_last_30d","frequency_orders, monetary_total, orders_last_60d","Main churn-risk drivers: trend_orders_30_vs_90, spend_last_60d, orders_last_30d. Main factors reducing churn risk: frequency_orders, monetary_total, orders_last_60d."
14735,"orders_last_30d, trend_orders_30_vs_90, spend_last_60d","frequency_orders, orders_last_60d, monetary_total","Main churn-risk drivers: orders_last_30d, trend_orders_30_vs_90, spend_last_60d. Main factors reducing churn risk: frequency_orders, orders_last_60d, monetary_total."
14737,"frequency_orders, monetary_total, trend_orders_30_vs_90","recency_days, trend_spend_30_vs_90, orders_last_30d","Main churn-risk drivers: frequency_orders, monetary_total, trend_orders_30_vs_90. Main factors reducing churn risk: recency_days, trend_spend_30_vs_90, orders_last_30d."
14738,"monetary_total, trend_orders_30_vs_90, spend_last_90d","frequency_orders, recency_days, trend_spend_30_vs_90","Main churn-risk drivers: monetary_total, trend_orders_30_vs_90, spend_last_90d. Main factors reducing churn risk: frequency_orders, recency_days, trend_spend_30_vs_90."
14739,"spend_last_60d, orders_last_30d, trend_spend_30_vs_90","recency_days, monetary_total, frequency_orders","Main churn-risk drivers: spend_last_60d, orders_last_30d, trend_spend_30_vs_90. Main factors reducing churn risk: recency_days, monetary_total, frequency_orders."
14740,"orders_last_60d, frequency_orders, spend_last_90d","spend_last_60d, trend_orders_30_vs_90, orders_last_30d","Main churn-risk drivers: orders_last_60d, frequency_orders, spend_last_90d. Main factors reducing churn risk: spend_last_60d, trend_orders_30_vs_90, orders_last_30d."
14741,"monetary_total, orders_last_30d, trend_orders_30_vs_90","recency_days, frequency_orders, orders_last_60d","Main churn-risk drivers: monetary_total, orders_last_30d, trend_orders_30_vs_90. Main factors reducing churn risk: recency_days, frequency_orders, orders_last_60d."
14744,"recency_days, orders_last_60d, monetary_total","frequency_orders, spend_last_60d, trend_orders_30_vs_90","Main churn-risk drivers: recency_days, orders_last_60d, monetary_total. Main factors reducing churn risk: frequency_orders, spend_last_60d, trend_orders_30_vs_90."
14745,"trend_orders_30_vs_90, orders_last_30d, monetary_total","orders_last_60d, frequency_orders, recency_days","Main churn-risk drivers: trend_orders_30_vs_90, orders_last_30d, monetary_total. Main factors reducing churn risk: orders_last_60d, frequency_orders, recency_days."
14747,"frequency_orders, monetary_total, orders_last_60d","spend_last_60d, trend_orders_30_vs_90, orders_last_30d","Main churn-risk drivers: frequency_orders, monetary_total, orders_last_60d. Main factors reducing churn risk: spend_last_60d, trend_orders_30_vs_90, orders_last_30d."
14748,"trend_orders_30_vs_90, monetary_total, spend_last_90d","recency_days, trend_spend_30_vs_90, frequency_orders","Main churn-risk drivers: trend_orders_30_vs_90, monetary_total, spend_last_90d. Main factors reducing churn risk: recency_days, trend_spend_30_vs_90, frequency_orders."
14754,"frequency_orders, recency_days, monetary_total","spend_last_60d, trend_orders_30_vs_90, monetary_mean","Main churn-risk drivers: frequency_orders, recency_days, monetary_total. Main factors reducing churn risk: spend_last_60d, trend_orders_30_vs_90, monetary_mean."
14755,"trend_orders_30_vs_90, orders_last_30d, spend_last_60d","frequency_orders, orders_last_60d, monetary_total","Main churn-risk drivers: trend_orders_30_vs_90, orders_last_30d, spend_last_60d. Main factors reducing churn risk: frequency_orders, orders_last_60d, monetary_total."
14758,"trend_orders_30_vs_90, spend_last_90d, monetary_total","trend_spend_30_vs_90, recency_days, frequency_orders","Main churn-risk drivers: trend_orders_30_vs_90, spend_last_90d, monetary_total. Main factors reducing churn risk: trend_spend_30_vs_90, recency_days, frequency_orders."
14759,"frequency_orders, monetary_total, orders_last_30d","recency_days, trend_orders_30_vs_90, orders_last_60d","Main churn-risk drivers: frequency_orders, monetary_total, orders_last_30d. Main factors reducing churn risk: recency_days, trend_orders_30_vs_90, orders_last_60d."
14760,"frequency_orders, monetary_total, recency_days","spend_last_60d, trend_orders_30_vs_90, orders_last_30d","Main churn-risk drivers: frequency_orders, monetary_total, recency_days. Main factors reducing churn risk: spend_last_60d, trend_orders_30_vs_90, orders_last_30d."
14761,"frequency_orders, recency_days, monetary_total","spend_last_60d, trend_orders_30_vs_90, monetary_mean","Main churn-risk drivers: frequency_orders, recency_days, monetary_total. Main factors reducing churn risk: spend_last_60d, trend_orders_30_vs_90, monetary_mean."
14762,"frequency_orders, monetary_total, recency_days","spend_last_60d, trend_orders_30_vs_90, monetary_mean","Main churn-risk drivers: frequency_orders, monetary_total, recency_days. Main factors reducing churn risk: spend_last_60d, trend_orders_30_vs_90, monetary_mean."
14765,"frequency_orders, monetary_total, orders_last_30d","recency_days, spend_last_60d, trend_spend_30_vs_90","Main churn-risk drivers: frequency_orders, monetary_total, orders_last_30d. Main factors reducing churn risk: recency_days, spend_last_60d, trend_spend_30_vs_90."
14766,"orders_last_60d, trend_orders_30_vs_90, spend_last_90d","trend_spend_30_vs_90, spend_last_60d, frequency_orders","Main churn-risk drivers: orders_last_60d, trend_orders_30_vs_90, spend_last_90d. Main factors reducing churn risk: trend_spend_30_vs_90, spend_last_60d, frequency_orders."
14768,"frequency_orders, monetary_total, trend_orders_30_vs_90","recency_days, trend_spend_30_vs_90, spend_last_60d","Main churn-risk drivers: frequency_orders, monetary_total, trend_orders_30_vs_90. Main factors reducing churn risk: recency_days, trend_spend_30_vs_90, spend_last_60d."
14769,"orders_last_30d, spend_last_60d, trend_orders_30_vs_90","monetary_total, frequency_orders, orders_last_60d","Main churn-risk drivers: orders_last_30d, spend_last_60d, trend_orders_30_vs_90. Main factors reducing churn risk: monetary_total, frequency_orders, orders_last_60d."
14770,"frequency_orders, orders_last_60d, monetary_total","spend_last_60d, trend_orders_30_vs_90, orders_last_30d","Main churn-risk drivers: frequency_orders, orders_last_60d, monetary_total. Main factors reducing churn risk: spend_last_60d, trend_orders_30_vs_90, orders_last_30d."
14772,"frequency_orders, monetary_total, orders_last_30d","recency_days, trend_orders_30_vs_90, spend_last_60d","Main churn-risk drivers: frequency_orders, monetary_total, orders_last_30d. Main factors reducing churn risk: recency_days, trend_orders_30_vs_90, spend_last_60d."
14775,"frequency_orders, monetary_total, trend_orders_30_vs_90","recency_days, trend_spend_30_vs_90, orders_last_30d","Main churn-risk drivers: frequency_orders, monetary_total, trend_orders_30_vs_90. Main factors reducing churn risk: recency_days, trend_spend_30_vs_90, orders_last_30d."
14776,"trend_orders_30_vs_90, orders_last_30d, orders_last_90d","frequency_orders, orders_last_60d, recency_days","Main churn-risk drivers: trend_orders_30_vs_90, orders_last_30d, orders_last_90d. Main factors reducing churn risk: frequency_orders, orders_last_60d, recency_days."
14778,"frequency_orders, monetary_total, trend_orders_30_vs_90","recency_days, trend_spend_30_vs_90, orders_last_30d","Main churn-risk drivers: frequency_orders, monetary_total, trend_orders_30_vs_90. Main factors reducing churn risk: recency_days, trend_spend_30_vs_90, orders_last_30d."
14779,"recency_days, monetary_total, orders_last_60d","spend_last_60d, trend_orders_30_vs_90, monetary_mean","Main churn-risk drivers: recency_days, monetary_total, orders_last_60d. Main factors reducing churn risk: spend_last_60d, trend_orders_30_vs_90, monetary_mean."
14782,"frequency_orders, recency_days, monetary_total","spend_last_60d, trend_orders_30_vs_90, orders_last_30d","Main churn-risk drivers: frequency_orders, recency_days, monetary_total. Main factors reducing churn risk: spend_last_60d, trend_orders_30_vs_90, orders_last_30d."
14784,"frequency_orders, recency_days, monetary_total","spend_last_60d, trend_orders_30_vs_90, orders_last_30d","Main churn-risk drivers: frequency_orders, recency_days, monetary_total. Main factors reducing churn risk: spend_last_60d, trend_orders_30_vs_90, orders_last_30d."
14790,"frequency_orders, monetary_total, orders_last_30d","recency_days, trend_orders_30_vs_90, monetary_mean","Main churn-risk drivers: frequency_orders, monetary_total, orders_last_30d. Main factors reducing churn risk: recency_days, trend_orders_30_vs_90, monetary_mean."
14794,"orders_last_60d, monetary_total, spend_last_90d","spend_last_60d, frequency_orders, trend_orders_30_vs_90","Main churn-risk drivers: orders_last_60d, monetary_total, spend_last_90d. Main factors reducing churn risk: spend_last_60d, frequency_orders, trend_orders_30_vs_90."
14795,"frequency_orders, monetary_total, orders_last_60d","trend_spend_30_vs_90, spend_last_60d, orders_last_30d","Main churn-risk drivers: frequency_orders, monetary_total, orders_last_60d. Main factors reducing churn risk: trend_spend_30_vs_90, spend_last_60d, orders_last_30d."
14796,"spend_last_60d, orders_last_30d, trend_orders_30_vs_90","frequency_orders, monetary_total, orders_last_60d","Main churn-risk drivers: spend_last_60d, orders_last_30d, trend_orders_30_vs_90. Main factors reducing churn risk: frequency_orders, monetary_total, orders_last_60d."
14798,"frequency_orders, monetary_total, trend_orders_30_vs_90","recency_days, trend_spend_30_vs_90, spend_last_60d","Main churn-risk drivers: frequency_orders, monetary_total, trend_orders_30_vs_90. Main factors reducing churn risk: recency_days, trend_spend_30_vs_90, spend_last_60d."
14800,"orders_last_30d, trend_orders_30_vs_90, spend_last_60d","frequency_orders, monetary_total, orders_last_60d","Main churn-risk drivers: orders_last_30d, trend_orders_30_vs_90, spend_last_60d. Main factors reducing churn risk: frequency_orders, monetary_total, orders_last_60d."
14803,"orders_last_60d, monetary_total, frequency_orders","trend_spend_30_vs_90, spend_last_60d, recency_days","Main churn-risk drivers: orders_last_60d, monetary_total, frequency_orders. Main factors reducing churn risk: trend_spend_30_vs_90, spend_last_60d, recency_days."
14805,"frequency_orders, recency_days, monetary_total","spend_last_60d, trend_orders_30_vs_90, monetary_mean","Main churn-risk drivers: frequency_orders, recency_days, monetary_total. Main factors reducing churn risk: spend_last_60d, trend_orders_30_vs_90, monetary_mean."
14808,"trend_orders_30_vs_90, orders_last_90d, spend_last_60d","frequency_orders, spend_last_90d, recency_days","Main churn-risk drivers: trend_orders_30_vs_90, orders_last_90d, spend_last_60d. Main factors reducing churn risk: frequency_orders, spend_last_90d, recency_days."
14810,"orders_last_30d, spend_last_60d, trend_orders_30_vs_90","frequency_orders, orders_last_60d, recency_days","Main churn-risk drivers: orders_last_30d, spend_last_60d, trend_orders_30_vs_90. Main factors reducing churn risk: frequency_orders, orders_last_60d, recency_days."
14813,"recency_days, frequency_orders, monetary_total","spend_last_60d, trend_orders_30_vs_90, monetary_mean","Main churn-risk drivers: recency_days, frequency_orders, monetary_total. Main factors reducing churn risk: spend_last_60d, trend_orders_30_vs_90, monetary_mean."
14816,"frequency_orders, monetary_total, orders_last_60d","spend_last_60d, trend_orders_30_vs_90, orders_last_30d","Main churn-risk drivers: frequency_orders, monetary_total, orders_last_60d. Main factors reducing churn risk: spend_last_60d, trend_orders_30_vs_90, orders_last_30d."
14817,"frequency_orders, orders_last_60d, monetary_total","spend_last_60d, trend_orders_30_vs_90, orders_last_30d","Main churn-risk drivers: frequency_orders, orders_last_60d, monetary_total. Main factors reducing churn risk: spend_last_60d, trend_orders_30_vs_90, orders_last_30d."
14818,"frequency_orders, monetary_total, orders_last_60d","trend_spend_30_vs_90, spend_last_60d, orders_last_30d","Main churn-risk drivers: frequency_orders, monetary_total, orders_last_60d. Main factors reducing churn risk: trend_spend_30_vs_90, spend_last_60d, orders_last_30d."
14819,"frequency_orders, monetary_total, orders_last_60d","spend_last_60d, trend_orders_30_vs_90, orders_last_30d","Main churn-risk drivers: frequency_orders, monetary_total, orders_last_60d. Main factors reducing churn risk: spend_last_60d, trend_orders_30_vs_90, orders_last_30d."
14820,"frequency_orders, monetary_total, orders_last_60d","trend_spend_30_vs_90, spend_last_60d, orders_last_30d","Main churn-risk drivers: frequency_orders, monetary_total, orders_last_60d. Main factors reducing churn risk: trend_spend_30_vs_90, spend_last_60d, orders_last_30d."
14821,"frequency_orders, recency_days, monetary_total","spend_last_60d, trend_orders_30_vs_90, orders_last_30d","Main churn-risk drivers: frequency_orders, recency_days, monetary_total. Main factors reducing churn risk: spend_last_60d, trend_orders_30_vs_90, orders_last_30d."
14823,"monetary_total, orders_last_60d, frequency_orders","trend_spend_30_vs_90, spend_last_60d, monetary_mean","Main churn-risk drivers: monetary_total, orders_last_60d, frequency_orders. Main factors reducing churn risk: trend_spend_30_vs_90, spend_last_60d, monetary_mean."
14824,"frequency_orders, monetary_total, orders_last_30d","recency_days, trend_orders_30_vs_90, orders_last_60d","Main churn-risk drivers: frequency_orders, monetary_total, orders_last_30d. Main factors reducing churn risk: recency_days, trend_orders_30_vs_90, orders_last_60d."
14825,"trend_orders_30_vs_90, monetary_total, spend_last_90d","frequency_orders, recency_days, trend_spend_30_vs_90","Main churn-risk drivers: trend_orders_30_vs_90, monetary_total, spend_last_90d. Main factors reducing churn risk: frequency_orders, recency_days, trend_spend_30_vs_90."
14828,"orders_last_60d, frequency_orders, spend_last_90d","spend_last_60d, monetary_total, trend_orders_30_vs_90","Main churn-risk drivers: orders_last_60d, frequency_orders, spend_last_90d. Main factors reducing churn risk: spend_last_60d, monetary_total, trend_orders_30_vs_90."
14829,"monetary_total, orders_last_60d, frequency_orders","spend_last_60d, trend_orders_30_vs_90, orders_last_30d","Main churn-risk drivers: monetary_total, orders_last_60d, frequency_orders. Main factors reducing churn risk: spend_last_60d, trend_orders_30_vs_90, orders_last_30d."
14834,"frequency_orders, monetary_total, orders_last_30d","recency_days, trend_orders_30_vs_90, orders_last_60d","Main churn-risk drivers: frequency_orders, monetary_total, orders_last_30d. Main factors reducing churn risk: recency_days, trend_orders_30_vs_90, orders_last_60d."
14837,"frequency_orders, orders_last_30d, monetary_total","recency_days, monetary_mean, orders_last_60d","Main churn-risk drivers: frequency_orders, orders_last_30d, monetary_total. Main factors reducing churn risk: recency_days, monetary_mean, orders_last_60d."
14840,"frequency_orders, monetary_total, recency_days","spend_last_60d, trend_orders_30_vs_90, orders_last_30d","Main churn-risk drivers: frequency_orders, monetary_total, recency_days. Main factors reducing churn risk: spend_last_60d, trend_orders_30_vs_90, orders_last_30d."
14841,"orders_last_60d, trend_orders_30_vs_90","monetary_total, trend_spend_30_vs_90, spend_last_60d","Main churn-risk drivers: orders_last_60d, trend_orders_30_vs_90. Main factors reducing churn risk: monetary_total, trend_spend_30_vs_90, spend_last_60d."
14842,"frequency_orders, orders_last_30d, trend_spend_30_vs_90","recency_days, trend_orders_30_vs_90, monetary_total","Main churn-risk drivers: frequency_orders, orders_last_30d, trend_spend_30_vs_90. Main factors reducing churn risk: recency_days, trend_orders_30_vs_90, monetary_total."
14844,"trend_orders_30_vs_90, frequency_orders, spend_last_60d","recency_days, spend_last_90d, monetary_total","Main churn-risk drivers: trend_orders_30_vs_90, frequency_orders, spend_last_60d. Main factors reducing churn risk: recency_days, spend_last_90d, monetary_total."
14847,"frequency_orders, monetary_total, trend_orders_30_vs_90","trend_spend_30_vs_90, recency_days, orders_last_30d","Main churn-risk drivers: frequency_orders, monetary_total, trend_orders_30_vs_90. Main factors reducing churn risk: trend_spend_30_vs_90, recency_days, orders_last_30d."
14849,"spend_last_60d, orders_last_30d, orders_last_90d","frequency_orders, orders_last_60d, monetary_total","Main churn-risk drivers: spend_last_60d, orders_last_30d, orders_last_90d. Main factors reducing churn risk: frequency_orders, orders_last_60d, monetary_total."
14850,"frequency_orders, recency_days, monetary_total","spend_last_60d, trend_orders_30_vs_90, orders_last_30d","Main churn-risk drivers: frequency_orders, recency_days, monetary_total. Main factors reducing churn risk: spend_last_60d, trend_orders_30_vs_90, orders_last_30d."
14851,"frequency_orders, monetary_total, orders_last_60d","spend_last_60d, trend_orders_30_vs_90, monetary_mean","Main churn-risk drivers: frequency_orders, monetary_total, orders_last_60d. Main factors reducing churn risk: spend_last_60d, trend_orders_30_vs_90, monetary_mean."
14852,"spend_last_60d, trend_orders_30_vs_90, orders_last_30d","frequency_orders, orders_last_60d, recency_days","Main churn-risk drivers: spend_last_60d, trend_orders_30_vs_90, orders_last_30d. Main factors reducing churn risk: frequency_orders, orders_last_60d, recency_days."
14853,"frequency_orders, monetary_total, orders_last_60d","spend_last_60d, trend_orders_30_vs_90, orders_last_30d","Main churn-risk drivers: frequency_orders, monetary_total, orders_last_60d. Main factors reducing churn risk: spend_last_60d, trend_orders_30_vs_90, orders_last_30d."
14854,"trend_orders_30_vs_90, orders_last_90d","frequency_orders, recency_days, monetary_total","Main churn-risk drivers: trend_orders_30_vs_90, orders_last_90d. Main factors reducing churn risk: frequency_orders, recency_days, monetary_total."
14855,"frequency_orders, monetary_total, orders_last_30d","orders_last_60d, recency_days, monetary_mean","Main churn-risk drivers: frequency_orders, monetary_total, orders_last_30d. Main factors reducing churn risk: orders_last_60d, recency_days, monetary_mean."
14857,"frequency_orders, monetary_total, trend_orders_30_vs_90","trend_spend_30_vs_90, recency_days, orders_last_30d","Main churn-risk drivers: frequency_orders, monetary_total, trend_orders_30_vs_90. Main factors reducing churn risk: trend_spend_30_vs_90, recency_days, orders_last_30d."
14859,"frequency_orders, monetary_total, orders_last_60d","spend_last_60d, trend_orders_30_vs_90, orders_last_30d","Main churn-risk drivers: frequency_orders, monetary_total, orders_last_60d. Main factors reducing churn risk: spend_last_60d, trend_orders_30_vs_90, orders_last_30d."
14862,"frequency_orders, monetary_total, trend_orders_30_vs_90","trend_spend_30_vs_90, recency_days, monetary_mean","Main churn-risk drivers: frequency_orders, monetary_total, trend_orders_30_vs_90. Main factors reducing churn risk: trend_spend_30_vs_90, recency_days, monetary_mean."
14865,"frequency_orders, recency_days, monetary_total","spend_last_60d, trend_orders_30_vs_90, monetary_mean","Main churn-risk drivers: frequency_orders, recency_days, monetary_total. Main factors reducing churn risk: spend_last_60d, trend_orders_30_vs_90, monetary_mean."
14866,"spend_last_60d, trend_orders_30_vs_90, monetary_total","orders_last_60d, recency_days, frequency_orders","Main churn-risk drivers: spend_last_60d, trend_orders_30_vs_90, monetary_total. Main factors reducing churn risk: orders_last_60d, recency_days, frequency_orders."
14867,"orders_last_60d, monetary_total, frequency_orders","spend_last_60d, trend_orders_30_vs_90, orders_last_30d","Main churn-risk drivers: orders_last_60d, monetary_total, frequency_orders. Main factors reducing churn risk: spend_last_60d, trend_orders_30_vs_90, orders_last_30d."
14868,"trend_orders_30_vs_90, orders_last_30d, monetary_total","recency_days, frequency_orders, orders_last_60d","Main churn-risk drivers: trend_orders_30_vs_90, orders_last_30d, monetary_total. Main factors reducing churn risk: recency_days, frequency_orders, orders_last_60d."
14869,"frequency_orders, monetary_total, orders_last_30d","recency_days, trend_orders_30_vs_90, monetary_mean","Main churn-risk drivers: frequency_orders, monetary_total, orders_last_30d. Main factors reducing churn risk: recency_days, trend_orders_30_vs_90, monetary_mean."
14870,"frequency_orders, monetary_total, recency_days","spend_last_60d, trend_orders_30_vs_90, orders_last_30d","Main churn-risk drivers: frequency_orders, monetary_total, recency_days. Main factors reducing churn risk: spend_last_60d, trend_orders_30_vs_90, orders_last_30d."
14871,"monetary_total, orders_last_60d, frequency_orders","trend_spend_30_vs_90, spend_last_60d, monetary_mean","Main churn-risk drivers: monetary_total, orders_last_60d, frequency_orders. Main factors reducing churn risk: trend_spend_30_vs_90, spend_last_60d, monetary_mean."
14873,"frequency_orders, monetary_total, orders_last_60d","spend_last_60d, trend_orders_30_vs_90, orders_last_30d","Main churn-risk drivers: frequency_orders, monetary_total, orders_last_60d. Main factors reducing churn risk: spend_last_60d, trend_orders_30_vs_90, orders_last_30d."
14875,"frequency_orders, spend_last_60d, orders_last_30d","recency_days, spend_last_90d, trend_orders_30_vs_90","Main churn-risk drivers: frequency_orders, spend_last_60d, orders_last_30d. Main factors reducing churn risk: recency_days, spend_last_90d, trend_orders_30_vs_90."
14878,"orders_last_60d, monetary_total, trend_orders_30_vs_90","frequency_orders, trend_spend_30_vs_90, spend_last_60d","Main churn-risk drivers: orders_last_60d, monetary_total, trend_orders_30_vs_90. Main factors reducing churn risk: frequency_orders, trend_spend_30_vs_90, spend_last_60d."
14880,"frequency_orders, monetary_total, orders_last_60d","spend_last_60d, trend_orders_30_vs_90, monetary_mean","Main churn-risk drivers: frequency_orders, monetary_total, orders_last_60d. Main factors reducing churn risk: spend_last_60d, trend_orders_30_vs_90, monetary_mean."
14883,"frequency_orders, monetary_total, orders_last_60d","trend_spend_30_vs_90, spend_last_60d, recency_days","Main churn-risk drivers: frequency_orders, monetary_total, orders_last_60d. Main factors reducing churn risk: trend_spend_30_vs_90, spend_last_60d, recency_days."
14885,"frequency_orders, monetary_total, spend_last_60d","recency_days, trend_spend_30_vs_90, orders_last_30d","Main churn-risk drivers: frequency_orders, monetary_total, spend_last_60d. Main factors reducing churn risk: recency_days, trend_spend_30_vs_90, orders_last_30d."
14886,"frequency_orders, monetary_total, orders_last_60d","spend_last_60d, trend_orders_30_vs_90, orders_last_30d","Main churn-risk drivers: frequency_orders, monetary_total, orders_last_60d. Main factors reducing churn risk: spend_last_60d, trend_orders_30_vs_90, orders_last_30d."
14888,"frequency_orders, monetary_total, orders_last_60d","spend_last_60d, trend_orders_30_vs_90, orders_last_30d","Main churn-risk drivers: frequency_orders, monetary_total, orders_last_60d. Main factors reducing churn risk: spend_last_60d, trend_orders_30_vs_90, orders_last_30d."
14889,"frequency_orders, recency_days, monetary_total","spend_last_60d, trend_orders_30_vs_90, monetary_mean","Main churn-risk drivers: frequency_orders, recency_days, monetary_total. Main factors reducing churn risk: spend_last_60d, trend_orders_30_vs_90, monetary_mean."
14890,"frequency_orders, monetary_total, orders_last_60d","spend_last_60d, trend_orders_30_vs_90, orders_last_30d","Main churn-risk drivers: frequency_orders, monetary_total, orders_last_60d. Main factors reducing churn risk: spend_last_60d, trend_orders_30_vs_90, orders_last_30d."
14891,"frequency_orders, monetary_total, trend_orders_30_vs_90","trend_spend_30_vs_90, recency_days, spend_last_60d","Main churn-risk drivers: frequency_orders, monetary_total, trend_orders_30_vs_90. Main factors reducing churn risk: trend_spend_30_vs_90, recency_days, spend_last_60d."
14895,"spend_last_60d, orders_last_30d, spend_last_30d","frequency_orders, orders_last_60d, monetary_total","Main churn-risk drivers: spend_last_60d, orders_last_30d, spend_last_30d. Main factors reducing churn risk: frequency_orders, orders_last_60d, monetary_total."
14896,"frequency_orders, monetary_total, orders_last_60d","spend_last_60d, trend_orders_30_vs_90, monetary_mean","Main churn-risk drivers: frequency_orders, monetary_total, orders_last_60d. Main factors reducing churn risk: spend_last_60d, trend_orders_30_vs_90, monetary_mean."
14897,"frequency_orders, recency_days, monetary_total","spend_last_60d, trend_orders_30_vs_90, orders_last_30d","Main churn-risk drivers: frequency_orders, recency_days, monetary_total. Main factors reducing churn risk: spend_last_60d, trend_orders_30_vs_90, orders_last_30d."
14898,"monetary_total, trend_orders_30_vs_90, spend_last_90d","frequency_orders, recency_days, trend_spend_30_vs_90","Main churn-risk drivers: monetary_total, trend_orders_30_vs_90, spend_last_90d. Main factors reducing churn risk: frequency_orders, recency_days, trend_spend_30_vs_90."
14901,"monetary_total, orders_last_30d, spend_last_90d","frequency_orders, orders_last_60d, recency_days","Main churn-risk drivers: monetary_total, orders_last_30d, spend_last_90d. Main factors reducing churn risk: frequency_orders, orders_last_60d, recency_days."
14903,"trend_orders_30_vs_90, spend_last_60d","recency_days, monetary_total, trend_spend_30_vs_90","Main churn-risk drivers: trend_orders_30_vs_90, spend_last_60d. Main factors reducing churn risk: recency_days, monetary_total, trend_spend_30_vs_90."
14905,"frequency_orders, monetary_total, orders_last_60d","trend_spend_30_vs_90, spend_last_60d, recency_days","Main churn-risk drivers: frequency_orders, monetary_total, orders_last_60d. Main factors reducing churn risk: trend_spend_30_vs_90, spend_last_60d, recency_days."
14907,"spend_last_60d, orders_last_30d, trend_orders_30_vs_90","frequency_orders, orders_last_60d, recency_days","Main churn-risk drivers: spend_last_60d, orders_last_30d, trend_orders_30_vs_90. Main factors reducing churn risk: frequency_orders, orders_last_60d, recency_days."
14911,"spend_last_60d, orders_last_30d, orders_last_90d","frequency_orders, monetary_total, orders_last_60d","Main churn-risk drivers: spend_last_60d, orders_last_30d, orders_last_90d. Main factors reducing churn risk: frequency_orders, monetary_total, orders_last_60d."
14912,"frequency_orders, monetary_total, orders_last_60d","spend_last_60d, trend_orders_30_vs_90, orders_last_30d","Main churn-risk drivers: frequency_orders, monetary_total, orders_last_60d. Main factors reducing churn risk: spend_last_60d, trend_orders_30_vs_90, orders_last_30d."
14913,"orders_last_60d, monetary_total, frequency_orders","spend_last_60d, trend_orders_30_vs_90, monetary_mean","Main churn-risk drivers: orders_last_60d, monetary_total, frequency_orders. Main factors reducing churn risk: spend_last_60d, trend_orders_30_vs_90, monetary_mean."
14915,"frequency_orders, monetary_total, orders_last_30d","recency_days, trend_orders_30_vs_90, spend_last_60d","Main churn-risk drivers: frequency_orders, monetary_total, orders_last_30d. Main factors reducing churn risk: recency_days, trend_orders_30_vs_90, spend_last_60d."
14916,"monetary_total, frequency_orders, orders_last_30d","orders_last_60d, recency_days, monetary_mean","Main churn-risk drivers: monetary_total, frequency_orders, orders_last_30d. Main factors reducing churn risk: orders_last_60d, recency_days, monetary_mean."
14918,"frequency_orders, spend_last_60d, orders_last_30d","recency_days, spend_last_90d, orders_last_60d","Main churn-risk drivers: frequency_orders, spend_last_60d, orders_last_30d. Main factors reducing churn risk: recency_days, spend_last_90d, orders_last_60d."
14920,"frequency_orders, orders_last_60d, monetary_total","spend_last_60d, trend_orders_30_vs_90, orders_last_30d","Main churn-risk drivers: frequency_orders, orders_last_60d, monetary_total. Main factors reducing churn risk: spend_last_60d, trend_orders_30_vs_90, orders_last_30d."
14921,"frequency_orders, orders_last_60d, monetary_total","spend_last_60d, trend_orders_30_vs_90, orders_last_30d","Main churn-risk drivers: frequency_orders, orders_last_60d, monetary_total. Main factors reducing churn risk: spend_last_60d, trend_orders_30_vs_90, orders_last_30d."
14924,"frequency_orders, monetary_total, orders_last_60d","spend_last_60d, trend_orders_30_vs_90, orders_last_30d","Main churn-risk drivers: frequency_orders, monetary_total, orders_last_60d. Main factors reducing churn risk: spend_last_60d, trend_orders_30_vs_90, orders_last_30d."
14930,"spend_last_60d, orders_last_30d, frequency_orders","orders_last_60d, recency_days, monetary_total","Main churn-risk drivers: spend_last_60d, orders_last_30d, frequency_orders. Main factors reducing churn risk: orders_last_60d, recency_days, monetary_total."
14931,"frequency_orders, monetary_total, orders_last_60d","spend_last_60d, trend_orders_30_vs_90, orders_last_30d","Main churn-risk drivers: frequency_orders, monetary_total, orders_last_60d. Main factors reducing churn risk: spend_last_60d, trend_orders_30_vs_90, orders_last_30d."
14932,"frequency_orders, recency_days, monetary_total","spend_last_60d, trend_orders_30_vs_90, orders_last_30d","Main churn-risk drivers: frequency_orders, recency_days, monetary_total. Main factors reducing churn risk: spend_last_60d, trend_orders_30_vs_90, orders_last_30d."
14934,"frequency_orders, recency_days, orders_last_60d","spend_last_60d, trend_orders_30_vs_90, orders_last_30d","Main churn-risk drivers: frequency_orders, recency_days, orders_last_60d. Main factors reducing churn risk: spend_last_60d, trend_orders_30_vs_90, orders_last_30d."
14935,"frequency_orders, recency_days, orders_last_60d","spend_last_60d, trend_orders_30_vs_90, orders_last_30d","Main churn-risk drivers: frequency_orders, recency_days, orders_last_60d. Main factors reducing churn risk: spend_last_60d, trend_orders_30_vs_90, orders_last_30d."
14936,"spend_last_60d, frequency_orders, orders_last_30d","monetary_total, spend_last_90d, recency_days","Main churn-risk drivers: spend_last_60d, frequency_orders, orders_last_30d. Main factors reducing churn risk: monetary_total, spend_last_90d, recency_days."
14937,"frequency_orders, monetary_total, spend_last_60d","recency_days, trend_spend_30_vs_90, orders_last_30d","Main churn-risk drivers: frequency_orders, monetary_total, spend_last_60d. Main factors reducing churn risk: recency_days, trend_spend_30_vs_90, orders_last_30d."
14944,"spend_last_60d, orders_last_30d, trend_orders_30_vs_90","frequency_orders, orders_last_60d, monetary_total","Main churn-risk drivers: spend_last_60d, orders_last_30d, trend_orders_30_vs_90. Main factors reducing churn risk: frequency_orders, orders_last_60d, monetary_total."
14947,"frequency_orders, monetary_total, trend_orders_30_vs_90","recency_days, trend_spend_30_vs_90, spend_last_60d","Main churn-risk drivers: frequency_orders, monetary_total, trend_orders_30_vs_90. Main factors reducing churn risk: recency_days, trend_spend_30_vs_90, spend_last_60d."
14948,"orders_last_30d, monetary_total, spend_last_90d","orders_last_60d, recency_days, frequency_orders","Main churn-risk drivers: orders_last_30d, monetary_total, spend_last_90d. Main factors reducing churn risk: orders_last_60d, recency_days, frequency_orders."
14952,"orders_last_60d, spend_last_90d, trend_spend_30_vs_90","frequency_orders, monetary_total, spend_last_60d","Main churn-risk drivers: orders_last_60d, spend_last_90d, trend_spend_30_vs_90. Main factors reducing churn risk: frequency_orders, monetary_total, spend_last_60d."
14957,"frequency_orders, monetary_total, orders_last_60d","spend_last_60d, trend_orders_30_vs_90, monetary_mean","Main churn-risk drivers: frequency_orders, monetary_total, orders_last_60d. Main factors reducing churn risk: spend_last_60d, trend_orders_30_vs_90, monetary_mean."
14958,"monetary_total, frequency_orders, trend_orders_30_vs_90","trend_spend_30_vs_90, recency_days, spend_last_60d","Main churn-risk drivers: monetary_total, frequency_orders, trend_orders_30_vs_90. Main factors reducing churn risk: trend_spend_30_vs_90, recency_days, spend_last_60d."
14959,"monetary_total, frequency_orders, orders_last_30d","recency_days, trend_orders_30_vs_90, spend_last_60d","Main churn-risk drivers: monetary_total, frequency_orders, orders_last_30d. Main factors reducing churn risk: recency_days, trend_orders_30_vs_90, spend_last_60d."
14960,"frequency_orders, monetary_total, orders_last_60d","trend_spend_30_vs_90, spend_last_60d, orders_last_30d","Main churn-risk drivers: frequency_orders, monetary_total, orders_last_60d. Main factors reducing churn risk: trend_spend_30_vs_90, spend_last_60d, orders_last_30d."
14961,"spend_last_60d, orders_last_30d, trend_orders_30_vs_90","frequency_orders, monetary_total, recency_days","Main churn-risk drivers: spend_last_60d, orders_last_30d, trend_orders_30_vs_90. Main factors reducing churn risk: frequency_orders, monetary_total, recency_days."
14962,"frequency_orders, monetary_total, recency_days","spend_last_60d, trend_orders_30_vs_90, orders_last_30d","Main churn-risk drivers: frequency_orders, monetary_total, recency_days. Main factors reducing churn risk: spend_last_60d, trend_orders_30_vs_90, orders_last_30d."
14963,"frequency_orders, monetary_total, orders_last_60d","spend_last_60d, trend_orders_30_vs_90, monetary_mean","Main churn-risk drivers: frequency_orders, monetary_total, orders_last_60d. Main factors reducing churn risk: spend_last_60d, trend_orders_30_vs_90, monetary_mean."
14964,"frequency_orders, monetary_total, orders_last_60d","spend_last_60d, trend_orders_30_vs_90, orders_last_30d","Main churn-risk drivers: frequency_orders, monetary_total, orders_last_60d. Main factors reducing churn risk: spend_last_60d, trend_orders_30_vs_90, orders_last_30d."
14965,"frequency_orders, orders_last_30d, monetary_total","orders_last_60d, recency_days, trend_orders_30_vs_90","Main churn-risk drivers: frequency_orders, orders_last_30d, monetary_total. Main factors reducing churn risk: orders_last_60d, recency_days, trend_orders_30_vs_90."
14970,"frequency_orders, trend_orders_30_vs_90, monetary_total","recency_days, trend_spend_30_vs_90, orders_last_30d","Main churn-risk drivers: frequency_orders, trend_orders_30_vs_90, monetary_total. Main factors reducing churn risk: recency_days, trend_spend_30_vs_90, orders_last_30d."
14972,"frequency_orders, monetary_total, trend_orders_30_vs_90","recency_days, trend_spend_30_vs_90, spend_last_60d","Main churn-risk drivers: frequency_orders, monetary_total, trend_orders_30_vs_90. Main factors reducing churn risk: recency_days, trend_spend_30_vs_90, spend_last_60d."
14973,"frequency_orders, orders_last_30d, spend_last_60d","orders_last_60d, recency_days, monetary_median","Main churn-risk drivers: frequency_orders, orders_last_30d, spend_last_60d. Main factors reducing churn risk: orders_last_60d, recency_days, monetary_median."
14976,"monetary_total, orders_last_30d, spend_last_90d","recency_days, frequency_orders, trend_orders_30_vs_90","Main churn-risk drivers: monetary_total, orders_last_30d, spend_last_90d. Main factors reducing churn risk: recency_days, frequency_orders, trend_orders_30_vs_90."
14978,"orders_last_60d, recency_days, spend_last_90d","spend_last_60d, frequency_orders, trend_orders_30_vs_90","Main churn-risk drivers: orders_last_60d, recency_days, spend_last_90d. Main factors reducing churn risk: spend_last_60d, frequency_orders, trend_orders_30_vs_90."
14981,"frequency_orders, monetary_total, orders_last_60d","spend_last_60d, trend_orders_30_vs_90, monetary_mean","Main churn-risk drivers: frequency_orders, monetary_total, orders_last_60d. Main factors reducing churn risk: spend_last_60d, trend_orders_30_vs_90, monetary_mean."
14984,"frequency_orders, monetary_total, orders_last_60d","spend_last_60d, trend_orders_30_vs_90, monetary_mean","Main churn-risk drivers: frequency_orders, monetary_total, orders_last_60d. Main factors reducing churn risk: spend_last_60d, trend_orders_30_vs_90, monetary_mean."
14985,"frequency_orders, monetary_total, orders_last_60d","spend_last_60d, trend_orders_30_vs_90, monetary_mean","Main churn-risk drivers: frequency_orders, monetary_total, orders_last_60d. Main factors reducing churn risk: spend_last_60d, trend_orders_30_vs_90, monetary_mean."
14987,"frequency_orders, recency_days, monetary_total","spend_last_60d, trend_orders_30_vs_90, orders_last_30d","Main churn-risk drivers: frequency_orders, recency_days, monetary_total. Main factors reducing churn risk: spend_last_60d, trend_orders_30_vs_90, orders_last_30d."
14988,"frequency_orders, monetary_total, orders_last_60d","spend_last_60d, trend_orders_30_vs_90, monetary_mean","Main churn-risk drivers: frequency_orders, monetary_total, orders_last_60d. Main factors reducing churn risk: spend_last_60d, trend_orders_30_vs_90, monetary_mean."
14995,"frequency_orders, monetary_total, recency_days","spend_last_60d, trend_orders_30_vs_90, monetary_mean","Main churn-risk drivers: frequency_orders, monetary_total, recency_days. Main factors reducing churn risk: spend_last_60d, trend_orders_30_vs_90, monetary_mean."
14997,"frequency_orders, monetary_total, orders_last_60d","trend_spend_30_vs_90, spend_last_60d, orders_last_30d","Main churn-risk drivers: frequency_orders, monetary_total, orders_last_60d. Main factors reducing churn risk: trend_spend_30_vs_90, spend_last_60d, orders_last_30d."
14998,"frequency_orders, monetary_total, orders_last_60d","trend_spend_30_vs_90, spend_last_60d, monetary_mean","Main churn-risk drivers: frequency_orders, monetary_total, orders_last_60d. Main factors reducing churn risk: trend_spend_30_vs_90, spend_last_60d, monetary_mean."
15002,"orders_last_30d, trend_spend_30_vs_90, spend_last_60d","recency_days, frequency_orders, trend_orders_30_vs_90","Main churn-risk drivers: orders_last_30d, trend_spend_30_vs_90, spend_last_60d. Main factors reducing churn risk: recency_days, frequency_orders, trend_orders_30_vs_90."
15004,"frequency_orders, spend_last_60d, trend_orders_30_vs_90","spend_last_90d, trend_spend_30_vs_90, recency_days","Main churn-risk drivers: frequency_orders, spend_last_60d, trend_orders_30_vs_90. Main factors reducing churn risk: spend_last_90d, trend_spend_30_vs_90, recency_days."
15005,"orders_last_30d, spend_last_60d, trend_orders_30_vs_90","frequency_orders, orders_last_60d, monetary_total","Main churn-risk drivers: orders_last_30d, spend_last_60d, trend_orders_30_vs_90. Main factors reducing churn risk: frequency_orders, orders_last_60d, monetary_total."
15007,"frequency_orders, monetary_total, orders_last_60d","trend_spend_30_vs_90, spend_last_60d, recency_days","Main churn-risk drivers: frequency_orders, monetary_total, orders_last_60d. Main factors reducing churn risk: trend_spend_30_vs_90, spend_last_60d, recency_days."
15012,"frequency_orders, recency_days, monetary_total","spend_last_60d, trend_orders_30_vs_90, monetary_mean","Main churn-risk drivers: frequency_orders, recency_days, monetary_total. Main factors reducing churn risk: spend_last_60d, trend_orders_30_vs_90, monetary_mean."
15014,"frequency_orders, monetary_total, orders_last_60d","trend_spend_30_vs_90, spend_last_60d, orders_last_30d","Main churn-risk drivers: frequency_orders, monetary_total, orders_last_60d. Main factors reducing churn risk: trend_spend_30_vs_90, spend_last_60d, orders_last_30d."
15016,"frequency_orders, monetary_total, orders_last_60d","trend_spend_30_vs_90, spend_last_60d, monetary_mean","Main churn-risk drivers: frequency_orders, monetary_total, orders_last_60d. Main factors reducing churn risk: trend_spend_30_vs_90, spend_last_60d, monetary_mean."
15018,"frequency_orders, monetary_total, orders_last_60d","spend_last_60d, trend_orders_30_vs_90, orders_last_30d","Main churn-risk drivers: frequency_orders, monetary_total, orders_last_60d. Main factors reducing churn risk: spend_last_60d, trend_orders_30_vs_90, orders_last_30d."
15019,"frequency_orders, monetary_total, recency_days","spend_last_60d, trend_orders_30_vs_90, monetary_mean","Main churn-risk drivers: frequency_orders, monetary_total, recency_days. Main factors reducing churn risk: spend_last_60d, trend_orders_30_vs_90, monetary_mean."
15021,"orders_last_60d, trend_orders_30_vs_90, monetary_total","frequency_orders, trend_spend_30_vs_90, spend_last_60d","Main churn-risk drivers: orders_last_60d, trend_orders_30_vs_90, monetary_total. Main factors reducing churn risk: frequency_orders, trend_spend_30_vs_90, spend_last_60d."
15023,"spend_last_60d, trend_orders_30_vs_90, orders_last_30d","frequency_orders, monetary_total, orders_last_60d","Main churn-risk drivers: spend_last_60d, trend_orders_30_vs_90, orders_last_30d. Main factors reducing churn risk: frequency_orders, monetary_total, orders_last_60d."
15024,"monetary_total, orders_last_30d, spend_last_90d","frequency_orders, orders_last_60d, recency_days","Main churn-risk drivers: monetary_total, orders_last_30d, spend_last_90d. Main factors reducing churn risk: frequency_orders, orders_last_60d, recency_days."
15026,"frequency_orders, monetary_total, orders_last_60d","spend_last_60d, trend_orders_30_vs_90, monetary_mean","Main churn-risk drivers: frequency_orders, monetary_total, orders_last_60d. Main factors reducing churn risk: spend_last_60d, trend_orders_30_vs_90, monetary_mean."
15027,"orders_last_60d, monetary_total, frequency_orders","trend_spend_30_vs_90, spend_last_60d, orders_last_30d","Main churn-risk drivers: orders_last_60d, monetary_total, frequency_orders. Main factors reducing churn risk: trend_spend_30_vs_90, spend_last_60d, orders_last_30d."
15028,"frequency_orders, recency_days, monetary_total","spend_last_60d, trend_orders_30_vs_90, monetary_mean","Main churn-risk drivers: frequency_orders, recency_days, monetary_total. Main factors reducing churn risk: spend_last_60d, trend_orders_30_vs_90, monetary_mean."
15030,"frequency_orders, monetary_total, recency_days","spend_last_60d, trend_orders_30_vs_90, orders_last_30d","Main churn-risk drivers: frequency_orders, monetary_total, recency_days. Main factors reducing churn risk: spend_last_60d, trend_orders_30_vs_90, orders_last_30d."
15031,"frequency_orders, monetary_total, orders_last_30d","recency_days, trend_orders_30_vs_90, spend_last_60d","Main churn-risk drivers: frequency_orders, monetary_total, orders_last_30d. Main factors reducing churn risk: recency_days, trend_orders_30_vs_90, spend_last_60d."
15032,"orders_last_60d, recency_days, frequency_orders","monetary_total, spend_last_60d, trend_orders_30_vs_90","Main churn-risk drivers: orders_last_60d, recency_days, frequency_orders. Main factors reducing churn risk: monetary_total, spend_last_60d, trend_orders_30_vs_90."
15033,"trend_orders_30_vs_90, orders_last_30d, orders_last_90d","frequency_orders, orders_last_60d, recency_days","Main churn-risk drivers: trend_orders_30_vs_90, orders_last_30d, orders_last_90d. Main factors reducing churn risk: frequency_orders, orders_last_60d, recency_days."
15034,"orders_last_60d, recency_days, spend_last_90d","frequency_orders, monetary_total, spend_last_60d","Main churn-risk drivers: orders_last_60d, recency_days, spend_last_90d. Main factors reducing churn risk: frequency_orders, monetary_total, spend_last_60d."
15036,"frequency_orders, monetary_total, orders_last_60d","trend_spend_30_vs_90, spend_last_60d, monetary_mean","Main churn-risk drivers: frequency_orders, monetary_total, orders_last_60d. Main factors reducing churn risk: trend_spend_30_vs_90, spend_last_60d, monetary_mean."
15038,"monetary_total, orders_last_60d, spend_last_90d","spend_last_60d, frequency_orders, trend_orders_30_vs_90","Main churn-risk drivers: monetary_total, orders_last_60d, spend_last_90d. Main factors reducing churn risk: spend_last_60d, frequency_orders, trend_orders_30_vs_90."
15039,"spend_last_60d, orders_last_30d, orders_last_90d","frequency_orders, monetary_total, orders_last_60d","Main churn-risk drivers: spend_last_60d, orders_last_30d, orders_last_90d. Main factors reducing churn risk: frequency_orders, monetary_total, orders_last_60d."
15041,"frequency_orders, monetary_total, orders_last_60d","trend_spend_30_vs_90, spend_last_60d, monetary_mean","Main churn-risk drivers: frequency_orders, monetary_total, orders_last_60d. Main factors reducing churn risk: trend_spend_30_vs_90, spend_last_60d, monetary_mean."
15042,"frequency_orders, monetary_total, orders_last_60d","spend_last_60d, trend_orders_30_vs_90, orders_last_30d","Main churn-risk drivers: frequency_orders, monetary_total, orders_last_60d. Main factors reducing churn risk: spend_last_60d, trend_orders_30_vs_90, orders_last_30d."
15044,"trend_orders_30_vs_90, orders_last_90d","frequency_orders, monetary_total, recency_days","Main churn-risk drivers: trend_orders_30_vs_90, orders_last_90d. Main factors reducing churn risk: frequency_orders, monetary_total, recency_days."
15045,"frequency_orders, orders_last_60d, monetary_total","trend_spend_30_vs_90, spend_last_60d, recency_days","Main churn-risk drivers: frequency_orders, orders_last_60d, monetary_total. Main factors reducing churn risk: trend_spend_30_vs_90, spend_last_60d, recency_days."
15046,"spend_last_60d, trend_orders_30_vs_90, orders_last_30d","frequency_orders, monetary_total, orders_last_60d","Main churn-risk drivers: spend_last_60d, trend_orders_30_vs_90, orders_last_30d. Main factors reducing churn risk: frequency_orders, monetary_total, orders_last_60d."
15047,"frequency_orders, monetary_total, recency_days","spend_last_60d, trend_orders_30_vs_90, orders_last_30d","Main churn-risk drivers: frequency_orders, monetary_total, recency_days. Main factors reducing churn risk: spend_last_60d, trend_orders_30_vs_90, orders_last_30d."
15048,"monetary_total, frequency_orders, orders_last_30d","recency_days, spend_last_60d, trend_orders_30_vs_90","Main churn-risk drivers: monetary_total, frequency_orders, orders_last_30d. Main factors reducing churn risk: recency_days, spend_last_60d, trend_orders_30_vs_90."
15049,"frequency_orders, monetary_total, recency_days","spend_last_60d, trend_orders_30_vs_90, orders_last_30d","Main churn-risk drivers: frequency_orders, monetary_total, recency_days. Main factors reducing churn risk: spend_last_60d, trend_orders_30_vs_90, orders_last_30d."
15051,"frequency_orders, monetary_total, trend_orders_30_vs_90","trend_spend_30_vs_90, recency_days, monetary_mean","Main churn-risk drivers: frequency_orders, monetary_total, trend_orders_30_vs_90. Main factors reducing churn risk: trend_spend_30_vs_90, recency_days, monetary_mean."
15052,"frequency_orders, recency_days, monetary_total","spend_last_60d, trend_orders_30_vs_90, monetary_mean","Main churn-risk drivers: frequency_orders, recency_days, monetary_total. Main factors reducing churn risk: spend_last_60d, trend_orders_30_vs_90, monetary_mean."
15053,"frequency_orders, monetary_total, orders_last_60d","trend_spend_30_vs_90, spend_last_60d, recency_days","Main churn-risk drivers: frequency_orders, monetary_total, orders_last_60d. Main factors reducing churn risk: trend_spend_30_vs_90, spend_last_60d, recency_days."
15057,"frequency_orders, recency_days, orders_last_60d","spend_last_60d, trend_orders_30_vs_90, orders_last_30d","Main churn-risk drivers: frequency_orders, recency_days, orders_last_60d. Main factors reducing churn risk: spend_last_60d, trend_orders_30_vs_90, orders_last_30d."
15058,"trend_orders_30_vs_90, monetary_total, spend_last_90d","frequency_orders, recency_days, trend_spend_30_vs_90","Main churn-risk drivers: trend_orders_30_vs_90, monetary_total, spend_last_90d. Main factors reducing churn risk: frequency_orders, recency_days, trend_spend_30_vs_90."
15059,"orders_last_30d, monetary_total, orders_last_90d","frequency_orders, orders_last_60d, recency_days","Main churn-risk drivers: orders_last_30d, monetary_total, orders_last_90d. Main factors reducing churn risk: frequency_orders, orders_last_60d, recency_days."
15061,"spend_last_60d, trend_orders_30_vs_90, orders_last_90d","frequency_orders, monetary_total, spend_last_90d","Main churn-risk drivers: spend_last_60d, trend_orders_30_vs_90, orders_last_90d. Main factors reducing churn risk: frequency_orders, monetary_total, spend_last_90d."
15062,"orders_last_60d, monetary_total, frequency_orders","spend_last_60d, trend_orders_30_vs_90, orders_last_30d","Main churn-risk drivers: orders_last_60d, monetary_total, frequency_orders. Main factors reducing churn risk: spend_last_60d, trend_orders_30_vs_90, orders_last_30d."
15063,"frequency_orders, monetary_total, orders_last_60d","spend_last_60d, trend_orders_30_vs_90, orders_last_30d","Main churn-risk drivers: frequency_orders, monetary_total, orders_last_60d. Main factors reducing churn risk: spend_last_60d, trend_orders_30_vs_90, orders_last_30d."
15065,"orders_last_60d, frequency_orders, trend_orders_30_vs_90","monetary_total, spend_last_90d, trend_spend_30_vs_90","Main churn-risk drivers: orders_last_60d, frequency_orders, trend_orders_30_vs_90. Main factors reducing churn risk: monetary_total, spend_last_90d, trend_spend_30_vs_90."
15067,"frequency_orders, recency_days, orders_last_60d","spend_last_60d, trend_orders_30_vs_90, orders_last_30d","Main churn-risk drivers: frequency_orders, recency_days, orders_last_60d. Main factors reducing churn risk: spend_last_60d, trend_orders_30_vs_90, orders_last_30d."
15068,"frequency_orders, monetary_total, orders_last_60d","spend_last_60d, trend_orders_30_vs_90, monetary_mean","Main churn-risk drivers: frequency_orders, monetary_total, orders_last_60d. Main factors reducing churn risk: spend_last_60d, trend_orders_30_vs_90, monetary_mean."
15069,"frequency_orders, orders_last_60d, trend_orders_30_vs_90","trend_spend_30_vs_90, spend_last_60d, spend_last_90d","Main churn-risk drivers: frequency_orders, orders_last_60d, trend_orders_30_vs_90. Main factors reducing churn risk: trend_spend_30_vs_90, spend_last_60d, spend_last_90d."
15070,"frequency_orders, recency_days, monetary_total","spend_last_60d, trend_orders_30_vs_90, orders_last_30d","Main churn-risk drivers: frequency_orders, recency_days, monetary_total. Main factors reducing churn risk: spend_last_60d, trend_orders_30_vs_90, orders_last_30d."
15071,"frequency_orders, monetary_total, orders_last_30d","recency_days, trend_orders_30_vs_90, orders_last_60d","Main churn-risk drivers: frequency_orders, monetary_total, orders_last_30d. Main factors reducing churn risk: recency_days, trend_orders_30_vs_90, orders_last_60d."
15073,"frequency_orders, orders_last_60d, monetary_total","spend_last_60d, trend_orders_30_vs_90, orders_last_30d","Main churn-risk drivers: frequency_orders, orders_last_60d, monetary_total. Main factors reducing churn risk: spend_last_60d, trend_orders_30_vs_90, orders_last_30d."
15074,"frequency_orders, monetary_total, spend_last_60d","recency_days, trend_orders_30_vs_90, orders_last_60d","Main churn-risk drivers: frequency_orders, monetary_total, spend_last_60d. Main factors reducing churn risk: recency_days, trend_orders_30_vs_90, orders_last_60d."
15076,"frequency_orders, orders_last_60d, monetary_total","trend_spend_30_vs_90, spend_last_60d, spend_last_90d","Main churn-risk drivers: frequency_orders, orders_last_60d, monetary_total. Main factors reducing churn risk: trend_spend_30_vs_90, spend_last_60d, spend_last_90d."
15078,"spend_last_60d, orders_last_30d, trend_orders_30_vs_90","frequency_orders, orders_last_60d, monetary_total","Main churn-risk drivers: spend_last_60d, orders_last_30d, trend_orders_30_vs_90. Main factors reducing churn risk: frequency_orders, orders_last_60d, monetary_total."
15079,"orders_last_60d, monetary_total, spend_last_90d","spend_last_60d, frequency_orders, trend_orders_30_vs_90","Main churn-risk drivers: orders_last_60d, monetary_total, spend_last_90d. Main factors reducing churn risk: spend_last_60d, frequency_orders, trend_orders_30_vs_90."
15081,"frequency_orders, monetary_total, orders_last_60d","spend_last_60d, trend_orders_30_vs_90, monetary_mean","Main churn-risk drivers: frequency_orders, monetary_total, orders_last_60d. Main factors reducing churn risk: spend_last_60d, trend_orders_30_vs_90, monetary_mean."
15083,"frequency_orders, monetary_total, orders_last_60d","spend_last_60d, trend_orders_30_vs_90, orders_last_30d","Main churn-risk drivers: frequency_orders, monetary_total, orders_last_60d. Main factors reducing churn risk: spend_last_60d, trend_orders_30_vs_90, orders_last_30d."
15087,"frequency_orders, recency_days, monetary_total","spend_last_60d, trend_orders_30_vs_90, orders_last_30d","Main churn-risk drivers: frequency_orders, recency_days, monetary_total. Main factors reducing churn risk: spend_last_60d, trend_orders_30_vs_90, orders_last_30d."
15089,"spend_last_60d, orders_last_30d, frequency_orders","orders_last_60d, spend_last_90d, recency_days","Main churn-risk drivers: spend_last_60d, orders_last_30d, frequency_orders. Main factors reducing churn risk: orders_last_60d, spend_last_90d, recency_days."
15090,"frequency_orders, recency_days, monetary_total","spend_last_60d, trend_orders_30_vs_90, orders_last_30d","Main churn-risk drivers: frequency_orders, recency_days, monetary_total. Main factors reducing churn risk: spend_last_60d, trend_orders_30_vs_90, orders_last_30d."
15092,"frequency_orders, monetary_total, orders_last_60d","spend_last_60d, trend_orders_30_vs_90, orders_last_30d","Main churn-risk drivers: frequency_orders, monetary_total, orders_last_60d. Main factors reducing churn risk: spend_last_60d, trend_orders_30_vs_90, orders_last_30d."
15093,"orders_last_30d, spend_last_60d, trend_spend_30_vs_90","monetary_total, frequency_orders, recency_days","Main churn-risk drivers: orders_last_30d, spend_last_60d, trend_spend_30_vs_90. Main factors reducing churn risk: monetary_total, frequency_orders, recency_days."
15095,"orders_last_30d, spend_last_60d, monetary_total","orders_last_60d, recency_days, frequency_orders","Main churn-risk drivers: orders_last_30d, spend_last_60d, monetary_total. Main factors reducing churn risk: orders_last_60d, recency_days, frequency_orders."
15098,"monetary_mean, monetary_median, orders_last_60d","monetary_total, spend_last_60d, trend_orders_30_vs_90","Main churn-risk drivers: monetary_mean, monetary_median, orders_last_60d. Main factors reducing churn risk: monetary_total, spend_last_60d, trend_orders_30_vs_90."
15100,"recency_days, monetary_median, monetary_mean","spend_last_60d, trend_orders_30_vs_90, orders_last_30d","Main churn-risk drivers: recency_days, monetary_median, monetary_mean. Main factors reducing churn risk: spend_last_60d, trend_orders_30_vs_90, orders_last_30d."
15101,"frequency_orders, recency_days, monetary_total","spend_last_60d, trend_orders_30_vs_90, orders_last_30d","Main churn-risk drivers: frequency_orders, recency_days, monetary_total. Main factors reducing churn risk: spend_last_60d, trend_orders_30_vs_90, orders_last_30d."
15104,"frequency_orders, orders_last_60d, monetary_total","spend_last_60d, trend_orders_30_vs_90, monetary_mean","Main churn-risk drivers: frequency_orders, orders_last_60d, monetary_total. Main factors reducing churn risk: spend_last_60d, trend_orders_30_vs_90, monetary_mean."
15105,"frequency_orders, monetary_total, trend_orders_30_vs_90","recency_days, trend_spend_30_vs_90, orders_last_30d","Main churn-risk drivers: frequency_orders, monetary_total, trend_orders_30_vs_90. Main factors reducing churn risk: recency_days, trend_spend_30_vs_90, orders_last_30d."
15106,"monetary_total, frequency_orders, trend_orders_30_vs_90","recency_days, trend_spend_30_vs_90, monetary_mean","Main churn-risk drivers: monetary_total, frequency_orders, trend_orders_30_vs_90. Main factors reducing churn risk: recency_days, trend_spend_30_vs_90, monetary_mean."
15107,"recency_days, monetary_total, orders_last_60d","frequency_orders, spend_last_60d, trend_orders_30_vs_90","Main churn-risk drivers: recency_days, monetary_total, orders_last_60d. Main factors reducing churn risk: frequency_orders, spend_last_60d, trend_orders_30_vs_90."
15108,"trend_orders_30_vs_90, spend_last_60d, monetary_total","recency_days, trend_spend_30_vs_90, frequency_orders","Main churn-risk drivers: trend_orders_30_vs_90, spend_last_60d, monetary_total. Main factors reducing churn risk: recency_days, trend_spend_30_vs_90, frequency_orders."
15109,"frequency_orders, monetary_total, orders_last_60d","spend_last_60d, trend_orders_30_vs_90, orders_last_30d","Main churn-risk drivers: frequency_orders, monetary_total, orders_last_60d. Main factors reducing churn risk: spend_last_60d, trend_orders_30_vs_90, orders_last_30d."
15110,"frequency_orders, monetary_total, trend_orders_30_vs_90","recency_days, trend_spend_30_vs_90, orders_last_30d","Main churn-risk drivers: frequency_orders, monetary_total, trend_orders_30_vs_90. Main factors reducing churn risk: recency_days, trend_spend_30_vs_90, orders_last_30d."
15111,"frequency_orders, recency_days, monetary_total","spend_last_60d, trend_orders_30_vs_90, orders_last_30d","Main churn-risk drivers: frequency_orders, recency_days, monetary_total. Main factors reducing churn risk: spend_last_60d, trend_orders_30_vs_90, orders_last_30d."
15114,"orders_last_30d, spend_last_60d, trend_spend_30_vs_90","frequency_orders, orders_last_60d, recency_days","Main churn-risk drivers: orders_last_30d, spend_last_60d, trend_spend_30_vs_90. Main factors reducing churn risk: frequency_orders, orders_last_60d, recency_days."
15116,"frequency_orders, monetary_total, trend_orders_30_vs_90","recency_days, trend_spend_30_vs_90, orders_last_30d","Main churn-risk drivers: frequency_orders, monetary_total, trend_orders_30_vs_90. Main factors reducing churn risk: recency_days, trend_spend_30_vs_90, orders_last_30d."
15117,"frequency_orders, monetary_total, trend_orders_30_vs_90","recency_days, trend_spend_30_vs_90, orders_last_30d","Main churn-risk drivers: frequency_orders, monetary_total, trend_orders_30_vs_90. Main factors reducing churn risk: recency_days, trend_spend_30_vs_90, orders_last_30d."
15118,"frequency_orders, monetary_total, monetary_mean","recency_days, trend_spend_30_vs_90, orders_last_30d","Main churn-risk drivers: frequency_orders, monetary_total, monetary_mean. Main factors reducing churn risk: recency_days, trend_spend_30_vs_90, orders_last_30d."
15119,"frequency_orders, monetary_total, orders_last_60d","spend_last_60d, trend_orders_30_vs_90, orders_last_30d","Main churn-risk drivers: frequency_orders, monetary_total, orders_last_60d. Main factors reducing churn risk: spend_last_60d, trend_orders_30_vs_90, orders_last_30d."
15120,"frequency_orders, monetary_total, trend_orders_30_vs_90","recency_days, trend_spend_30_vs_90, orders_last_30d","Main churn-risk drivers: frequency_orders, monetary_total, trend_orders_30_vs_90. Main factors reducing churn risk: recency_days, trend_spend_30_vs_90, orders_last_30d."
15121,"frequency_orders, recency_days, monetary_total","spend_last_60d, trend_orders_30_vs_90, orders_last_30d","Main churn-risk drivers: frequency_orders, recency_days, monetary_total. Main factors reducing churn risk: spend_last_60d, trend_orders_30_vs_90, orders_last_30d."
15122,"frequency_orders, spend_last_60d, orders_last_30d","recency_days, trend_orders_30_vs_90, orders_last_60d","Main churn-risk drivers: frequency_orders, spend_last_60d, orders_last_30d. Main factors reducing churn risk: recency_days, trend_orders_30_vs_90, orders_last_60d."
15123,"frequency_orders, orders_last_60d, monetary_total","spend_last_60d, trend_orders_30_vs_90, orders_last_30d","Main churn-risk drivers: frequency_orders, orders_last_60d, monetary_total. Main factors reducing churn risk: spend_last_60d, trend_orders_30_vs_90, orders_last_30d."
15124,"frequency_orders, monetary_total, orders_last_60d","spend_last_60d, trend_orders_30_vs_90, monetary_mean","Main churn-risk drivers: frequency_orders, monetary_total, orders_last_60d. Main factors reducing churn risk: spend_last_60d, trend_orders_30_vs_90, monetary_mean."
15125,"spend_last_60d, trend_orders_30_vs_90, orders_last_90d","monetary_total, frequency_orders, orders_last_60d","Main churn-risk drivers: spend_last_60d, trend_orders_30_vs_90, orders_last_90d. Main factors reducing churn risk: monetary_total, frequency_orders, orders_last_60d."
15128,"trend_orders_30_vs_90, frequency_orders, monetary_total","recency_days, trend_spend_30_vs_90, monetary_mean","Main churn-risk drivers: trend_orders_30_vs_90, frequency_orders, monetary_total. Main factors reducing churn risk: recency_days, trend_spend_30_vs_90, monetary_mean."
15129,"trend_orders_30_vs_90, spend_last_60d, orders_last_30d","frequency_orders, orders_last_60d, monetary_total","Main churn-risk drivers: trend_orders_30_vs_90, spend_last_60d, orders_last_30d. Main factors reducing churn risk: frequency_orders, orders_last_60d, monetary_total."
15130,"frequency_orders, monetary_total, orders_last_60d","trend_spend_30_vs_90, spend_last_60d, monetary_mean","Main churn-risk drivers: frequency_orders, monetary_total, orders_last_60d. Main factors reducing churn risk: trend_spend_30_vs_90, spend_last_60d, monetary_mean."
15132,"monetary_total, frequency_orders, orders_last_30d","recency_days, trend_orders_30_vs_90, orders_last_60d","Main churn-risk drivers: monetary_total, frequency_orders, orders_last_30d. Main factors reducing churn risk: recency_days, trend_orders_30_vs_90, orders_last_60d."
15133,"monetary_total, frequency_orders, trend_orders_30_vs_90","recency_days, trend_spend_30_vs_90, orders_last_30d","Main churn-risk drivers: monetary_total, frequency_orders, trend_orders_30_vs_90. Main factors reducing churn risk: recency_days, trend_spend_30_vs_90, orders_last_30d."
15134,"monetary_total, trend_orders_30_vs_90, spend_last_90d","recency_days, trend_spend_30_vs_90, frequency_orders","Main churn-risk drivers: monetary_total, trend_orders_30_vs_90, spend_last_90d. Main factors reducing churn risk: recency_days, trend_spend_30_vs_90, frequency_orders."
15135,"frequency_orders, monetary_total, orders_last_60d","spend_last_60d, trend_orders_30_vs_90, orders_last_30d","Main churn-risk drivers: frequency_orders, monetary_total, orders_last_60d. Main factors reducing churn risk: spend_last_60d, trend_orders_30_vs_90, orders_last_30d."
15136,"frequency_orders, monetary_total, orders_last_30d","recency_days, trend_orders_30_vs_90, orders_last_60d","Main churn-risk drivers: frequency_orders, monetary_total, orders_last_30d. Main factors reducing churn risk: recency_days, trend_orders_30_vs_90, orders_last_60d."
15139,"frequency_orders, monetary_total, orders_last_60d","spend_last_60d, trend_orders_30_vs_90, monetary_mean","Main churn-risk drivers: frequency_orders, monetary_total, orders_last_60d. Main factors reducing churn risk: spend_last_60d, trend_orders_30_vs_90, monetary_mean."
15140,"orders_last_30d, trend_spend_30_vs_90, spend_last_60d","frequency_orders, orders_last_60d, recency_days","Main churn-risk drivers: orders_last_30d, trend_spend_30_vs_90, spend_last_60d. Main factors reducing churn risk: frequency_orders, orders_last_60d, recency_days."
15143,"frequency_orders, monetary_total, orders_last_60d","spend_last_60d, trend_orders_30_vs_90, orders_last_30d","Main churn-risk drivers: frequency_orders, monetary_total, orders_last_60d. Main factors reducing churn risk: spend_last_60d, trend_orders_30_vs_90, orders_last_30d."
15144,"spend_last_60d, orders_last_30d, trend_orders_30_vs_90","frequency_orders, orders_last_60d, monetary_total","Main churn-risk drivers: spend_last_60d, orders_last_30d, trend_orders_30_vs_90. Main factors reducing churn risk: frequency_orders, orders_last_60d, monetary_total."
15145,"frequency_orders, orders_last_60d, monetary_total","spend_last_60d, trend_orders_30_vs_90, orders_last_30d","Main churn-risk drivers: frequency_orders, orders_last_60d, monetary_total. Main factors reducing churn risk: spend_last_60d, trend_orders_30_vs_90, orders_last_30d."
15146,"frequency_orders, orders_last_60d, trend_orders_30_vs_90","trend_spend_30_vs_90, spend_last_60d, recency_days","Main churn-risk drivers: frequency_orders, orders_last_60d, trend_orders_30_vs_90. Main factors reducing churn risk: trend_spend_30_vs_90, spend_last_60d, recency_days."
15147,"frequency_orders, orders_last_60d, monetary_total","spend_last_60d, trend_orders_30_vs_90, orders_last_30d","Main churn-risk drivers: frequency_orders, orders_last_60d, monetary_total. Main factors reducing churn risk: spend_last_60d, trend_orders_30_vs_90, orders_last_30d."
15149,"frequency_orders, monetary_total, trend_orders_30_vs_90","recency_days, trend_spend_30_vs_90, orders_last_30d","Main churn-risk drivers: frequency_orders, monetary_total, trend_orders_30_vs_90. Main factors reducing churn risk: recency_days, trend_spend_30_vs_90, orders_last_30d."
15150,"spend_last_60d, trend_orders_30_vs_90, orders_last_30d","monetary_total, frequency_orders, orders_last_60d","Main churn-risk drivers: spend_last_60d, trend_orders_30_vs_90, orders_last_30d. Main factors reducing churn risk: monetary_total, frequency_orders, orders_last_60d."
15152,"spend_last_60d, trend_orders_30_vs_90, orders_last_30d","orders_last_60d, frequency_orders, recency_days","Main churn-risk drivers: spend_last_60d, trend_orders_30_vs_90, orders_last_30d. Main factors reducing churn risk: orders_last_60d, frequency_orders, recency_days."
15157,"frequency_orders, orders_last_60d, trend_orders_30_vs_90","trend_spend_30_vs_90, spend_last_60d, recency_days","Main churn-risk drivers: frequency_orders, orders_last_60d, trend_orders_30_vs_90. Main factors reducing churn risk: trend_spend_30_vs_90, spend_last_60d, recency_days."
15159,"spend_last_60d, trend_orders_30_vs_90, orders_last_30d","frequency_orders, monetary_total, spend_last_90d","Main churn-risk drivers: spend_last_60d, trend_orders_30_vs_90, orders_last_30d. Main factors reducing churn risk: frequency_orders, monetary_total, spend_last_90d."
15160,"frequency_orders, recency_days, monetary_total","spend_last_60d, trend_orders_30_vs_90, orders_last_30d","Main churn-risk drivers: frequency_orders, recency_days, monetary_total. Main factors reducing churn risk: spend_last_60d, trend_orders_30_vs_90, orders_last_30d."
15163,"frequency_orders, monetary_total, orders_last_60d","spend_last_60d, trend_orders_30_vs_90, orders_last_30d","Main churn-risk drivers: frequency_orders, monetary_total, orders_last_60d. Main factors reducing churn risk: spend_last_60d, trend_orders_30_vs_90, orders_last_30d."
15164,"frequency_orders, monetary_total, orders_last_60d","spend_last_60d, trend_orders_30_vs_90, monetary_mean","Main churn-risk drivers: frequency_orders, monetary_total, orders_last_60d. Main factors reducing churn risk: spend_last_60d, trend_orders_30_vs_90, monetary_mean."
15165,"frequency_orders, recency_days, monetary_total","spend_last_60d, trend_orders_30_vs_90, orders_last_30d","Main churn-risk drivers: frequency_orders, recency_days, monetary_total. Main factors reducing churn risk: spend_last_60d, trend_orders_30_vs_90, orders_last_30d."
15167,"frequency_orders, recency_days, monetary_total","spend_last_60d, trend_orders_30_vs_90, monetary_mean","Main churn-risk drivers: frequency_orders, recency_days, monetary_total. Main factors reducing churn risk: spend_last_60d, trend_orders_30_vs_90, monetary_mean."
15171,"frequency_orders, recency_days, monetary_mean","spend_last_60d, trend_orders_30_vs_90, orders_last_30d","Main churn-risk drivers: frequency_orders, recency_days, monetary_mean. Main factors reducing churn risk: spend_last_60d, trend_orders_30_vs_90, orders_last_30d."
15172,"monetary_total, frequency_orders, trend_orders_30_vs_90","recency_days, trend_spend_30_vs_90, monetary_mean","Main churn-risk drivers: monetary_total, frequency_orders, trend_orders_30_vs_90. Main factors reducing churn risk: recency_days, trend_spend_30_vs_90, monetary_mean."
15174,"frequency_orders, recency_days, monetary_total","spend_last_60d, trend_orders_30_vs_90, monetary_mean","Main churn-risk drivers: frequency_orders, recency_days, monetary_total. Main factors reducing churn risk: spend_last_60d, trend_orders_30_vs_90, monetary_mean."
15178,"frequency_orders, monetary_total, recency_days","spend_last_60d, trend_orders_30_vs_90, monetary_mean","Main churn-risk drivers: frequency_orders, monetary_total, recency_days. Main factors reducing churn risk: spend_last_60d, trend_orders_30_vs_90, monetary_mean."
15179,"orders_last_60d, recency_days, frequency_orders","spend_last_60d, trend_orders_30_vs_90, orders_last_30d","Main churn-risk drivers: orders_last_60d, recency_days, frequency_orders. Main factors reducing churn risk: spend_last_60d, trend_orders_30_vs_90, orders_last_30d."
15180,"frequency_orders, recency_days, monetary_total","spend_last_60d, trend_orders_30_vs_90, monetary_mean","Main churn-risk drivers: frequency_orders, recency_days, monetary_total. Main factors reducing churn risk: spend_last_60d, trend_orders_30_vs_90, monetary_mean."
15181,"frequency_orders, monetary_total, orders_last_60d","trend_spend_30_vs_90, spend_last_60d, orders_last_30d","Main churn-risk drivers: frequency_orders, monetary_total, orders_last_60d. Main factors reducing churn risk: trend_spend_30_vs_90, spend_last_60d, orders_last_30d."
15182,"frequency_orders, orders_last_60d, monetary_total","trend_spend_30_vs_90, spend_last_60d, recency_days","Main churn-risk drivers: frequency_orders, orders_last_60d, monetary_total. Main factors reducing churn risk: trend_spend_30_vs_90, spend_last_60d, recency_days."
15184,"frequency_orders, monetary_total, orders_last_60d","spend_last_60d, trend_orders_30_vs_90, monetary_mean","Main churn-risk drivers: frequency_orders, monetary_total, orders_last_60d. Main factors reducing churn risk: spend_last_60d, trend_orders_30_vs_90, monetary_mean."
15186,"frequency_orders, monetary_total, orders_last_60d","trend_spend_30_vs_90, spend_last_60d, orders_last_30d","Main churn-risk drivers: frequency_orders, monetary_total, orders_last_60d. Main factors reducing churn risk: trend_spend_30_vs_90, spend_last_60d, orders_last_30d."
15187,"orders_last_30d, spend_last_60d, trend_orders_30_vs_90","orders_last_60d, frequency_orders, recency_days","Main churn-risk drivers: orders_last_30d, spend_last_60d, trend_orders_30_vs_90. Main factors reducing churn risk: orders_last_60d, frequency_orders, recency_days."
15189,"spend_last_60d, orders_last_30d, orders_last_90d","frequency_orders, orders_last_60d, monetary_total","Main churn-risk drivers: spend_last_60d, orders_last_30d, orders_last_90d. Main factors reducing churn risk: frequency_orders, orders_last_60d, monetary_total."
15192,"frequency_orders, monetary_total, orders_last_30d","recency_days, trend_orders_30_vs_90, orders_last_60d","Main churn-risk drivers: frequency_orders, monetary_total, orders_last_30d. Main factors reducing churn risk: recency_days, trend_orders_30_vs_90, orders_last_60d."
15194,"trend_orders_30_vs_90, orders_last_90d, spend_last_60d","frequency_orders, monetary_total, recency_days","Main churn-risk drivers: trend_orders_30_vs_90, orders_last_90d, spend_last_60d. Main factors reducing churn risk: frequency_orders, monetary_total, recency_days."
15197,"frequency_orders, orders_last_60d, recency_days","spend_last_60d, trend_orders_30_vs_90, orders_last_30d","Main churn-risk drivers: frequency_orders, orders_last_60d, recency_days. Main factors reducing churn risk: spend_last_60d, trend_orders_30_vs_90, orders_last_30d."
15198,"frequency_orders, monetary_total, orders_last_30d","orders_last_60d, recency_days, spend_last_60d","Main churn-risk drivers: frequency_orders, monetary_total, orders_last_30d. Main factors reducing churn risk: orders_last_60d, recency_days, spend_last_60d."
15199,"monetary_total, frequency_orders, orders_last_30d","recency_days, trend_orders_30_vs_90, orders_last_60d","Main churn-risk drivers: monetary_total, frequency_orders, orders_last_30d. Main factors reducing churn risk: recency_days, trend_orders_30_vs_90, orders_last_60d."
15201,"trend_orders_30_vs_90, monetary_total, spend_last_90d","orders_last_60d, recency_days, trend_spend_30_vs_90","Main churn-risk drivers: trend_orders_30_vs_90, monetary_total, spend_last_90d. Main factors reducing churn risk: orders_last_60d, recency_days, trend_spend_30_vs_90."
15203,"orders_last_30d, spend_last_60d, monetary_total","orders_last_60d, recency_days, frequency_orders","Main churn-risk drivers: orders_last_30d, spend_last_60d, monetary_total. Main factors reducing churn risk: orders_last_60d, recency_days, frequency_orders."
15204,"frequency_orders, recency_days, monetary_total","spend_last_60d, trend_orders_30_vs_90, orders_last_30d","Main churn-risk drivers: frequency_orders, recency_days, monetary_total. Main factors reducing churn risk: spend_last_60d, trend_orders_30_vs_90, orders_last_30d."
15205,"frequency_orders, monetary_total, trend_orders_30_vs_90","recency_days, trend_spend_30_vs_90, orders_last_30d","Main churn-risk drivers: frequency_orders, monetary_total, trend_orders_30_vs_90. Main factors reducing churn risk: recency_days, trend_spend_30_vs_90, orders_last_30d."
15206,"monetary_total, frequency_orders, orders_last_30d","orders_last_60d, recency_days, spend_last_60d","Main churn-risk drivers: monetary_total, frequency_orders, orders_last_30d. Main factors reducing churn risk: orders_last_60d, recency_days, spend_last_60d."
15208,"frequency_orders, monetary_total, orders_last_60d","trend_spend_30_vs_90, spend_last_60d, recency_days","Main churn-risk drivers: frequency_orders, monetary_total, orders_last_60d. Main factors reducing churn risk: trend_spend_30_vs_90, spend_last_60d, recency_days."
15210,"frequency_orders, monetary_total, orders_last_60d","spend_last_60d, trend_orders_30_vs_90, orders_last_30d","Main churn-risk drivers: frequency_orders, monetary_total, orders_last_60d. Main factors reducing churn risk: spend_last_60d, trend_orders_30_vs_90, orders_last_30d."
15211,"frequency_orders, recency_days, monetary_total","spend_last_60d, trend_orders_30_vs_90, orders_last_30d","Main churn-risk drivers: frequency_orders, recency_days, monetary_total. Main factors reducing churn risk: spend_last_60d, trend_orders_30_vs_90, orders_last_30d."
15212,"frequency_orders, monetary_total, orders_last_60d","spend_last_60d, trend_orders_30_vs_90, orders_last_30d","Main churn-risk drivers: frequency_orders, monetary_total, orders_last_60d. Main factors reducing churn risk: spend_last_60d, trend_orders_30_vs_90, orders_last_30d."
15213,"recency_days, frequency_orders, monetary_total","spend_last_60d, trend_orders_30_vs_90, monetary_mean","Main churn-risk drivers: recency_days, frequency_orders, monetary_total. Main factors reducing churn risk: spend_last_60d, trend_orders_30_vs_90, monetary_mean."
15214,"frequency_orders, orders_last_60d, monetary_total","spend_last_60d, trend_orders_30_vs_90, monetary_mean","Main churn-risk drivers: frequency_orders, orders_last_60d, monetary_total. Main factors reducing churn risk: spend_last_60d, trend_orders_30_vs_90, monetary_mean."
15215,"frequency_orders, monetary_total, orders_last_30d","recency_days, trend_orders_30_vs_90, orders_last_60d","Main churn-risk drivers: frequency_orders, monetary_total, orders_last_30d. Main factors reducing churn risk: recency_days, trend_orders_30_vs_90, orders_last_60d."
15218,"spend_last_60d, orders_last_30d, trend_orders_30_vs_90","frequency_orders, orders_last_60d, monetary_total","Main churn-risk drivers: spend_last_60d, orders_last_30d, trend_orders_30_vs_90. Main factors reducing churn risk: frequency_orders, orders_last_60d, monetary_total."
15219,"frequency_orders, monetary_total, orders_last_60d","trend_spend_30_vs_90, spend_last_60d, orders_last_30d","Main churn-risk drivers: frequency_orders, monetary_total, orders_last_60d. Main factors reducing churn risk: trend_spend_30_vs_90, spend_last_60d, orders_last_30d."
15220,"orders_last_30d, monetary_total, trend_orders_30_vs_90","frequency_orders, recency_days, monetary_mean","Main churn-risk drivers: orders_last_30d, monetary_total, trend_orders_30_vs_90. Main factors reducing churn risk: frequency_orders, recency_days, monetary_mean."
15221,"frequency_orders, recency_days, monetary_total","spend_last_60d, trend_orders_30_vs_90, orders_last_30d","Main churn-risk drivers: frequency_orders, recency_days, monetary_total. Main factors reducing churn risk: spend_last_60d, trend_orders_30_vs_90, orders_last_30d."
15222,"frequency_orders, recency_days, monetary_total","spend_last_60d, trend_orders_30_vs_90, orders_last_30d","Main churn-risk drivers: frequency_orders, recency_days, monetary_total. Main factors reducing churn risk: spend_last_60d, trend_orders_30_vs_90, orders_last_30d."
15223,"frequency_orders, orders_last_60d, monetary_total","spend_last_60d, trend_orders_30_vs_90, orders_last_30d","Main churn-risk drivers: frequency_orders, orders_last_60d, monetary_total. Main factors reducing churn risk: spend_last_60d, trend_orders_30_vs_90, orders_last_30d."
15224,"recency_days, frequency_orders, monetary_total","spend_last_60d, trend_orders_30_vs_90, orders_last_30d","Main churn-risk drivers: recency_days, frequency_orders, monetary_total. Main factors reducing churn risk: spend_last_60d, trend_orders_30_vs_90, orders_last_30d."
15225,"frequency_orders, monetary_total, orders_last_60d","spend_last_60d, trend_orders_30_vs_90, orders_last_30d","Main churn-risk drivers: frequency_orders, monetary_total, orders_last_60d. Main factors reducing churn risk: spend_last_60d, trend_orders_30_vs_90, orders_last_30d."
15226,"frequency_orders, recency_days, monetary_total","spend_last_60d, trend_orders_30_vs_90, orders_last_30d","Main churn-risk drivers: frequency_orders, recency_days, monetary_total. Main factors reducing churn risk: spend_last_60d, trend_orders_30_vs_90, orders_last_30d."
15227,"orders_last_60d, monetary_total, frequency_orders","spend_last_60d, trend_orders_30_vs_90, orders_last_30d","Main churn-risk drivers: orders_last_60d, monetary_total, frequency_orders. Main factors reducing churn risk: spend_last_60d, trend_orders_30_vs_90, orders_last_30d."
15228,"spend_last_60d, trend_orders_30_vs_90, frequency_orders","recency_days, spend_last_90d, monetary_total","Main churn-risk drivers: spend_last_60d, trend_orders_30_vs_90, frequency_orders. Main factors reducing churn risk: recency_days, spend_last_90d, monetary_total."
15230,"frequency_orders, monetary_total, orders_last_60d","spend_last_60d, trend_orders_30_vs_90, orders_last_30d","Main churn-risk drivers: frequency_orders, monetary_total, orders_last_60d. Main factors reducing churn risk: spend_last_60d, trend_orders_30_vs_90, orders_last_30d."
15232,"frequency_orders, monetary_total, orders_last_30d","orders_last_60d, recency_days, monetary_mean","Main churn-risk drivers: frequency_orders, monetary_total, orders_last_30d. Main factors reducing churn risk: orders_last_60d, recency_days, monetary_mean."
15234,"frequency_orders, monetary_total, recency_days","spend_last_60d, trend_orders_30_vs_90, monetary_mean","Main churn-risk drivers: frequency_orders, monetary_total, recency_days. Main factors reducing churn risk: spend_last_60d, trend_orders_30_vs_90, monetary_mean."
15235,"orders_last_60d, spend_last_90d, recency_days","frequency_orders, monetary_total, spend_last_60d","Main churn-risk drivers: orders_last_60d, spend_last_90d, recency_days. Main factors reducing churn risk: frequency_orders, monetary_total, spend_last_60d."
15236,"frequency_orders, recency_days, monetary_total","spend_last_60d, trend_orders_30_vs_90, orders_last_30d","Main churn-risk drivers: frequency_orders, recency_days, monetary_total. Main factors reducing churn risk: spend_last_60d, trend_orders_30_vs_90, orders_last_30d."
15237,"frequency_orders, orders_last_60d, monetary_total","spend_last_60d, trend_orders_30_vs_90, monetary_mean","Main churn-risk drivers: frequency_orders, orders_last_60d, monetary_total. Main factors reducing churn risk: spend_last_60d, trend_orders_30_vs_90, monetary_mean."
15238,"frequency_orders, monetary_total, orders_last_30d","recency_days, trend_orders_30_vs_90, orders_last_60d","Main churn-risk drivers: frequency_orders, monetary_total, orders_last_30d. Main factors reducing churn risk: recency_days, trend_orders_30_vs_90, orders_last_60d."
15240,"orders_last_60d, frequency_orders, monetary_total","spend_last_60d, trend_orders_30_vs_90, orders_last_30d","Main churn-risk drivers: orders_last_60d, frequency_orders, monetary_total. Main factors reducing churn risk: spend_last_60d, trend_orders_30_vs_90, orders_last_30d."
15241,"trend_orders_30_vs_90, monetary_total, spend_last_90d","frequency_orders, recency_days, trend_spend_30_vs_90","Main churn-risk drivers: trend_orders_30_vs_90, monetary_total, spend_last_90d. Main factors reducing churn risk: frequency_orders, recency_days, trend_spend_30_vs_90."
15244,"frequency_orders, monetary_total, orders_last_60d","spend_last_60d, trend_orders_30_vs_90, orders_last_30d","Main churn-risk drivers: frequency_orders, monetary_total, orders_last_60d. Main factors reducing churn risk: spend_last_60d, trend_orders_30_vs_90, orders_last_30d."
15245,"frequency_orders, spend_last_60d, trend_orders_30_vs_90","monetary_total, recency_days, trend_spend_30_vs_90","Main churn-risk drivers: frequency_orders, spend_last_60d, trend_orders_30_vs_90. Main factors reducing churn risk: monetary_total, recency_days, trend_spend_30_vs_90."
15246,"frequency_orders, monetary_total, orders_last_60d","spend_last_60d, trend_orders_30_vs_90, orders_last_30d","Main churn-risk drivers: frequency_orders, monetary_total, orders_last_60d. Main factors reducing churn risk: spend_last_60d, trend_orders_30_vs_90, orders_last_30d."
15247,"frequency_orders, monetary_total, trend_orders_30_vs_90","recency_days, trend_spend_30_vs_90, orders_last_30d","Main churn-risk drivers: frequency_orders, monetary_total, trend_orders_30_vs_90. Main factors reducing churn risk: recency_days, trend_spend_30_vs_90, orders_last_30d."
15249,"orders_last_30d, spend_last_60d, orders_last_90d","frequency_orders, orders_last_60d, monetary_total","Main churn-risk drivers: orders_last_30d, spend_last_60d, orders_last_90d. Main factors reducing churn risk: frequency_orders, orders_last_60d, monetary_total."
15251,"spend_last_60d, orders_last_30d, trend_orders_30_vs_90","monetary_total, orders_last_60d, frequency_orders","Main churn-risk drivers: spend_last_60d, orders_last_30d, trend_orders_30_vs_90. Main factors reducing churn risk: monetary_total, orders_last_60d, frequency_orders."
15252,"frequency_orders, monetary_total, orders_last_60d","spend_last_60d, trend_orders_30_vs_90, orders_last_30d","Main churn-risk drivers: frequency_orders, monetary_total, orders_last_60d. Main factors reducing churn risk: spend_last_60d, trend_orders_30_vs_90, orders_last_30d."
15253,"frequency_orders, monetary_total, orders_last_60d","trend_spend_30_vs_90, spend_last_60d, monetary_mean","Main churn-risk drivers: frequency_orders, monetary_total, orders_last_60d. Main factors reducing churn risk: trend_spend_30_vs_90, spend_last_60d, monetary_mean."
15254,"frequency_orders, monetary_total, trend_orders_30_vs_90","recency_days, trend_spend_30_vs_90, orders_last_30d","Main churn-risk drivers: frequency_orders, monetary_total, trend_orders_30_vs_90. Main factors reducing churn risk: recency_days, trend_spend_30_vs_90, orders_last_30d."
15256,"frequency_orders, monetary_total, trend_orders_30_vs_90","trend_spend_30_vs_90, recency_days, spend_last_60d","Main churn-risk drivers: frequency_orders, monetary_total, trend_orders_30_vs_90. Main factors reducing churn risk: trend_spend_30_vs_90, recency_days, spend_last_60d."
15257,"frequency_orders, recency_days, monetary_total","spend_last_60d, trend_orders_30_vs_90, orders_last_30d","Main churn-risk drivers: frequency_orders, recency_days, monetary_total. Main factors reducing churn risk: spend_last_60d, trend_orders_30_vs_90, orders_last_30d."
15258,"frequency_orders, orders_last_60d, monetary_total","trend_spend_30_vs_90, spend_last_60d, orders_last_30d","Main churn-risk drivers: frequency_orders, orders_last_60d, monetary_total. Main factors reducing churn risk: trend_spend_30_vs_90, spend_last_60d, orders_last_30d."
15260,"orders_last_30d, spend_last_60d, trend_orders_30_vs_90","frequency_orders, orders_last_60d, recency_days","Main churn-risk drivers: orders_last_30d, spend_last_60d, trend_orders_30_vs_90. Main factors reducing churn risk: frequency_orders, orders_last_60d, recency_days."
15261,"frequency_orders, monetary_total, trend_orders_30_vs_90","recency_days, trend_spend_30_vs_90, monetary_mean","Main churn-risk drivers: frequency_orders, monetary_total, trend_orders_30_vs_90. Main factors reducing churn risk: recency_days, trend_spend_30_vs_90, monetary_mean."
15262,"frequency_orders, recency_days, monetary_total","spend_last_60d, trend_orders_30_vs_90, orders_last_30d","Main churn-risk drivers: frequency_orders, recency_days, monetary_total. Main factors reducing churn risk: spend_last_60d, trend_orders_30_vs_90, orders_last_30d."
15263,"frequency_orders, monetary_total, orders_last_30d","recency_days, trend_orders_30_vs_90, spend_last_60d","Main churn-risk drivers: frequency_orders, monetary_total, orders_last_30d. Main factors reducing churn risk: recency_days, trend_orders_30_vs_90, spend_last_60d."
15265,"frequency_orders, orders_last_60d, trend_orders_30_vs_90","trend_spend_30_vs_90, spend_last_60d, recency_days","Main churn-risk drivers: frequency_orders, orders_last_60d, trend_orders_30_vs_90. Main factors reducing churn risk: trend_spend_30_vs_90, spend_last_60d, recency_days."
15266,"frequency_orders, recency_days, monetary_total","spend_last_60d, trend_orders_30_vs_90, orders_last_30d","Main churn-risk drivers: frequency_orders, recency_days, monetary_total. Main factors reducing churn risk: spend_last_60d, trend_orders_30_vs_90, orders_last_30d."
15267,"frequency_orders, orders_last_60d, monetary_mean","trend_spend_30_vs_90, spend_last_60d, recency_days","Main churn-risk drivers: frequency_orders, orders_last_60d, monetary_mean. Main factors reducing churn risk: trend_spend_30_vs_90, spend_last_60d, recency_days."
15270,"orders_last_30d, trend_spend_30_vs_90, spend_last_60d","frequency_orders, recency_days, trend_orders_30_vs_90","Main churn-risk drivers: orders_last_30d, trend_spend_30_vs_90, spend_last_60d. Main factors reducing churn risk: frequency_orders, recency_days, trend_orders_30_vs_90."
15271,"orders_last_30d, trend_orders_30_vs_90, orders_last_90d","frequency_orders, orders_last_60d, recency_days","Main churn-risk drivers: orders_last_30d, trend_orders_30_vs_90, orders_last_90d. Main factors reducing churn risk: frequency_orders, orders_last_60d, recency_days."
15279,"frequency_orders, recency_days, monetary_total","spend_last_60d, trend_orders_30_vs_90, monetary_mean","Main churn-risk drivers: frequency_orders, recency_days, monetary_total. Main factors reducing churn risk: spend_last_60d, trend_orders_30_vs_90, monetary_mean."
15280,"frequency_orders, monetary_total, orders_last_60d","trend_spend_30_vs_90, spend_last_60d, monetary_mean","Main churn-risk drivers: frequency_orders, monetary_total, orders_last_60d. Main factors reducing churn risk: trend_spend_30_vs_90, spend_last_60d, monetary_mean."
15281,"trend_orders_30_vs_90, spend_last_90d, orders_last_90d","frequency_orders, orders_last_60d, recency_days","Main churn-risk drivers: trend_orders_30_vs_90, spend_last_90d, orders_last_90d. Main factors reducing churn risk: frequency_orders, orders_last_60d, recency_days."
15288,"orders_last_60d, trend_orders_30_vs_90, spend_last_90d","trend_spend_30_vs_90, spend_last_60d, frequency_orders","Main churn-risk drivers: orders_last_60d, trend_orders_30_vs_90, spend_last_90d. Main factors reducing churn risk: trend_spend_30_vs_90, spend_last_60d, frequency_orders."
15289,"frequency_orders, monetary_total, trend_orders_30_vs_90","recency_days, trend_spend_30_vs_90, monetary_mean","Main churn-risk drivers: frequency_orders, monetary_total, trend_orders_30_vs_90. Main factors reducing churn risk: recency_days, trend_spend_30_vs_90, monetary_mean."
15290,"orders_last_30d, spend_last_60d, trend_orders_30_vs_90","frequency_orders, orders_last_60d, monetary_total","Main churn-risk drivers: orders_last_30d, spend_last_60d, trend_orders_30_vs_90. Main factors reducing churn risk: frequency_orders, orders_last_60d, monetary_total."
15291,"orders_last_30d, trend_orders_30_vs_90, orders_last_90d","frequency_orders, monetary_total, recency_days","Main churn-risk drivers: orders_last_30d, trend_orders_30_vs_90, orders_last_90d. Main factors reducing churn risk: frequency_orders, monetary_total, recency_days."
15292,"frequency_orders, monetary_total, orders_last_60d","spend_last_60d, trend_orders_30_vs_90, monetary_mean","Main churn-risk drivers: frequency_orders, monetary_total, orders_last_60d. Main factors reducing churn risk: spend_last_60d, trend_orders_30_vs_90, monetary_mean."
15296,"orders_last_30d, trend_spend_30_vs_90, trend_orders_30_vs_90","frequency_orders, recency_days, monetary_total","Main churn-risk drivers: orders_last_30d, trend_spend_30_vs_90, trend_orders_30_vs_90. Main factors reducing churn risk: frequency_orders, recency_days, monetary_total."
15298,"spend_last_60d, orders_last_30d, trend_orders_30_vs_90","frequency_orders, monetary_total, orders_last_60d","Main churn-risk drivers: spend_last_60d, orders_last_30d, trend_orders_30_vs_90. Main factors reducing churn risk: frequency_orders, monetary_total, orders_last_60d."
15299,"monetary_mean, monetary_median, orders_last_60d","frequency_orders, monetary_total, trend_spend_30_vs_90","Main churn-risk drivers: monetary_mean, monetary_median, orders_last_60d. Main factors reducing churn risk: frequency_orders, monetary_total, trend_spend_30_vs_90."
15301,"spend_last_60d, trend_orders_30_vs_90, orders_last_30d","frequency_orders, monetary_total, orders_last_60d","Main churn-risk drivers: spend_last_60d, trend_orders_30_vs_90, orders_last_30d. Main factors reducing churn risk: frequency_orders, monetary_total, orders_last_60d."
15303,"frequency_orders, recency_days, monetary_total","spend_last_60d, trend_orders_30_vs_90, orders_last_30d","Main churn-risk drivers: frequency_orders, recency_days, monetary_total. Main factors reducing churn risk: spend_last_60d, trend_orders_30_vs_90, orders_last_30d."
15304,"monetary_total, orders_last_60d, trend_orders_30_vs_90","frequency_orders, trend_spend_30_vs_90, spend_last_60d","Main churn-risk drivers: monetary_total, orders_last_60d, trend_orders_30_vs_90. Main factors reducing churn risk: frequency_orders, trend_spend_30_vs_90, spend_last_60d."
15306,"frequency_orders, monetary_total, orders_last_30d","orders_last_60d, recency_days, monetary_mean","Main churn-risk drivers: frequency_orders, monetary_total, orders_last_30d. Main factors reducing churn risk: orders_last_60d, recency_days, monetary_mean."
15307,"frequency_orders, monetary_total, orders_last_30d","recency_days, trend_orders_30_vs_90, orders_last_60d","Main churn-risk drivers: frequency_orders, monetary_total, orders_last_30d. Main factors reducing churn risk: recency_days, trend_orders_30_vs_90, orders_last_60d."
15308,"frequency_orders, monetary_total, recency_days","spend_last_60d, trend_orders_30_vs_90, orders_last_30d","Main churn-risk drivers: frequency_orders, monetary_total, recency_days. Main factors reducing churn risk: spend_last_60d, trend_orders_30_vs_90, orders_last_30d."
15311,"spend_last_60d, orders_last_30d, orders_last_90d","frequency_orders, monetary_total, orders_last_60d","Main churn-risk drivers: spend_last_60d, orders_last_30d, orders_last_90d. Main factors reducing churn risk: frequency_orders, monetary_total, orders_last_60d."
15312,"monetary_total, frequency_orders, orders_last_30d","recency_days, trend_orders_30_vs_90, orders_last_60d","Main churn-risk drivers: monetary_total, frequency_orders, orders_last_30d. Main factors reducing churn risk: recency_days, trend_orders_30_vs_90, orders_last_60d."
15313,"frequency_orders, monetary_total, spend_last_90d","recency_days, spend_last_60d, trend_orders_30_vs_90","Main churn-risk drivers: frequency_orders, monetary_total, spend_last_90d. Main factors reducing churn risk: recency_days, spend_last_60d, trend_orders_30_vs_90."
15314,"frequency_orders, monetary_total, orders_last_60d","spend_last_60d, trend_orders_30_vs_90, monetary_mean","Main churn-risk drivers: frequency_orders, monetary_total, orders_last_60d. Main factors reducing churn risk: spend_last_60d, trend_orders_30_vs_90, monetary_mean."
15315,"frequency_orders, monetary_total, orders_last_30d","recency_days, trend_orders_30_vs_90, monetary_mean","Main churn-risk drivers: frequency_orders, monetary_total, orders_last_30d. Main factors reducing churn risk: recency_days, trend_orders_30_vs_90, monetary_mean."
15316,"frequency_orders, recency_days, monetary_total","spend_last_60d, trend_orders_30_vs_90, orders_last_30d","Main churn-risk drivers: frequency_orders, recency_days, monetary_total. Main factors reducing churn risk: spend_last_60d, trend_orders_30_vs_90, orders_last_30d."
15319,"frequency_orders, monetary_total, recency_days","spend_last_60d, trend_orders_30_vs_90, monetary_mean","Main churn-risk drivers: frequency_orders, monetary_total, recency_days. Main factors reducing churn risk: spend_last_60d, trend_orders_30_vs_90, monetary_mean."
15321,"frequency_orders, recency_days, orders_last_60d","spend_last_60d, trend_orders_30_vs_90, orders_last_30d","Main churn-risk drivers: frequency_orders, recency_days, orders_last_60d. Main factors reducing churn risk: spend_last_60d, trend_orders_30_vs_90, orders_last_30d."
15325,"frequency_orders, monetary_total, orders_last_30d","recency_days, trend_orders_30_vs_90, monetary_mean","Main churn-risk drivers: frequency_orders, monetary_total, orders_last_30d. Main factors reducing churn risk: recency_days, trend_orders_30_vs_90, monetary_mean."
15326,"frequency_orders, recency_days, monetary_total","spend_last_60d, trend_orders_30_vs_90, monetary_mean","Main churn-risk drivers: frequency_orders, recency_days, monetary_total. Main factors reducing churn risk: spend_last_60d, trend_orders_30_vs_90, monetary_mean."
15329,"frequency_orders, monetary_total, trend_orders_30_vs_90","recency_days, trend_spend_30_vs_90, orders_last_30d","Main churn-risk drivers: frequency_orders, monetary_total, trend_orders_30_vs_90. Main factors reducing churn risk: recency_days, trend_spend_30_vs_90, orders_last_30d."
15332,"recency_days, orders_last_60d, spend_last_90d","spend_last_60d, frequency_orders, trend_orders_30_vs_90","Main churn-risk drivers: recency_days, orders_last_60d, spend_last_90d. Main factors reducing churn risk: spend_last_60d, frequency_orders, trend_orders_30_vs_90."
15333,"frequency_orders, orders_last_60d, monetary_total","spend_last_60d, trend_orders_30_vs_90, orders_last_30d","Main churn-risk drivers: frequency_orders, orders_last_60d, monetary_total. Main factors reducing churn risk: spend_last_60d, trend_orders_30_vs_90, orders_last_30d."
15334,"monetary_total, orders_last_60d, trend_orders_30_vs_90","trend_spend_30_vs_90, spend_last_60d, recency_days","Main churn-risk drivers: monetary_total, orders_last_60d, trend_orders_30_vs_90. Main factors reducing churn risk: trend_spend_30_vs_90, spend_last_60d, recency_days."
15339,"frequency_orders, recency_days, monetary_total","spend_last_60d, trend_orders_30_vs_90, monetary_mean","Main churn-risk drivers: frequency_orders, recency_days, monetary_total. Main factors reducing churn risk: spend_last_60d, trend_orders_30_vs_90, monetary_mean."
15342,"frequency_orders, monetary_total, trend_orders_30_vs_90","recency_days, trend_spend_30_vs_90, orders_last_30d","Main churn-risk drivers: frequency_orders, monetary_total, trend_orders_30_vs_90. Main factors reducing churn risk: recency_days, trend_spend_30_vs_90, orders_last_30d."
15346,"frequency_orders, recency_days, monetary_total","spend_last_60d, trend_orders_30_vs_90, monetary_mean","Main churn-risk drivers: frequency_orders, recency_days, monetary_total. Main factors reducing churn risk: spend_last_60d, trend_orders_30_vs_90, monetary_mean."
15347,"frequency_orders, recency_days, monetary_total","spend_last_60d, trend_orders_30_vs_90, orders_last_30d","Main churn-risk drivers: frequency_orders, recency_days, monetary_total. Main factors reducing churn risk: spend_last_60d, trend_orders_30_vs_90, orders_last_30d."
15349,"frequency_orders, monetary_total, orders_last_60d","trend_spend_30_vs_90, spend_last_60d, recency_days","Main churn-risk drivers: frequency_orders, monetary_total, orders_last_60d. Main factors reducing churn risk: trend_spend_30_vs_90, spend_last_60d, recency_days."
15350,"frequency_orders, recency_days, monetary_total","spend_last_60d, trend_orders_30_vs_90, orders_last_30d","Main churn-risk drivers: frequency_orders, recency_days, monetary_total. Main factors reducing churn risk: spend_last_60d, trend_orders_30_vs_90, orders_last_30d."
15351,"frequency_orders, recency_days, monetary_total","spend_last_60d, trend_orders_30_vs_90, monetary_mean","Main churn-risk drivers: frequency_orders, recency_days, monetary_total. Main factors reducing churn risk: spend_last_60d, trend_orders_30_vs_90, monetary_mean."
15353,"frequency_orders, orders_last_60d, recency_days","spend_last_60d, trend_orders_30_vs_90, monetary_mean","Main churn-risk drivers: frequency_orders, orders_last_60d, recency_days. Main factors reducing churn risk: spend_last_60d, trend_orders_30_vs_90, monetary_mean."
15356,"trend_orders_30_vs_90, orders_last_30d, orders_last_90d","frequency_orders, recency_days, monetary_total","Main churn-risk drivers: trend_orders_30_vs_90, orders_last_30d, orders_last_90d. Main factors reducing churn risk: frequency_orders, recency_days, monetary_total."
15358,"trend_orders_30_vs_90, spend_last_60d, orders_last_90d","frequency_orders, monetary_total, orders_last_60d","Main churn-risk drivers: trend_orders_30_vs_90, spend_last_60d, orders_last_90d. Main factors reducing churn risk: frequency_orders, monetary_total, orders_last_60d."
15361,"frequency_orders, recency_days, monetary_total","spend_last_60d, trend_orders_30_vs_90, orders_last_30d","Main churn-risk drivers: frequency_orders, recency_days, monetary_total. Main factors reducing churn risk: spend_last_60d, trend_orders_30_vs_90, orders_last_30d."
15363,"frequency_orders, recency_days, monetary_total","spend_last_60d, trend_orders_30_vs_90, orders_last_30d","Main churn-risk drivers: frequency_orders, recency_days, monetary_total. Main factors reducing churn risk: spend_last_60d, trend_orders_30_vs_90, orders_last_30d."
15364,"frequency_orders, monetary_total, orders_last_30d","recency_days, trend_orders_30_vs_90, orders_last_60d","Main churn-risk drivers: frequency_orders, monetary_total, orders_last_30d. Main factors reducing churn risk: recency_days, trend_orders_30_vs_90, orders_last_60d."
15365,"frequency_orders, monetary_total, spend_last_60d","recency_days, trend_orders_30_vs_90, orders_last_60d","Main churn-risk drivers: frequency_orders, monetary_total, spend_last_60d. Main factors reducing churn risk: recency_days, trend_orders_30_vs_90, orders_last_60d."
15366,"frequency_orders, recency_days, monetary_total","spend_last_60d, trend_orders_30_vs_90, monetary_mean","Main churn-risk drivers: frequency_orders, recency_days, monetary_total. Main factors reducing churn risk: spend_last_60d, trend_orders_30_vs_90, monetary_mean."
15367,"frequency_orders, orders_last_60d, recency_days","spend_last_60d, trend_orders_30_vs_90, orders_last_30d","Main churn-risk drivers: frequency_orders, orders_last_60d, recency_days. Main factors reducing churn risk: spend_last_60d, trend_orders_30_vs_90, orders_last_30d."
15370,"trend_orders_30_vs_90, spend_last_90d, monetary_total","recency_days, trend_spend_30_vs_90, frequency_orders","Main churn-risk drivers: trend_orders_30_vs_90, spend_last_90d, monetary_total. Main factors reducing churn risk: recency_days, trend_spend_30_vs_90, frequency_orders."
15372,"frequency_orders, spend_last_60d, trend_orders_30_vs_90","spend_last_90d, recency_days, trend_spend_30_vs_90","Main churn-risk drivers: frequency_orders, spend_last_60d, trend_orders_30_vs_90. Main factors reducing churn risk: spend_last_90d, recency_days, trend_spend_30_vs_90."
15373,"orders_last_30d, orders_last_90d, spend_last_90d","frequency_orders, orders_last_60d, recency_days","Main churn-risk drivers: orders_last_30d, orders_last_90d, spend_last_90d. Main factors reducing churn risk: frequency_orders, orders_last_60d, recency_days."
15374,"frequency_orders, monetary_total, trend_orders_30_vs_90","recency_days, trend_spend_30_vs_90, spend_last_60d","Main churn-risk drivers: frequency_orders, monetary_total, trend_orders_30_vs_90. Main factors reducing churn risk: recency_days, trend_spend_30_vs_90, spend_last_60d."
15376,"frequency_orders, monetary_total, orders_last_30d","recency_days, trend_orders_30_vs_90, monetary_mean","Main churn-risk drivers: frequency_orders, monetary_total, orders_last_30d. Main factors reducing churn risk: recency_days, trend_orders_30_vs_90, monetary_mean."
15379,"orders_last_60d, trend_orders_30_vs_90, spend_last_90d","frequency_orders, monetary_total, trend_spend_30_vs_90","Main churn-risk drivers: orders_last_60d, trend_orders_30_vs_90, spend_last_90d. Main factors reducing churn risk: frequency_orders, monetary_total, trend_spend_30_vs_90."
15380,"frequency_orders, monetary_total, trend_orders_30_vs_90","recency_days, trend_spend_30_vs_90, orders_last_30d","Main churn-risk drivers: frequency_orders, monetary_total, trend_orders_30_vs_90. Main factors reducing churn risk: recency_days, trend_spend_30_vs_90, orders_last_30d."
15381,"frequency_orders, monetary_total, orders_last_60d","spend_last_60d, trend_orders_30_vs_90, orders_last_30d","Main churn-risk drivers: frequency_orders, monetary_total, orders_last_60d. Main factors reducing churn risk: spend_last_60d, trend_orders_30_vs_90, orders_last_30d."
15382,"orders_last_60d, spend_last_90d, trend_spend_30_vs_90","spend_last_60d, monetary_total, frequency_orders","Main churn-risk drivers: orders_last_60d, spend_last_90d, trend_spend_30_vs_90. Main factors reducing churn risk: spend_last_60d, monetary_total, frequency_orders."
15384,"frequency_orders, orders_last_60d, monetary_total","trend_spend_30_vs_90, spend_last_60d, orders_last_30d","Main churn-risk drivers: frequency_orders, orders_last_60d, monetary_total. Main factors reducing churn risk: trend_spend_30_vs_90, spend_last_60d, orders_last_30d."
15386,"frequency_orders, monetary_total, orders_last_60d","spend_last_60d, trend_orders_30_vs_90, monetary_mean","Main churn-risk drivers: frequency_orders, monetary_total, orders_last_60d. Main factors reducing churn risk: spend_last_60d, trend_orders_30_vs_90, monetary_mean."
15388,"frequency_orders, monetary_total, recency_days","spend_last_60d, trend_orders_30_vs_90, monetary_mean","Main churn-risk drivers: frequency_orders, monetary_total, recency_days. Main factors reducing churn risk: spend_last_60d, trend_orders_30_vs_90, monetary_mean."
15389,"frequency_orders, monetary_mean, monetary_median","trend_spend_30_vs_90, spend_last_60d, orders_last_30d","Main churn-risk drivers: frequency_orders, monetary_mean, monetary_median. Main factors reducing churn risk: trend_spend_30_vs_90, spend_last_60d, orders_last_30d."
15392,"frequency_orders, recency_days, monetary_total","spend_last_60d, trend_orders_30_vs_90, orders_last_30d","Main churn-risk drivers: frequency_orders, recency_days, monetary_total. Main factors reducing churn risk: spend_last_60d, trend_orders_30_vs_90, orders_last_30d."
15393,"frequency_orders, monetary_total, recency_days","spend_last_60d, trend_orders_30_vs_90, orders_last_30d","Main churn-risk drivers: frequency_orders, monetary_total, recency_days. Main factors reducing churn risk: spend_last_60d, trend_orders_30_vs_90, orders_last_30d."
15394,"frequency_orders, orders_last_60d, spend_last_90d","spend_last_60d, trend_orders_30_vs_90, orders_last_30d","Main churn-risk drivers: frequency_orders, orders_last_60d, spend_last_90d. Main factors reducing churn risk: spend_last_60d, trend_orders_30_vs_90, orders_last_30d."
15395,"frequency_orders, recency_days, monetary_total","spend_last_60d, trend_orders_30_vs_90, monetary_mean","Main churn-risk drivers: frequency_orders, recency_days, monetary_total. Main factors reducing churn risk: spend_last_60d, trend_orders_30_vs_90, monetary_mean."
15396,"frequency_orders, monetary_total, orders_last_30d","recency_days, trend_orders_30_vs_90, orders_last_60d","Main churn-risk drivers: frequency_orders, monetary_total, orders_last_30d. Main factors reducing churn risk: recency_days, trend_orders_30_vs_90, orders_last_60d."
15397,"frequency_orders, monetary_total, recency_days","spend_last_60d, trend_orders_30_vs_90, orders_last_30d","Main churn-risk drivers: frequency_orders, monetary_total, recency_days. Main factors reducing churn risk: spend_last_60d, trend_orders_30_vs_90, orders_last_30d."
15400,"orders_last_30d, monetary_total, spend_last_90d","orders_last_60d, frequency_orders, recency_days","Main churn-risk drivers: orders_last_30d, monetary_total, spend_last_90d. Main factors reducing churn risk: orders_last_60d, frequency_orders, recency_days."
15402,"frequency_orders, monetary_total, trend_orders_30_vs_90","trend_spend_30_vs_90, recency_days, monetary_mean","Main churn-risk drivers: frequency_orders, monetary_total, trend_orders_30_vs_90. Main factors reducing churn risk: trend_spend_30_vs_90, recency_days, monetary_mean."
15405,"frequency_orders, monetary_total, orders_last_60d","spend_last_60d, trend_orders_30_vs_90, orders_last_30d","Main churn-risk drivers: frequency_orders, monetary_total, orders_last_60d. Main factors reducing churn risk: spend_last_60d, trend_orders_30_vs_90, orders_last_30d."
15406,"frequency_orders, recency_days, monetary_total","spend_last_60d, trend_orders_30_vs_90, monetary_mean","Main churn-risk drivers: frequency_orders, recency_days, monetary_total. Main factors reducing churn risk: spend_last_60d, trend_orders_30_vs_90, monetary_mean."
15407,"orders_last_60d, monetary_total, frequency_orders","spend_last_60d, trend_orders_30_vs_90, monetary_mean","Main churn-risk drivers: orders_last_60d, monetary_total, frequency_orders. Main factors reducing churn risk: spend_last_60d, trend_orders_30_vs_90, monetary_mean."
15408,"frequency_orders, monetary_total, recency_days","spend_last_60d, trend_orders_30_vs_90, monetary_mean","Main churn-risk drivers: frequency_orders, monetary_total, recency_days. Main factors reducing churn risk: spend_last_60d, trend_orders_30_vs_90, monetary_mean."
15410,"trend_orders_30_vs_90, spend_last_60d, orders_last_30d","frequency_orders, orders_last_60d, monetary_total","Main churn-risk drivers: trend_orders_30_vs_90, spend_last_60d, orders_last_30d. Main factors reducing churn risk: frequency_orders, orders_last_60d, monetary_total."
15411,"frequency_orders, monetary_total, trend_orders_30_vs_90","recency_days, trend_spend_30_vs_90, orders_last_30d","Main churn-risk drivers: frequency_orders, monetary_total, trend_orders_30_vs_90. Main factors reducing churn risk: recency_days, trend_spend_30_vs_90, orders_last_30d."
15412,"frequency_orders, monetary_total, orders_last_60d","trend_spend_30_vs_90, spend_last_60d, orders_last_30d","Main churn-risk drivers: frequency_orders, monetary_total, orders_last_60d. Main factors reducing churn risk: trend_spend_30_vs_90, spend_last_60d, orders_last_30d."
15414,"frequency_orders, monetary_total, orders_last_60d","spend_last_60d, trend_orders_30_vs_90, monetary_mean","Main churn-risk drivers: frequency_orders, monetary_total, orders_last_60d. Main factors reducing churn risk: spend_last_60d, trend_orders_30_vs_90, monetary_mean."
15415,"frequency_orders, recency_days, monetary_total","spend_last_60d, trend_orders_30_vs_90, monetary_mean","Main churn-risk drivers: frequency_orders, recency_days, monetary_total. Main factors reducing churn risk: spend_last_60d, trend_orders_30_vs_90, monetary_mean."
15416,"orders_last_60d, frequency_orders, trend_orders_30_vs_90","monetary_total, trend_spend_30_vs_90, spend_last_60d","Main churn-risk drivers: orders_last_60d, frequency_orders, trend_orders_30_vs_90. Main factors reducing churn risk: monetary_total, trend_spend_30_vs_90, spend_last_60d."
15421,"orders_last_60d, monetary_total, frequency_orders","spend_last_60d, trend_orders_30_vs_90, orders_last_30d","Main churn-risk drivers: orders_last_60d, monetary_total, frequency_orders. Main factors reducing churn risk: spend_last_60d, trend_orders_30_vs_90, orders_last_30d."
15422,"recency_days, frequency_orders, monetary_total","spend_last_60d, trend_orders_30_vs_90, orders_last_30d","Main churn-risk drivers: recency_days, frequency_orders, monetary_total. Main factors reducing churn risk: spend_last_60d, trend_orders_30_vs_90, orders_last_30d."
15424,"frequency_orders, monetary_total, orders_last_60d","spend_last_60d, trend_orders_30_vs_90, orders_last_30d","Main churn-risk drivers: frequency_orders, monetary_total, orders_last_60d. Main factors reducing churn risk: spend_last_60d, trend_orders_30_vs_90, orders_last_30d."
15426,"frequency_orders, orders_last_60d, recency_days","spend_last_60d, trend_orders_30_vs_90, monetary_mean","Main churn-risk drivers: frequency_orders, orders_last_60d, recency_days. Main factors reducing churn risk: spend_last_60d, trend_orders_30_vs_90, monetary_mean."
15433,"frequency_orders, monetary_total, orders_last_60d","spend_last_60d, trend_orders_30_vs_90, monetary_mean","Main churn-risk drivers: frequency_orders, monetary_total, orders_last_60d. Main factors reducing churn risk: spend_last_60d, trend_orders_30_vs_90, monetary_mean."
15434,"orders_last_30d, monetary_total, frequency_orders","orders_last_60d, recency_days, trend_orders_30_vs_90","Main churn-risk drivers: orders_last_30d, monetary_total, frequency_orders. Main factors reducing churn risk: orders_last_60d, recency_days, trend_orders_30_vs_90."
15436,"frequency_orders, monetary_total, orders_last_60d","spend_last_60d, trend_orders_30_vs_90, monetary_mean","Main churn-risk drivers: frequency_orders, monetary_total, orders_last_60d. Main factors reducing churn risk: spend_last_60d, trend_orders_30_vs_90, monetary_mean."
15437,"frequency_orders, monetary_total, recency_days","spend_last_60d, trend_orders_30_vs_90, monetary_mean","Main churn-risk drivers: frequency_orders, monetary_total, recency_days. Main factors reducing churn risk: spend_last_60d, trend_orders_30_vs_90, monetary_mean."
15438,"frequency_orders, monetary_total, trend_orders_30_vs_90","recency_days, trend_spend_30_vs_90, monetary_mean","Main churn-risk drivers: frequency_orders, monetary_total, trend_orders_30_vs_90. Main factors reducing churn risk: recency_days, trend_spend_30_vs_90, monetary_mean."
15440,"frequency_orders, monetary_total, trend_orders_30_vs_90","recency_days, trend_spend_30_vs_90, spend_last_60d","Main churn-risk drivers: frequency_orders, monetary_total, trend_orders_30_vs_90. Main factors reducing churn risk: recency_days, trend_spend_30_vs_90, spend_last_60d."
15442,"frequency_orders, monetary_mean, monetary_median","spend_last_60d, trend_orders_30_vs_90, orders_last_30d","Main churn-risk drivers: frequency_orders, monetary_mean, monetary_median. Main factors reducing churn risk: spend_last_60d, trend_orders_30_vs_90, orders_last_30d."
15443,"frequency_orders, monetary_total, orders_last_30d","recency_days, trend_orders_30_vs_90, monetary_mean","Main churn-risk drivers: frequency_orders, monetary_total, orders_last_30d. Main factors reducing churn risk: recency_days, trend_orders_30_vs_90, monetary_mean."
15445,"frequency_orders, monetary_total, recency_days","spend_last_60d, trend_orders_30_vs_90, orders_last_30d","Main churn-risk drivers: frequency_orders, monetary_total, recency_days. Main factors reducing churn risk: spend_last_60d, trend_orders_30_vs_90, orders_last_30d."
15447,"frequency_orders, recency_days, monetary_total","spend_last_60d, trend_orders_30_vs_90, orders_last_30d","Main churn-risk drivers: frequency_orders, recency_days, monetary_total. Main factors reducing churn risk: spend_last_60d, trend_orders_30_vs_90, orders_last_30d."
15448,"frequency_orders, recency_days, monetary_total","spend_last_60d, trend_orders_30_vs_90, orders_last_30d","Main churn-risk drivers: frequency_orders, recency_days, monetary_total. Main factors reducing churn risk: spend_last_60d, trend_orders_30_vs_90, orders_last_30d."
15449,"frequency_orders, orders_last_60d, monetary_total","spend_last_60d, trend_orders_30_vs_90, orders_last_30d","Main churn-risk drivers: frequency_orders, orders_last_60d, monetary_total. Main factors reducing churn risk: spend_last_60d, trend_orders_30_vs_90, orders_last_30d."
15452,"frequency_orders, monetary_total, recency_days","spend_last_60d, trend_orders_30_vs_90, monetary_mean","Main churn-risk drivers: frequency_orders, monetary_total, recency_days. Main factors reducing churn risk: spend_last_60d, trend_orders_30_vs_90, monetary_mean."
15453,"monetary_total, trend_orders_30_vs_90, orders_last_30d","orders_last_60d, recency_days, frequency_orders","Main churn-risk drivers: monetary_total, trend_orders_30_vs_90, orders_last_30d. Main factors reducing churn risk: orders_last_60d, recency_days, frequency_orders."
15454,"frequency_orders, recency_days, monetary_total","spend_last_60d, trend_orders_30_vs_90, monetary_mean","Main churn-risk drivers: frequency_orders, recency_days, monetary_total. Main factors reducing churn risk: spend_last_60d, trend_orders_30_vs_90, monetary_mean."
15456,"recency_days, monetary_total, orders_last_60d","spend_last_60d, trend_orders_30_vs_90, monetary_mean","Main churn-risk drivers: recency_days, monetary_total, orders_last_60d. Main factors reducing churn risk: spend_last_60d, trend_orders_30_vs_90, monetary_mean."
15457,"frequency_orders, monetary_total, recency_days","spend_last_60d, trend_orders_30_vs_90, monetary_mean","Main churn-risk drivers: frequency_orders, monetary_total, recency_days. Main factors reducing churn risk: spend_last_60d, trend_orders_30_vs_90, monetary_mean."
15460,"frequency_orders, recency_days, monetary_total","spend_last_60d, trend_orders_30_vs_90, monetary_mean","Main churn-risk drivers: frequency_orders, recency_days, monetary_total. Main factors reducing churn risk: spend_last_60d, trend_orders_30_vs_90, monetary_mean."
15462,"monetary_total, frequency_orders, orders_last_30d","orders_last_60d, recency_days, spend_last_60d","Main churn-risk drivers: monetary_total, frequency_orders, orders_last_30d. Main factors reducing churn risk: orders_last_60d, recency_days, spend_last_60d."
15464,"frequency_orders, recency_days, orders_last_60d","spend_last_60d, trend_orders_30_vs_90, monetary_mean","Main churn-risk drivers: frequency_orders, recency_days, orders_last_60d. Main factors reducing churn risk: spend_last_60d, trend_orders_30_vs_90, monetary_mean."
15465,"trend_orders_30_vs_90, monetary_mean, orders_last_90d","frequency_orders, monetary_total, recency_days","Main churn-risk drivers: trend_orders_30_vs_90, monetary_mean, orders_last_90d. Main factors reducing churn risk: frequency_orders, monetary_total, recency_days."
15467,"frequency_orders, monetary_total, trend_orders_30_vs_90","trend_spend_30_vs_90, recency_days, spend_last_60d","Main churn-risk drivers: frequency_orders, monetary_total, trend_orders_30_vs_90. Main factors reducing churn risk: trend_spend_30_vs_90, recency_days, spend_last_60d."
15469,"frequency_orders, monetary_total, orders_last_30d","recency_days, trend_orders_30_vs_90, orders_last_60d","Main churn-risk drivers: frequency_orders, monetary_total, orders_last_30d. Main factors reducing churn risk: recency_days, trend_orders_30_vs_90, orders_last_60d."
15472,"frequency_orders, monetary_total, orders_last_30d","recency_days, trend_orders_30_vs_90, monetary_mean","Main churn-risk drivers: frequency_orders, monetary_total, orders_last_30d. Main factors reducing churn risk: recency_days, trend_orders_30_vs_90, monetary_mean."
15480,"frequency_orders, spend_last_60d, monetary_total","recency_days, trend_orders_30_vs_90, spend_last_90d","Main churn-risk drivers: frequency_orders, spend_last_60d, monetary_total. Main factors reducing churn risk: recency_days, trend_orders_30_vs_90, spend_last_90d."
15482,"orders_last_60d, trend_orders_30_vs_90, monetary_mean","trend_spend_30_vs_90, spend_last_60d, frequency_orders","Main churn-risk drivers: orders_last_60d, trend_orders_30_vs_90, monetary_mean. Main factors reducing churn risk: trend_spend_30_vs_90, spend_last_60d, frequency_orders."
15483,"monetary_total, orders_last_60d, trend_orders_30_vs_90","trend_spend_30_vs_90, spend_last_60d, frequency_orders","Main churn-risk drivers: monetary_total, orders_last_60d, trend_orders_30_vs_90. Main factors reducing churn risk: trend_spend_30_vs_90, spend_last_60d, frequency_orders."
15485,"recency_days, frequency_orders, orders_last_60d","spend_last_60d, trend_orders_30_vs_90, orders_last_30d","Main churn-risk drivers: recency_days, frequency_orders, orders_last_60d. Main factors reducing churn risk: spend_last_60d, trend_orders_30_vs_90, orders_last_30d."
15488,"frequency_orders, monetary_total, orders_last_30d","recency_days, trend_orders_30_vs_90, spend_last_60d","Main churn-risk drivers: frequency_orders, monetary_total, orders_last_30d. Main factors reducing churn risk: recency_days, trend_orders_30_vs_90, spend_last_60d."
15489,"frequency_orders, monetary_total, orders_last_60d","spend_last_60d, trend_orders_30_vs_90, monetary_mean","Main churn-risk drivers: frequency_orders, monetary_total, orders_last_60d. Main factors reducing churn risk: spend_last_60d, trend_orders_30_vs_90, monetary_mean."
15491,"orders_last_30d, spend_last_60d, orders_last_90d","frequency_orders, orders_last_60d, monetary_total","Main churn-risk drivers: orders_last_30d, spend_last_60d, orders_last_90d. Main factors reducing churn risk: frequency_orders, orders_last_60d, monetary_total."
15493,"frequency_orders, trend_orders_30_vs_90, monetary_total","trend_spend_30_vs_90, recency_days, monetary_mean","Main churn-risk drivers: frequency_orders, trend_orders_30_vs_90, monetary_total. Main factors reducing churn risk: trend_spend_30_vs_90, recency_days, monetary_mean."
15494,"frequency_orders, spend_last_60d, trend_orders_30_vs_90","recency_days, trend_spend_30_vs_90, spend_last_90d","Main churn-risk drivers: frequency_orders, spend_last_60d, trend_orders_30_vs_90. Main factors reducing churn risk: recency_days, trend_spend_30_vs_90, spend_last_90d."
15497,"frequency_orders, recency_days, orders_last_60d","spend_last_60d, trend_orders_30_vs_90, orders_last_30d","Main churn-risk drivers: frequency_orders, recency_days, orders_last_60d. Main factors reducing churn risk: spend_last_60d, trend_orders_30_vs_90, orders_last_30d."
15498,"trend_orders_30_vs_90, spend_last_60d, orders_last_90d","frequency_orders, monetary_total, orders_last_60d","Main churn-risk drivers: trend_orders_30_vs_90, spend_last_60d, orders_last_90d. Main factors reducing churn risk: frequency_orders, monetary_total, orders_last_60d."
15502,"spend_last_60d, trend_orders_30_vs_90","monetary_total, spend_last_90d, frequency_orders","Main churn-risk drivers: spend_last_60d, trend_orders_30_vs_90. Main factors reducing churn risk: monetary_total, spend_last_90d, frequency_orders."
15503,"frequency_orders, recency_days, monetary_total","spend_last_60d, trend_orders_30_vs_90, monetary_mean","Main churn-risk drivers: frequency_orders, recency_days, monetary_total. Main factors reducing churn risk: spend_last_60d, trend_orders_30_vs_90, monetary_mean."
15505,"spend_last_60d, frequency_orders, trend_orders_30_vs_90","orders_last_60d, spend_last_90d, recency_days","Main churn-risk drivers: spend_last_60d, frequency_orders, trend_orders_30_vs_90. Main factors reducing churn risk: orders_last_60d, spend_last_90d, recency_days."
15506,"frequency_orders, monetary_total, trend_orders_30_vs_90","recency_days, trend_spend_30_vs_90, monetary_mean","Main churn-risk drivers: frequency_orders, monetary_total, trend_orders_30_vs_90. Main factors reducing churn risk: recency_days, trend_spend_30_vs_90, monetary_mean."
15507,"frequency_orders, monetary_total, orders_last_60d","trend_spend_30_vs_90, spend_last_60d, monetary_mean","Main churn-risk drivers: frequency_orders, monetary_total, orders_last_60d. Main factors reducing churn risk: trend_spend_30_vs_90, spend_last_60d, monetary_mean."
15508,"orders_last_60d, monetary_total, spend_last_90d","frequency_orders, spend_last_60d, trend_orders_30_vs_90","Main churn-risk drivers: orders_last_60d, monetary_total, spend_last_90d. Main factors reducing churn risk: frequency_orders, spend_last_60d, trend_orders_30_vs_90."
15510,"frequency_orders, recency_days, monetary_total","spend_last_60d, trend_orders_30_vs_90, orders_last_30d","Main churn-risk drivers: frequency_orders, recency_days, monetary_total. Main factors reducing churn risk: spend_last_60d, trend_orders_30_vs_90, orders_last_30d."
15512,"frequency_orders, monetary_total, orders_last_60d","spend_last_60d, trend_spend_30_vs_90, recency_days","Main churn-risk drivers: frequency_orders, monetary_total, orders_last_60d. Main factors reducing churn risk: spend_last_60d, trend_spend_30_vs_90, recency_days."
15513,"spend_last_60d, orders_last_30d, spend_last_30d","frequency_orders, monetary_total, spend_last_90d","Main churn-risk drivers: spend_last_60d, orders_last_30d, spend_last_30d. Main factors reducing churn risk: frequency_orders, monetary_total, spend_last_90d."
15514,"orders_last_60d, recency_days, spend_last_90d","frequency_orders, monetary_total, spend_last_60d","Main churn-risk drivers: orders_last_60d, recency_days, spend_last_90d. Main factors reducing churn risk: frequency_orders, monetary_total, spend_last_60d."
15517,"frequency_orders, monetary_total, orders_last_60d","spend_last_60d, trend_orders_30_vs_90, monetary_mean","Main churn-risk drivers: frequency_orders, monetary_total, orders_last_60d. Main factors reducing churn risk: spend_last_60d, trend_orders_30_vs_90, monetary_mean."
15518,"trend_orders_30_vs_90, orders_last_90d","frequency_orders, orders_last_60d, recency_days","Main churn-risk drivers: trend_orders_30_vs_90, orders_last_90d. Main factors reducing churn risk: frequency_orders, orders_last_60d, recency_days."
15521,"orders_last_30d, spend_last_60d, orders_last_90d","frequency_orders, orders_last_60d, recency_days","Main churn-risk drivers: orders_last_30d, spend_last_60d, orders_last_90d. Main factors reducing churn risk: frequency_orders, orders_last_60d, recency_days."
15525,"frequency_orders, recency_days, monetary_total","spend_last_60d, trend_orders_30_vs_90, monetary_mean","Main churn-risk drivers: frequency_orders, recency_days, monetary_total. Main factors reducing churn risk: spend_last_60d, trend_orders_30_vs_90, monetary_mean."
15527,"trend_orders_30_vs_90, spend_last_90d, monetary_total","frequency_orders, trend_spend_30_vs_90, recency_days","Main churn-risk drivers: trend_orders_30_vs_90, spend_last_90d, monetary_total. Main factors reducing churn risk: frequency_orders, trend_spend_30_vs_90, recency_days."
15528,"frequency_orders, monetary_total, orders_last_60d","spend_last_60d, trend_orders_30_vs_90, monetary_mean","Main churn-risk drivers: frequency_orders, monetary_total, orders_last_60d. Main factors reducing churn risk: spend_last_60d, trend_orders_30_vs_90, monetary_mean."
15529,"trend_orders_30_vs_90, spend_last_60d, spend_last_90d","frequency_orders, monetary_total, recency_days","Main churn-risk drivers: trend_orders_30_vs_90, spend_last_60d, spend_last_90d. Main factors reducing churn risk: frequency_orders, monetary_total, recency_days."
15530,"trend_orders_30_vs_90, frequency_orders, monetary_total","trend_spend_30_vs_90, recency_days, monetary_mean","Main churn-risk drivers: trend_orders_30_vs_90, frequency_orders, monetary_total. Main factors reducing churn risk: trend_spend_30_vs_90, recency_days, monetary_mean."
15532,"trend_orders_30_vs_90, frequency_orders, monetary_total","recency_days, trend_spend_30_vs_90, monetary_mean","Main churn-risk drivers: trend_orders_30_vs_90, frequency_orders, monetary_total. Main factors reducing churn risk: recency_days, trend_spend_30_vs_90, monetary_mean."
15535,"monetary_total, orders_last_60d, trend_orders_30_vs_90","trend_spend_30_vs_90, spend_last_60d, frequency_orders","Main churn-risk drivers: monetary_total, orders_last_60d, trend_orders_30_vs_90. Main factors reducing churn risk: trend_spend_30_vs_90, spend_last_60d, frequency_orders."
15537,"frequency_orders, monetary_total, orders_last_60d","trend_spend_30_vs_90, spend_last_60d, monetary_mean","Main churn-risk drivers: frequency_orders, monetary_total, orders_last_60d. Main factors reducing churn risk: trend_spend_30_vs_90, spend_last_60d, monetary_mean."
15541,"frequency_orders, monetary_total, orders_last_30d","recency_days, trend_orders_30_vs_90, spend_last_60d","Main churn-risk drivers: frequency_orders, monetary_total, orders_last_30d. Main factors reducing churn risk: recency_days, trend_orders_30_vs_90, spend_last_60d."
15543,"frequency_orders, monetary_total, recency_days","spend_last_60d, trend_orders_30_vs_90, monetary_mean","Main churn-risk drivers: frequency_orders, monetary_total, recency_days. Main factors reducing churn risk: spend_last_60d, trend_orders_30_vs_90, monetary_mean."
15544,"trend_orders_30_vs_90, spend_last_60d, orders_last_30d","frequency_orders, orders_last_60d, monetary_total","Main churn-risk drivers: trend_orders_30_vs_90, spend_last_60d, orders_last_30d. Main factors reducing churn risk: frequency_orders, orders_last_60d, monetary_total."
15545,"frequency_orders, recency_days, monetary_total","spend_last_60d, trend_orders_30_vs_90, monetary_mean","Main churn-risk drivers: frequency_orders, recency_days, monetary_total. Main factors reducing churn risk: spend_last_60d, trend_orders_30_vs_90, monetary_mean."
15547,"orders_last_30d, trend_spend_30_vs_90, spend_last_90d","frequency_orders, monetary_total, recency_days","Main churn-risk drivers: orders_last_30d, trend_spend_30_vs_90, spend_last_90d. Main factors reducing churn risk: frequency_orders, monetary_total, recency_days."
15549,"frequency_orders, orders_last_60d, trend_orders_30_vs_90","trend_spend_30_vs_90, spend_last_60d, recency_days","Main churn-risk drivers: frequency_orders, orders_last_60d, trend_orders_30_vs_90. Main factors reducing churn risk: trend_spend_30_vs_90, spend_last_60d, recency_days."
15550,"monetary_total, frequency_orders, orders_last_30d","recency_days, spend_last_60d, monetary_mean","Main churn-risk drivers: monetary_total, frequency_orders, orders_last_30d. Main factors reducing churn risk: recency_days, spend_last_60d, monetary_mean."
15552,"frequency_orders, monetary_total, orders_last_60d","spend_last_60d, trend_orders_30_vs_90, monetary_mean","Main churn-risk drivers: frequency_orders, monetary_total, orders_last_60d. Main factors reducing churn risk: spend_last_60d, trend_orders_30_vs_90, monetary_mean."
15554,"frequency_orders, monetary_total, recency_days","spend_last_60d, trend_orders_30_vs_90, orders_last_30d","Main churn-risk drivers: frequency_orders, monetary_total, recency_days. Main factors reducing churn risk: spend_last_60d, trend_orders_30_vs_90, orders_last_30d."
15555,"trend_orders_30_vs_90, orders_last_30d, orders_last_90d","frequency_orders, monetary_total, recency_days","Main churn-risk drivers: trend_orders_30_vs_90, orders_last_30d, orders_last_90d. Main factors reducing churn risk: frequency_orders, monetary_total, recency_days."
15561,"monetary_total, trend_orders_30_vs_90, frequency_orders","orders_last_60d, trend_spend_30_vs_90, recency_days","Main churn-risk drivers: monetary_total, trend_orders_30_vs_90, frequency_orders. Main factors reducing churn risk: orders_last_60d, trend_spend_30_vs_90, recency_days."
15562,"frequency_orders, recency_days, monetary_total","spend_last_60d, trend_orders_30_vs_90, orders_last_30d","Main churn-risk drivers: frequency_orders, recency_days, monetary_total. Main factors reducing churn risk: spend_last_60d, trend_orders_30_vs_90, orders_last_30d."
15563,"frequency_orders, orders_last_60d, monetary_total","spend_last_60d, trend_orders_30_vs_90, monetary_mean","Main churn-risk drivers: frequency_orders, orders_last_60d, monetary_total. Main factors reducing churn risk: spend_last_60d, trend_orders_30_vs_90, monetary_mean."
15569,"orders_last_30d, spend_last_60d, trend_orders_30_vs_90","orders_last_60d, frequency_orders, recency_days","Main churn-risk drivers: orders_last_30d, spend_last_60d, trend_orders_30_vs_90. Main factors reducing churn risk: orders_last_60d, frequency_orders, recency_days."
15570,"trend_orders_30_vs_90, spend_last_90d","frequency_orders, monetary_total, recency_days","Main churn-risk drivers: trend_orders_30_vs_90, spend_last_90d. Main factors reducing churn risk: frequency_orders, monetary_total, recency_days."
15572,"orders_last_30d, spend_last_60d, trend_spend_30_vs_90","recency_days, frequency_orders, trend_orders_30_vs_90","Main churn-risk drivers: orders_last_30d, spend_last_60d, trend_spend_30_vs_90. Main factors reducing churn risk: recency_days, frequency_orders, trend_orders_30_vs_90."
15574,"orders_last_60d, monetary_total, trend_orders_30_vs_90","trend_spend_30_vs_90, spend_last_60d, frequency_orders","Main churn-risk drivers: orders_last_60d, monetary_total, trend_orders_30_vs_90. Main factors reducing churn risk: trend_spend_30_vs_90, spend_last_60d, frequency_orders."
15577,"monetary_total, orders_last_60d, trend_orders_30_vs_90","trend_spend_30_vs_90, spend_last_60d, recency_days","Main churn-risk drivers: monetary_total, orders_last_60d, trend_orders_30_vs_90. Main factors reducing churn risk: trend_spend_30_vs_90, spend_last_60d, recency_days."
15578,"frequency_orders, monetary_total, orders_last_60d","trend_spend_30_vs_90, spend_last_60d, recency_days","Main churn-risk drivers: frequency_orders, monetary_total, orders_last_60d. Main factors reducing churn risk: trend_spend_30_vs_90, spend_last_60d, recency_days."
15579,"frequency_orders, recency_days, monetary_total","spend_last_60d, trend_orders_30_vs_90, monetary_mean","Main churn-risk drivers: frequency_orders, recency_days, monetary_total. Main factors reducing churn risk: spend_last_60d, trend_orders_30_vs_90, monetary_mean."
15581,"spend_last_60d, trend_orders_30_vs_90, orders_last_90d","frequency_orders, orders_last_60d, spend_last_90d","Main churn-risk drivers: spend_last_60d, trend_orders_30_vs_90, orders_last_90d. Main factors reducing churn risk: frequency_orders, orders_last_60d, spend_last_90d."
15582,"frequency_orders, monetary_total, orders_last_30d","recency_days, trend_orders_30_vs_90, monetary_mean","Main churn-risk drivers: frequency_orders, monetary_total, orders_last_30d. Main factors reducing churn risk: recency_days, trend_orders_30_vs_90, monetary_mean."
15584,"frequency_orders, monetary_total, orders_last_60d","trend_spend_30_vs_90, spend_last_60d, monetary_mean","Main churn-risk drivers: frequency_orders, monetary_total, orders_last_60d. Main factors reducing churn risk: trend_spend_30_vs_90, spend_last_60d, monetary_mean."
15585,"frequency_orders, monetary_total, orders_last_60d","trend_spend_30_vs_90, spend_last_60d, monetary_mean","Main churn-risk drivers: frequency_orders, monetary_total, orders_last_60d. Main factors reducing churn risk: trend_spend_30_vs_90, spend_last_60d, monetary_mean."
15587,"frequency_orders, monetary_total, trend_orders_30_vs_90","recency_days, trend_spend_30_vs_90, spend_last_60d","Main churn-risk drivers: frequency_orders, monetary_total, trend_orders_30_vs_90. Main factors reducing churn risk: recency_days, trend_spend_30_vs_90, spend_last_60d."
15589,"monetary_total, orders_last_60d, recency_days","spend_last_60d, trend_orders_30_vs_90, orders_last_30d","Main churn-risk drivers: monetary_total, orders_last_60d, recency_days. Main factors reducing churn risk: spend_last_60d, trend_orders_30_vs_90, orders_last_30d."
15594,"frequency_orders, monetary_total, orders_last_30d","recency_days, trend_orders_30_vs_90, orders_last_60d","Main churn-risk drivers: frequency_orders, monetary_total, orders_last_30d. Main factors reducing churn risk: recency_days, trend_orders_30_vs_90, orders_last_60d."
15596,"spend_last_90d, orders_last_30d, trend_spend_30_vs_90","frequency_orders, recency_days, spend_last_60d","Main churn-risk drivers: spend_last_90d, orders_last_30d, trend_spend_30_vs_90. Main factors reducing churn risk: frequency_orders, recency_days, spend_last_60d."
15599,"frequency_orders, monetary_total, orders_last_60d","spend_last_60d, trend_orders_30_vs_90, orders_last_30d","Main churn-risk drivers: frequency_orders, monetary_total, orders_last_60d. Main factors reducing churn risk: spend_last_60d, trend_orders_30_vs_90, orders_last_30d."
15601,"trend_orders_30_vs_90, spend_last_60d, orders_last_90d","frequency_orders, monetary_total, recency_days","Main churn-risk drivers: trend_orders_30_vs_90, spend_last_60d, orders_last_90d. Main factors reducing churn risk: frequency_orders, monetary_total, recency_days."
15602,"monetary_total, orders_last_60d, spend_last_90d","frequency_orders, spend_last_60d, trend_orders_30_vs_90","Main churn-risk drivers: monetary_total, orders_last_60d, spend_last_90d. Main factors reducing churn risk: frequency_orders, spend_last_60d, trend_orders_30_vs_90."
15605,"orders_last_60d, monetary_total, recency_days","spend_last_60d, trend_orders_30_vs_90, orders_last_30d","Main churn-risk drivers: orders_last_60d, monetary_total, recency_days. Main factors reducing churn risk: spend_last_60d, trend_orders_30_vs_90, orders_last_30d."
15606,"orders_last_30d, trend_orders_30_vs_90, orders_last_90d","frequency_orders, recency_days, monetary_total","Main churn-risk drivers: orders_last_30d, trend_orders_30_vs_90, orders_last_90d. Main factors reducing churn risk: frequency_orders, recency_days, monetary_total."
15607,"frequency_orders, recency_days, monetary_total","spend_last_60d, trend_orders_30_vs_90, monetary_mean","Main churn-risk drivers: frequency_orders, recency_days, monetary_total. Main factors reducing churn risk: spend_last_60d, trend_orders_30_vs_90, monetary_mean."
15608,"frequency_orders, monetary_total, trend_orders_30_vs_90","recency_days, trend_spend_30_vs_90, orders_last_30d","Main churn-risk drivers: frequency_orders, monetary_total, trend_orders_30_vs_90. Main factors reducing churn risk: recency_days, trend_spend_30_vs_90, orders_last_30d."
15609,"frequency_orders, monetary_total, orders_last_60d","spend_last_60d, trend_orders_30_vs_90, orders_last_30d","Main churn-risk drivers: frequency_orders, monetary_total, orders_last_60d. Main factors reducing churn risk: spend_last_60d, trend_orders_30_vs_90, orders_last_30d."
15611,"orders_last_30d, monetary_total, trend_orders_30_vs_90","frequency_orders, orders_last_60d, recency_days","Main churn-risk drivers: orders_last_30d, monetary_total, trend_orders_30_vs_90. Main factors reducing churn risk: frequency_orders, orders_last_60d, recency_days."
15615,"orders_last_30d, spend_last_60d, trend_orders_30_vs_90","frequency_orders, monetary_total, orders_last_60d","Main churn-risk drivers: orders_last_30d, spend_last_60d, trend_orders_30_vs_90. Main factors reducing churn risk: frequency_orders, monetary_total, orders_last_60d."
15618,"monetary_total, orders_last_30d, frequency_orders","orders_last_60d, recency_days, monetary_mean","Main churn-risk drivers: monetary_total, orders_last_30d, frequency_orders. Main factors reducing churn risk: orders_last_60d, recency_days, monetary_mean."
15620,"frequency_orders, orders_last_60d, monetary_total","spend_last_60d, trend_orders_30_vs_90, monetary_mean","Main churn-risk drivers: frequency_orders, orders_last_60d, monetary_total. Main factors reducing churn risk: spend_last_60d, trend_orders_30_vs_90, monetary_mean."
15622,"orders_last_60d, spend_last_90d, trend_spend_30_vs_90","frequency_orders, monetary_total, spend_last_60d","Main churn-risk drivers: orders_last_60d, spend_last_90d, trend_spend_30_vs_90. Main factors reducing churn risk: frequency_orders, monetary_total, spend_last_60d."
15623,"frequency_orders, monetary_total, trend_orders_30_vs_90","recency_days, trend_spend_30_vs_90, orders_last_30d","Main churn-risk drivers: frequency_orders, monetary_total, trend_orders_30_vs_90. Main factors reducing churn risk: recency_days, trend_spend_30_vs_90, orders_last_30d."
15624,"monetary_total, orders_last_30d, spend_last_90d","orders_last_60d, recency_days, frequency_orders","Main churn-risk drivers: monetary_total, orders_last_30d, spend_last_90d. Main factors reducing churn risk: orders_last_60d, recency_days, frequency_orders."
15625,"trend_orders_30_vs_90, orders_last_30d, spend_last_60d","orders_last_60d, recency_days, frequency_orders","Main churn-risk drivers: trend_orders_30_vs_90, orders_last_30d, spend_last_60d. Main factors reducing churn risk: orders_last_60d, recency_days, frequency_orders."
15626,"frequency_orders, recency_days, monetary_total","spend_last_60d, trend_orders_30_vs_90, monetary_mean","Main churn-risk drivers: frequency_orders, recency_days, monetary_total. Main factors reducing churn risk: spend_last_60d, trend_orders_30_vs_90, monetary_mean."
15628,"orders_last_30d, spend_last_60d, trend_orders_30_vs_90","frequency_orders, orders_last_60d, recency_days","Main churn-risk drivers: orders_last_30d, spend_last_60d, trend_orders_30_vs_90. Main factors reducing churn risk: frequency_orders, orders_last_60d, recency_days."
15630,"frequency_orders, monetary_total, orders_last_60d","spend_last_60d, trend_orders_30_vs_90, orders_last_30d","Main churn-risk drivers: frequency_orders, monetary_total, orders_last_60d. Main factors reducing churn risk: spend_last_60d, trend_orders_30_vs_90, orders_last_30d."
15632,"trend_orders_30_vs_90, spend_last_60d, orders_last_90d","frequency_orders, orders_last_60d, recency_days","Main churn-risk drivers: trend_orders_30_vs_90, spend_last_60d, orders_last_90d. Main factors reducing churn risk: frequency_orders, orders_last_60d, recency_days."
15636,"frequency_orders, recency_days, monetary_total","spend_last_60d, trend_orders_30_vs_90, orders_last_30d","Main churn-risk drivers: frequency_orders, recency_days, monetary_total. Main factors reducing churn risk: spend_last_60d, trend_orders_30_vs_90, orders_last_30d."
15639,"frequency_orders, monetary_total, trend_orders_30_vs_90","recency_days, trend_spend_30_vs_90, orders_last_30d","Main churn-risk drivers: frequency_orders, monetary_total, trend_orders_30_vs_90. Main factors reducing churn risk: recency_days, trend_spend_30_vs_90, orders_last_30d."
15640,"spend_last_60d, trend_orders_30_vs_90, orders_last_90d","frequency_orders, monetary_total, orders_last_60d","Main churn-risk drivers: spend_last_60d, trend_orders_30_vs_90, orders_last_90d. Main factors reducing churn risk: frequency_orders, monetary_total, orders_last_60d."
15641,"orders_last_30d, trend_spend_30_vs_90, spend_last_60d","recency_days, frequency_orders, trend_orders_30_vs_90","Main churn-risk drivers: orders_last_30d, trend_spend_30_vs_90, spend_last_60d. Main factors reducing churn risk: recency_days, frequency_orders, trend_orders_30_vs_90."
15643,"orders_last_60d, monetary_total, frequency_orders","spend_last_60d, trend_orders_30_vs_90, orders_last_30d","Main churn-risk drivers: orders_last_60d, monetary_total, frequency_orders. Main factors reducing churn risk: spend_last_60d, trend_orders_30_vs_90, orders_last_30d."
15644,"orders_last_60d, monetary_total, trend_orders_30_vs_90","trend_spend_30_vs_90, spend_last_60d, frequency_orders","Main churn-risk drivers: orders_last_60d, monetary_total, trend_orders_30_vs_90. Main factors reducing churn risk: trend_spend_30_vs_90, spend_last_60d, frequency_orders."
15646,"monetary_total, orders_last_60d, frequency_orders","trend_spend_30_vs_90, spend_last_60d, recency_days","Main churn-risk drivers: monetary_total, orders_last_60d, frequency_orders. Main factors reducing churn risk: trend_spend_30_vs_90, spend_last_60d, recency_days."
15648,"frequency_orders, orders_last_60d, monetary_total","spend_last_60d, trend_orders_30_vs_90, orders_last_30d","Main churn-risk drivers: frequency_orders, orders_last_60d, monetary_total. Main factors reducing churn risk: spend_last_60d, trend_orders_30_vs_90, orders_last_30d."
15649,"recency_days, monetary_mean, monetary_median","spend_last_60d, trend_orders_30_vs_90, orders_last_30d","Main churn-risk drivers: recency_days, monetary_mean, monetary_median. Main factors reducing churn risk: spend_last_60d, trend_orders_30_vs_90, orders_last_30d."
15651,"frequency_orders, monetary_total, recency_days","spend_last_60d, trend_orders_30_vs_90, monetary_mean","Main churn-risk drivers: frequency_orders, monetary_total, recency_days. Main factors reducing churn risk: spend_last_60d, trend_orders_30_vs_90, monetary_mean."
15652,"frequency_orders, monetary_total, orders_last_30d","recency_days, trend_orders_30_vs_90, orders_last_60d","Main churn-risk drivers: frequency_orders, monetary_total, orders_last_30d. Main factors reducing churn risk: recency_days, trend_orders_30_vs_90, orders_last_60d."
15653,"frequency_orders, orders_last_30d, monetary_total","orders_last_60d, recency_days, trend_orders_30_vs_90","Main churn-risk drivers: frequency_orders, orders_last_30d, monetary_total. Main factors reducing churn risk: orders_last_60d, recency_days, trend_orders_30_vs_90."
15655,"frequency_orders, monetary_total, orders_last_60d","spend_last_60d, trend_orders_30_vs_90, orders_last_30d","Main churn-risk drivers: frequency_orders, monetary_total, orders_last_60d. Main factors reducing churn risk: spend_last_60d, trend_orders_30_vs_90, orders_last_30d."
15656,"monetary_total, orders_last_60d, frequency_orders","trend_spend_30_vs_90, spend_last_60d, orders_last_30d","Main churn-risk drivers: monetary_total, orders_last_60d, frequency_orders. Main factors reducing churn risk: trend_spend_30_vs_90, spend_last_60d, orders_last_30d."
15658,"orders_last_60d, monetary_total, spend_last_90d","frequency_orders, spend_last_60d, trend_orders_30_vs_90","Main churn-risk drivers: orders_last_60d, monetary_total, spend_last_90d. Main factors reducing churn risk: frequency_orders, spend_last_60d, trend_orders_30_vs_90."
15660,"trend_orders_30_vs_90, monetary_total, spend_last_90d","frequency_orders, orders_last_60d, recency_days","Main churn-risk drivers: trend_orders_30_vs_90, monetary_total, spend_last_90d. Main factors reducing churn risk: frequency_orders, orders_last_60d, recency_days."
15661,"recency_days, frequency_orders, monetary_total","spend_last_60d, trend_orders_30_vs_90, orders_last_30d","Main churn-risk drivers: recency_days, frequency_orders, monetary_total. Main factors reducing churn risk: spend_last_60d, trend_orders_30_vs_90, orders_last_30d."
15663,"frequency_orders, monetary_total, orders_last_30d","recency_days, trend_orders_30_vs_90, spend_last_60d","Main churn-risk drivers: frequency_orders, monetary_total, orders_last_30d. Main factors reducing churn risk: recency_days, trend_orders_30_vs_90, spend_last_60d."
15665,"frequency_orders, orders_last_60d, trend_orders_30_vs_90","monetary_total, trend_spend_30_vs_90, spend_last_60d","Main churn-risk drivers: frequency_orders, orders_last_60d, trend_orders_30_vs_90. Main factors reducing churn risk: monetary_total, trend_spend_30_vs_90, spend_last_60d."
15668,"frequency_orders, monetary_total, orders_last_60d","spend_last_60d, trend_orders_30_vs_90, orders_last_30d","Main churn-risk drivers: frequency_orders, monetary_total, orders_last_60d. Main factors reducing churn risk: spend_last_60d, trend_orders_30_vs_90, orders_last_30d."
15669,"monetary_total, frequency_orders, orders_last_30d","recency_days, spend_last_60d, orders_last_60d","Main churn-risk drivers: monetary_total, frequency_orders, orders_last_30d. Main factors reducing churn risk: recency_days, spend_last_60d, orders_last_60d."
15670,"frequency_orders, recency_days, monetary_total","spend_last_60d, trend_orders_30_vs_90, monetary_mean","Main churn-risk drivers: frequency_orders, recency_days, monetary_total. Main factors reducing churn risk: spend_last_60d, trend_orders_30_vs_90, monetary_mean."
15671,"spend_last_60d, orders_last_30d, trend_orders_30_vs_90","frequency_orders, orders_last_60d, recency_days","Main churn-risk drivers: spend_last_60d, orders_last_30d, trend_orders_30_vs_90. Main factors reducing churn risk: frequency_orders, orders_last_60d, recency_days."
15673,"orders_last_60d, frequency_orders, trend_orders_30_vs_90","trend_spend_30_vs_90, spend_last_60d, monetary_total","Main churn-risk drivers: orders_last_60d, frequency_orders, trend_orders_30_vs_90. Main factors reducing churn risk: trend_spend_30_vs_90, spend_last_60d, monetary_total."
15674,"orders_last_60d, spend_last_90d, recency_days","spend_last_60d, frequency_orders, trend_orders_30_vs_90","Main churn-risk drivers: orders_last_60d, spend_last_90d, recency_days. Main factors reducing churn risk: spend_last_60d, frequency_orders, trend_orders_30_vs_90."
15675,"frequency_orders, monetary_total, orders_last_60d","trend_spend_30_vs_90, spend_last_60d, recency_days","Main churn-risk drivers: frequency_orders, monetary_total, orders_last_60d. Main factors reducing churn risk: trend_spend_30_vs_90, spend_last_60d, recency_days."
15676,"frequency_orders, recency_days, orders_last_60d","spend_last_60d, trend_orders_30_vs_90, monetary_mean","Main churn-risk drivers: frequency_orders, recency_days, orders_last_60d. Main factors reducing churn risk: spend_last_60d, trend_orders_30_vs_90, monetary_mean."
15679,"frequency_orders, monetary_total, orders_last_60d","trend_spend_30_vs_90, spend_last_60d, recency_days","Main churn-risk drivers: frequency_orders, monetary_total, orders_last_60d. Main factors reducing churn risk: trend_spend_30_vs_90, spend_last_60d, recency_days."
15680,"frequency_orders, recency_days, monetary_total","spend_last_60d, trend_orders_30_vs_90, orders_last_30d","Main churn-risk drivers: frequency_orders, recency_days, monetary_total. Main factors reducing churn risk: spend_last_60d, trend_orders_30_vs_90, orders_last_30d."
15681,"orders_last_60d, monetary_total, frequency_orders","spend_last_60d, trend_orders_30_vs_90, orders_last_30d","Main churn-risk drivers: orders_last_60d, monetary_total, frequency_orders. Main factors reducing churn risk: spend_last_60d, trend_orders_30_vs_90, orders_last_30d."
15683,"frequency_orders, monetary_total, orders_last_30d","recency_days, trend_orders_30_vs_90, orders_last_60d","Main churn-risk drivers: frequency_orders, monetary_total, orders_last_30d. Main factors reducing churn risk: recency_days, trend_orders_30_vs_90, orders_last_60d."
15687,"orders_last_60d, spend_last_90d, trend_spend_30_vs_90","frequency_orders, spend_last_60d, trend_orders_30_vs_90","Main churn-risk drivers: orders_last_60d, spend_last_90d, trend_spend_30_vs_90. Main factors reducing churn risk: frequency_orders, spend_last_60d, trend_orders_30_vs_90."
15689,"frequency_orders, monetary_total, orders_last_30d","recency_days, trend_orders_30_vs_90, spend_last_60d","Main churn-risk drivers: frequency_orders, monetary_total, orders_last_30d. Main factors reducing churn risk: recency_days, trend_orders_30_vs_90, spend_last_60d."
15690,"frequency_orders, monetary_total, orders_last_30d","recency_days, trend_orders_30_vs_90, spend_last_60d","Main churn-risk drivers: frequency_orders, monetary_total, orders_last_30d. Main factors reducing churn risk: recency_days, trend_orders_30_vs_90, spend_last_60d."
15691,"frequency_orders, monetary_total, orders_last_60d","spend_last_60d, trend_orders_30_vs_90, orders_last_30d","Main churn-risk drivers: frequency_orders, monetary_total, orders_last_60d. Main factors reducing churn risk: spend_last_60d, trend_orders_30_vs_90, orders_last_30d."
15694,"orders_last_60d, trend_orders_30_vs_90, spend_last_90d","frequency_orders, monetary_total, trend_spend_30_vs_90","Main churn-risk drivers: orders_last_60d, trend_orders_30_vs_90, spend_last_90d. Main factors reducing churn risk: frequency_orders, monetary_total, trend_spend_30_vs_90."
15695,"frequency_orders, monetary_total, recency_days","spend_last_60d, trend_orders_30_vs_90, orders_last_30d","Main churn-risk drivers: frequency_orders, monetary_total, recency_days. Main factors reducing churn risk: spend_last_60d, trend_orders_30_vs_90, orders_last_30d."
15696,"orders_last_60d, spend_last_90d, recency_days","frequency_orders, spend_last_60d, trend_orders_30_vs_90","Main churn-risk drivers: orders_last_60d, spend_last_90d, recency_days. Main factors reducing churn risk: frequency_orders, spend_last_60d, trend_orders_30_vs_90."
15700,"frequency_orders, orders_last_60d, monetary_total","trend_spend_30_vs_90, spend_last_60d, monetary_mean","Main churn-risk drivers: frequency_orders, orders_last_60d, monetary_total. Main factors reducing churn risk: trend_spend_30_vs_90, spend_last_60d, monetary_mean."
15701,"frequency_orders, monetary_total, spend_last_60d","recency_days, trend_orders_30_vs_90, monetary_mean","Main churn-risk drivers: frequency_orders, monetary_total, spend_last_60d. Main factors reducing churn risk: recency_days, trend_orders_30_vs_90, monetary_mean."
15703,"frequency_orders, monetary_total, recency_days","spend_last_60d, trend_orders_30_vs_90, orders_last_30d","Main churn-risk drivers: frequency_orders, monetary_total, recency_days. Main factors reducing churn risk: spend_last_60d, trend_orders_30_vs_90, orders_last_30d."
15704,"trend_orders_30_vs_90, spend_last_60d, orders_last_90d","orders_last_60d, monetary_total, recency_days","Main churn-risk drivers: trend_orders_30_vs_90, spend_last_60d, orders_last_90d. Main factors reducing churn risk: orders_last_60d, monetary_total, recency_days."
15705,"frequency_orders, monetary_total, orders_last_60d","spend_last_60d, trend_orders_30_vs_90, orders_last_30d","Main churn-risk drivers: frequency_orders, monetary_total, orders_last_60d. Main factors reducing churn risk: spend_last_60d, trend_orders_30_vs_90, orders_last_30d."
15706,"frequency_orders, monetary_total, orders_last_30d","recency_days, trend_orders_30_vs_90, monetary_mean","Main churn-risk drivers: frequency_orders, monetary_total, orders_last_30d. Main factors reducing churn risk: recency_days, trend_orders_30_vs_90, monetary_mean."
15708,"trend_orders_30_vs_90, spend_last_60d","frequency_orders, monetary_total, recency_days","Main churn-risk drivers: trend_orders_30_vs_90, spend_last_60d. Main factors reducing churn risk: frequency_orders, monetary_total, recency_days."
15709,"frequency_orders, monetary_total, recency_days","spend_last_60d, trend_orders_30_vs_90, orders_last_30d","Main churn-risk drivers: frequency_orders, monetary_total, recency_days. Main factors reducing churn risk: spend_last_60d, trend_orders_30_vs_90, orders_last_30d."
15712,"monetary_total, frequency_orders, orders_last_30d","recency_days, trend_orders_30_vs_90, orders_last_60d","Main churn-risk drivers: monetary_total, frequency_orders, orders_last_30d. Main factors reducing churn risk: recency_days, trend_orders_30_vs_90, orders_last_60d."
15713,"frequency_orders, monetary_total, trend_orders_30_vs_90","recency_days, trend_spend_30_vs_90, orders_last_30d","Main churn-risk drivers: frequency_orders, monetary_total, trend_orders_30_vs_90. Main factors reducing churn risk: recency_days, trend_spend_30_vs_90, orders_last_30d."
15716,"trend_orders_30_vs_90, monetary_total, spend_last_90d","trend_spend_30_vs_90, recency_days, frequency_orders","Main churn-risk drivers: trend_orders_30_vs_90, monetary_total, spend_last_90d. Main factors reducing churn risk: trend_spend_30_vs_90, recency_days, frequency_orders."
15717,"frequency_orders, monetary_total, orders_last_60d","spend_last_60d, trend_orders_30_vs_90, orders_last_30d","Main churn-risk drivers: frequency_orders, monetary_total, orders_last_60d. Main factors reducing churn risk: spend_last_60d, trend_orders_30_vs_90, orders_last_30d."
15719,"spend_last_60d, trend_orders_30_vs_90, orders_last_30d","frequency_orders, monetary_total, orders_last_60d","Main churn-risk drivers: spend_last_60d, trend_orders_30_vs_90, orders_last_30d. Main factors reducing churn risk: frequency_orders, monetary_total, orders_last_60d."
15722,"frequency_orders, orders_last_30d, spend_last_60d","recency_days, trend_orders_30_vs_90, orders_last_60d","Main churn-risk drivers: frequency_orders, orders_last_30d, spend_last_60d. Main factors reducing churn risk: recency_days, trend_orders_30_vs_90, orders_last_60d."
15723,"frequency_orders, recency_days, monetary_total","spend_last_60d, trend_orders_30_vs_90, monetary_mean","Main churn-risk drivers: frequency_orders, recency_days, monetary_total. Main factors reducing churn risk: spend_last_60d, trend_orders_30_vs_90, monetary_mean."
15724,"frequency_orders, monetary_total, orders_last_60d","spend_last_60d, trend_orders_30_vs_90, orders_last_30d","Main churn-risk drivers: frequency_orders, monetary_total, orders_last_60d. Main factors reducing churn risk: spend_last_60d, trend_orders_30_vs_90, orders_last_30d."
15727,"spend_last_60d, orders_last_30d, trend_orders_30_vs_90","monetary_total, frequency_orders, orders_last_60d","Main churn-risk drivers: spend_last_60d, orders_last_30d, trend_orders_30_vs_90. Main factors reducing churn risk: monetary_total, frequency_orders, orders_last_60d."
15729,"frequency_orders, monetary_total, orders_last_60d","spend_last_60d, trend_orders_30_vs_90, orders_last_30d","Main churn-risk drivers: frequency_orders, monetary_total, orders_last_60d. Main factors reducing churn risk: spend_last_60d, trend_orders_30_vs_90, orders_last_30d."
15730,"frequency_orders, monetary_total, orders_last_30d","recency_days, trend_orders_30_vs_90, orders_last_60d","Main churn-risk drivers: frequency_orders, monetary_total, orders_last_30d. Main factors reducing churn risk: recency_days, trend_orders_30_vs_90, orders_last_60d."
15732,"frequency_orders, monetary_total, orders_last_60d","spend_last_60d, trend_orders_30_vs_90, orders_last_30d","Main churn-risk drivers: frequency_orders, monetary_total, orders_last_60d. Main factors reducing churn risk: spend_last_60d, trend_orders_30_vs_90, orders_last_30d."
15733,"frequency_orders, monetary_total, recency_days","spend_last_60d, trend_orders_30_vs_90, orders_last_30d","Main churn-risk drivers: frequency_orders, monetary_total, recency_days. Main factors reducing churn risk: spend_last_60d, trend_orders_30_vs_90, orders_last_30d."
15734,"frequency_orders, spend_last_60d, orders_last_30d","recency_days, trend_orders_30_vs_90, orders_last_60d","Main churn-risk drivers: frequency_orders, spend_last_60d, orders_last_30d. Main factors reducing churn risk: recency_days, trend_orders_30_vs_90, orders_last_60d."
15737,"monetary_total, trend_orders_30_vs_90, spend_last_90d","frequency_orders, trend_spend_30_vs_90, recency_days","Main churn-risk drivers: monetary_total, trend_orders_30_vs_90, spend_last_90d. Main factors reducing churn risk: frequency_orders, trend_spend_30_vs_90, recency_days."
15738,"orders_last_30d, spend_last_60d, orders_last_90d","frequency_orders, monetary_total, orders_last_60d","Main churn-risk drivers: orders_last_30d, spend_last_60d, orders_last_90d. Main factors reducing churn risk: frequency_orders, monetary_total, orders_last_60d."
15743,"frequency_orders, monetary_total, orders_last_30d","recency_days, trend_orders_30_vs_90, spend_last_60d","Main churn-risk drivers: frequency_orders, monetary_total, orders_last_30d. Main factors reducing churn risk: recency_days, trend_orders_30_vs_90, spend_last_60d."
15745,"frequency_orders, monetary_total, orders_last_60d","spend_last_60d, trend_orders_30_vs_90, orders_last_30d","Main churn-risk drivers: frequency_orders, monetary_total, orders_last_60d. Main factors reducing churn risk: spend_last_60d, trend_orders_30_vs_90, orders_last_30d."
15746,"frequency_orders, monetary_total, trend_orders_30_vs_90","recency_days, trend_spend_30_vs_90, monetary_mean","Main churn-risk drivers: frequency_orders, monetary_total, trend_orders_30_vs_90. Main factors reducing churn risk: recency_days, trend_spend_30_vs_90, monetary_mean."
15747,"frequency_orders, monetary_total, orders_last_30d","recency_days, monetary_mean, orders_last_60d","Main churn-risk drivers: frequency_orders, monetary_total, orders_last_30d. Main factors reducing churn risk: recency_days, monetary_mean, orders_last_60d."
15749,"monetary_mean, monetary_median, orders_last_60d","monetary_total, spend_last_60d, trend_orders_30_vs_90","Main churn-risk drivers: monetary_mean, monetary_median, orders_last_60d. Main factors reducing churn risk: monetary_total, spend_last_60d, trend_orders_30_vs_90."
15750,"orders_last_60d, trend_orders_30_vs_90, monetary_total","trend_spend_30_vs_90, spend_last_60d, frequency_orders","Main churn-risk drivers: orders_last_60d, trend_orders_30_vs_90, monetary_total. Main factors reducing churn risk: trend_spend_30_vs_90, spend_last_60d, frequency_orders."
15752,"orders_last_30d, spend_last_60d, spend_last_30d","orders_last_60d, frequency_orders, recency_days","Main churn-risk drivers: orders_last_30d, spend_last_60d, spend_last_30d. Main factors reducing churn risk: orders_last_60d, frequency_orders, recency_days."
15753,"frequency_orders, recency_days, monetary_total","spend_last_60d, trend_orders_30_vs_90, orders_last_30d","Main churn-risk drivers: frequency_orders, recency_days, monetary_total. Main factors reducing churn risk: spend_last_60d, trend_orders_30_vs_90, orders_last_30d."
15754,"frequency_orders, monetary_total, orders_last_60d","spend_last_60d, trend_orders_30_vs_90, monetary_mean","Main churn-risk drivers: frequency_orders, monetary_total, orders_last_60d. Main factors reducing churn risk: spend_last_60d, trend_orders_30_vs_90, monetary_mean."
15755,"frequency_orders, monetary_total, orders_last_30d","recency_days, trend_orders_30_vs_90, orders_last_60d","Main churn-risk drivers: frequency_orders, monetary_total, orders_last_30d. Main factors reducing churn risk: recency_days, trend_orders_30_vs_90, orders_last_60d."
15756,"monetary_total, orders_last_60d, frequency_orders","trend_spend_30_vs_90, spend_last_60d, recency_days","Main churn-risk drivers: monetary_total, orders_last_60d, frequency_orders. Main factors reducing churn risk: trend_spend_30_vs_90, spend_last_60d, recency_days."
15757,"frequency_orders, monetary_total, orders_last_60d","spend_last_60d, trend_orders_30_vs_90, orders_last_30d","Main churn-risk drivers: frequency_orders, monetary_total, orders_last_60d. Main factors reducing churn risk: spend_last_60d, trend_orders_30_vs_90, orders_last_30d."
15759,"monetary_total, orders_last_60d, frequency_orders","spend_last_60d, trend_orders_30_vs_90, orders_last_30d","Main churn-risk drivers: monetary_total, orders_last_60d, frequency_orders. Main factors reducing churn risk: spend_last_60d, trend_orders_30_vs_90, orders_last_30d."
15764,"spend_last_60d, orders_last_30d, trend_spend_30_vs_90","monetary_total, frequency_orders, orders_last_60d","Main churn-risk drivers: spend_last_60d, orders_last_30d, trend_spend_30_vs_90. Main factors reducing churn risk: monetary_total, frequency_orders, orders_last_60d."
15768,"monetary_total, frequency_orders, orders_last_30d","recency_days, trend_orders_30_vs_90, spend_last_60d","Main churn-risk drivers: monetary_total, frequency_orders, orders_last_30d. Main factors reducing churn risk: recency_days, trend_orders_30_vs_90, spend_last_60d."
15769,"spend_last_60d, orders_last_30d, monetary_mean","monetary_total, frequency_orders, spend_last_90d","Main churn-risk drivers: spend_last_60d, orders_last_30d, monetary_mean. Main factors reducing churn risk: monetary_total, frequency_orders, spend_last_90d."
15775,"frequency_orders, monetary_total, orders_last_60d","spend_last_60d, trend_orders_30_vs_90, monetary_mean","Main churn-risk drivers: frequency_orders, monetary_total, orders_last_60d. Main factors reducing churn risk: spend_last_60d, trend_orders_30_vs_90, monetary_mean."
15776,"frequency_orders, monetary_total, trend_orders_30_vs_90","recency_days, trend_spend_30_vs_90, monetary_mean","Main churn-risk drivers: frequency_orders, monetary_total, trend_orders_30_vs_90. Main factors reducing churn risk: recency_days, trend_spend_30_vs_90, monetary_mean."
15777,"orders_last_60d, recency_days, monetary_total","spend_last_60d, frequency_orders, trend_orders_30_vs_90","Main churn-risk drivers: orders_last_60d, recency_days, monetary_total. Main factors reducing churn risk: spend_last_60d, frequency_orders, trend_orders_30_vs_90."
15780,"monetary_total, orders_last_60d, frequency_orders","spend_last_60d, trend_orders_30_vs_90, orders_last_30d","Main churn-risk drivers: monetary_total, orders_last_60d, frequency_orders. Main factors reducing churn risk: spend_last_60d, trend_orders_30_vs_90, orders_last_30d."
15781,"frequency_orders, monetary_total, trend_orders_30_vs_90","recency_days, trend_spend_30_vs_90, spend_last_60d","Main churn-risk drivers: frequency_orders, monetary_total, trend_orders_30_vs_90. Main factors reducing churn risk: recency_days, trend_spend_30_vs_90, spend_last_60d."
15785,"orders_last_60d, trend_orders_30_vs_90, spend_last_90d","trend_spend_30_vs_90, spend_last_60d, frequency_orders","Main churn-risk drivers: orders_last_60d, trend_orders_30_vs_90, spend_last_90d. Main factors reducing churn risk: trend_spend_30_vs_90, spend_last_60d, frequency_orders."
15786,"spend_last_60d, frequency_orders, spend_last_30d","spend_last_90d, monetary_total, recency_days","Main churn-risk drivers: spend_last_60d, frequency_orders, spend_last_30d. Main factors reducing churn risk: spend_last_90d, monetary_total, recency_days."
15789,"frequency_orders, recency_days, monetary_total","spend_last_60d, trend_orders_30_vs_90, monetary_mean","Main churn-risk drivers: frequency_orders, recency_days, monetary_total. Main factors reducing churn risk: spend_last_60d, trend_orders_30_vs_90, monetary_mean."
15791,"frequency_orders, orders_last_60d, spend_last_90d","spend_last_60d, trend_orders_30_vs_90, orders_last_30d","Main churn-risk drivers: frequency_orders, orders_last_60d, spend_last_90d. Main factors reducing churn risk: spend_last_60d, trend_orders_30_vs_90, orders_last_30d."
15793,"frequency_orders, monetary_total, recency_days","spend_last_60d, trend_orders_30_vs_90, orders_last_30d","Main churn-risk drivers: frequency_orders, monetary_total, recency_days. Main factors reducing churn risk: spend_last_60d, trend_orders_30_vs_90, orders_last_30d."
15795,"frequency_orders, monetary_total, trend_orders_30_vs_90","trend_spend_30_vs_90, recency_days, monetary_mean","Main churn-risk drivers: frequency_orders, monetary_total, trend_orders_30_vs_90. Main factors reducing churn risk: trend_spend_30_vs_90, recency_days, monetary_mean."
15796,"orders_last_30d, trend_spend_30_vs_90, spend_last_90d","frequency_orders, recency_days, trend_orders_30_vs_90","Main churn-risk drivers: orders_last_30d, trend_spend_30_vs_90, spend_last_90d. Main factors reducing churn risk: frequency_orders, recency_days, trend_orders_30_vs_90."
15797,"monetary_median, monetary_mean, orders_last_30d","recency_days, monetary_total, frequency_orders","Main churn-risk drivers: monetary_median, monetary_mean, orders_last_30d. Main factors reducing churn risk: recency_days, monetary_total, frequency_orders."
15799,"frequency_orders, monetary_total, orders_last_60d","spend_last_60d, trend_orders_30_vs_90, monetary_mean","Main churn-risk drivers: frequency_orders, monetary_total, orders_last_60d. Main factors reducing churn risk: spend_last_60d, trend_orders_30_vs_90, monetary_mean."
15800,"frequency_orders, monetary_total, orders_last_30d","recency_days, trend_orders_30_vs_90, monetary_mean","Main churn-risk drivers: frequency_orders, monetary_total, orders_last_30d. Main factors reducing churn risk: recency_days, trend_orders_30_vs_90, monetary_mean."
15801,"frequency_orders, monetary_total, orders_last_30d","recency_days, trend_orders_30_vs_90, spend_last_60d","Main churn-risk drivers: frequency_orders, monetary_total, orders_last_30d. Main factors reducing churn risk: recency_days, trend_orders_30_vs_90, spend_last_60d."
15802,"frequency_orders, monetary_mean, monetary_median","recency_days, trend_spend_30_vs_90, orders_last_30d","Main churn-risk drivers: frequency_orders, monetary_mean, monetary_median. Main factors reducing churn risk: recency_days, trend_spend_30_vs_90, orders_last_30d."
15804,"spend_last_60d, orders_last_30d, trend_orders_30_vs_90","orders_last_60d, frequency_orders, spend_last_90d","Main churn-risk drivers: spend_last_60d, orders_last_30d, trend_orders_30_vs_90. Main factors reducing churn risk: orders_last_60d, frequency_orders, spend_last_90d."
15805,"trend_orders_30_vs_90, orders_last_30d, spend_last_60d","frequency_orders, monetary_total, recency_days","Main churn-risk drivers: trend_orders_30_vs_90, orders_last_30d, spend_last_60d. Main factors reducing churn risk: frequency_orders, monetary_total, recency_days."
15806,"frequency_orders, monetary_total, orders_last_60d","trend_spend_30_vs_90, spend_last_60d, recency_days","Main churn-risk drivers: frequency_orders, monetary_total, orders_last_60d. Main factors reducing churn risk: trend_spend_30_vs_90, spend_last_60d, recency_days."
15808,"recency_days, orders_last_60d, spend_last_90d","monetary_total, spend_last_60d, frequency_orders","Main churn-risk drivers: recency_days, orders_last_60d, spend_last_90d. Main factors reducing churn risk: monetary_total, spend_last_60d, frequency_orders."
15809,"monetary_total, orders_last_60d, spend_last_90d","spend_last_60d, frequency_orders, trend_orders_30_vs_90","Main churn-risk drivers: monetary_total, orders_last_60d, spend_last_90d. Main factors reducing churn risk: spend_last_60d, frequency_orders, trend_orders_30_vs_90."
15810,"orders_last_60d, frequency_orders, trend_orders_30_vs_90","trend_spend_30_vs_90, spend_last_60d, orders_last_30d","Main churn-risk drivers: orders_last_60d, frequency_orders, trend_orders_30_vs_90. Main factors reducing churn risk: trend_spend_30_vs_90, spend_last_60d, orders_last_30d."
15811,"orders_last_30d, trend_spend_30_vs_90, spend_last_60d","frequency_orders, recency_days, trend_orders_30_vs_90","Main churn-risk drivers: orders_last_30d, trend_spend_30_vs_90, spend_last_60d. Main factors reducing churn risk: frequency_orders, recency_days, trend_orders_30_vs_90."
15812,"orders_last_30d, trend_orders_30_vs_90, orders_last_90d","frequency_orders, recency_days, trend_spend_30_vs_90","Main churn-risk drivers: orders_last_30d, trend_orders_30_vs_90, orders_last_90d. Main factors reducing churn risk: frequency_orders, recency_days, trend_spend_30_vs_90."
15813,"frequency_orders, orders_last_60d, spend_last_90d","spend_last_60d, trend_orders_30_vs_90, orders_last_30d","Main churn-risk drivers: frequency_orders, orders_last_60d, spend_last_90d. Main factors reducing churn risk: spend_last_60d, trend_orders_30_vs_90, orders_last_30d."
15815,"trend_orders_30_vs_90, spend_last_60d, spend_last_90d","recency_days, trend_spend_30_vs_90, frequency_orders","Main churn-risk drivers: trend_orders_30_vs_90, spend_last_60d, spend_last_90d. Main factors reducing churn risk: recency_days, trend_spend_30_vs_90, frequency_orders."
15819,"frequency_orders, trend_orders_30_vs_90, spend_last_90d","recency_days, trend_spend_30_vs_90, orders_last_30d","Main churn-risk drivers: frequency_orders, trend_orders_30_vs_90, spend_last_90d. Main factors reducing churn risk: recency_days, trend_spend_30_vs_90, orders_last_30d."
15820,"frequency_orders, recency_days, monetary_total","spend_last_60d, trend_orders_30_vs_90, monetary_mean","Main churn-risk drivers: frequency_orders, recency_days, monetary_total. Main factors reducing churn risk: spend_last_60d, trend_orders_30_vs_90, monetary_mean."
15822,"frequency_orders, recency_days, monetary_total","spend_last_60d, trend_orders_30_vs_90, orders_last_30d","Main churn-risk drivers: frequency_orders, recency_days, monetary_total. Main factors reducing churn risk: spend_last_60d, trend_orders_30_vs_90, orders_last_30d."
15823,"frequency_orders, recency_days, monetary_total","spend_last_60d, trend_orders_30_vs_90, monetary_mean","Main churn-risk drivers: frequency_orders, recency_days, monetary_total. Main factors reducing churn risk: spend_last_60d, trend_orders_30_vs_90, monetary_mean."
15825,"frequency_orders, monetary_total, orders_last_60d","trend_spend_30_vs_90, spend_last_60d, orders_last_30d","Main churn-risk drivers: frequency_orders, monetary_total, orders_last_60d. Main factors reducing churn risk: trend_spend_30_vs_90, spend_last_60d, orders_last_30d."
15826,"frequency_orders, orders_last_60d, monetary_total","spend_last_60d, trend_orders_30_vs_90, orders_last_30d","Main churn-risk drivers: frequency_orders, orders_last_60d, monetary_total. Main factors reducing churn risk: spend_last_60d, trend_orders_30_vs_90, orders_last_30d."
15827,"trend_orders_30_vs_90, orders_last_30d, spend_last_60d","frequency_orders, orders_last_60d, recency_days","Main churn-risk drivers: trend_orders_30_vs_90, orders_last_30d, spend_last_60d. Main factors reducing churn risk: frequency_orders, orders_last_60d, recency_days."
15829,"frequency_orders, monetary_total, orders_last_30d","orders_last_60d, recency_days, monetary_mean","Main churn-risk drivers: frequency_orders, monetary_total, orders_last_30d. Main factors reducing churn risk: orders_last_60d, recency_days, monetary_mean."
15831,"frequency_orders, monetary_total, trend_orders_30_vs_90","recency_days, trend_spend_30_vs_90, spend_last_60d","Main churn-risk drivers: frequency_orders, monetary_total, trend_orders_30_vs_90. Main factors reducing churn risk: recency_days, trend_spend_30_vs_90, spend_last_60d."
15832,"frequency_orders, orders_last_60d, recency_days","spend_last_60d, trend_orders_30_vs_90, orders_last_30d","Main churn-risk drivers: frequency_orders, orders_last_60d, recency_days. Main factors reducing churn risk: spend_last_60d, trend_orders_30_vs_90, orders_last_30d."
15834,"orders_last_60d, frequency_orders, trend_orders_30_vs_90","trend_spend_30_vs_90, spend_last_60d, monetary_mean","Main churn-risk drivers: orders_last_60d, frequency_orders, trend_orders_30_vs_90. Main factors reducing churn risk: trend_spend_30_vs_90, spend_last_60d, monetary_mean."
15835,"monetary_total, frequency_orders, trend_orders_30_vs_90","recency_days, trend_spend_30_vs_90, orders_last_30d","Main churn-risk drivers: monetary_total, frequency_orders, trend_orders_30_vs_90. Main factors reducing churn risk: recency_days, trend_spend_30_vs_90, orders_last_30d."
15838,"spend_last_60d, trend_orders_30_vs_90, orders_last_30d","monetary_total, frequency_orders, spend_last_90d","Main churn-risk drivers: spend_last_60d, trend_orders_30_vs_90, orders_last_30d. Main factors reducing churn risk: monetary_total, frequency_orders, spend_last_90d."
15839,"frequency_orders, monetary_total, trend_orders_30_vs_90","trend_spend_30_vs_90, recency_days, monetary_mean","Main churn-risk drivers: frequency_orders, monetary_total, trend_orders_30_vs_90. Main factors reducing churn risk: trend_spend_30_vs_90, recency_days, monetary_mean."
15840,"frequency_orders, monetary_total, orders_last_60d","trend_spend_30_vs_90, spend_last_60d, monetary_mean","Main churn-risk drivers: frequency_orders, monetary_total, orders_last_60d. Main factors reducing churn risk: trend_spend_30_vs_90, spend_last_60d, monetary_mean."
15841,"frequency_orders, monetary_total, orders_last_60d","spend_last_60d, trend_orders_30_vs_90, orders_last_30d","Main churn-risk drivers: frequency_orders, monetary_total, orders_last_60d. Main factors reducing churn risk: spend_last_60d, trend_orders_30_vs_90, orders_last_30d."
15843,"frequency_orders, recency_days, monetary_total","spend_last_60d, trend_orders_30_vs_90, monetary_mean","Main churn-risk drivers: frequency_orders, recency_days, monetary_total. Main factors reducing churn risk: spend_last_60d, trend_orders_30_vs_90, monetary_mean."
15845,"trend_orders_30_vs_90, spend_last_60d, orders_last_90d","frequency_orders, monetary_total, trend_spend_30_vs_90","Main churn-risk drivers: trend_orders_30_vs_90, spend_last_60d, orders_last_90d. Main factors reducing churn risk: frequency_orders, monetary_total, trend_spend_30_vs_90."
15847,"frequency_orders, monetary_total, recency_days","spend_last_60d, trend_orders_30_vs_90, orders_last_30d","Main churn-risk drivers: frequency_orders, monetary_total, recency_days. Main factors reducing churn risk: spend_last_60d, trend_orders_30_vs_90, orders_last_30d."
15850,"frequency_orders, monetary_total, orders_last_60d","trend_spend_30_vs_90, spend_last_60d, monetary_mean","Main churn-risk drivers: frequency_orders, monetary_total, orders_last_60d. Main factors reducing churn risk: trend_spend_30_vs_90, spend_last_60d, monetary_mean."
15852,"frequency_orders, monetary_total, orders_last_60d","spend_last_60d, trend_orders_30_vs_90, monetary_mean","Main churn-risk drivers: frequency_orders, monetary_total, orders_last_60d. Main factors reducing churn risk: spend_last_60d, trend_orders_30_vs_90, monetary_mean."
15854,"trend_orders_30_vs_90, orders_last_90d","frequency_orders, monetary_total, recency_days","Main churn-risk drivers: trend_orders_30_vs_90, orders_last_90d. Main factors reducing churn risk: frequency_orders, monetary_total, recency_days."
15855,"monetary_total, trend_orders_30_vs_90, spend_last_90d","frequency_orders, recency_days, trend_spend_30_vs_90","Main churn-risk drivers: monetary_total, trend_orders_30_vs_90, spend_last_90d. Main factors reducing churn risk: frequency_orders, recency_days, trend_spend_30_vs_90."
15856,"spend_last_60d, orders_last_30d, spend_last_30d","frequency_orders, monetary_total, orders_last_60d","Main churn-risk drivers: spend_last_60d, orders_last_30d, spend_last_30d. Main factors reducing churn risk: frequency_orders, monetary_total, orders_last_60d."
15858,"frequency_orders, recency_days, orders_last_60d","spend_last_60d, trend_orders_30_vs_90, monetary_mean","Main churn-risk drivers: frequency_orders, recency_days, orders_last_60d. Main factors reducing churn risk: spend_last_60d, trend_orders_30_vs_90, monetary_mean."
15860,"monetary_total, trend_orders_30_vs_90, orders_last_30d","orders_last_60d, frequency_orders, recency_days","Main churn-risk drivers: monetary_total, trend_orders_30_vs_90, orders_last_30d. Main factors reducing churn risk: orders_last_60d, frequency_orders, recency_days."
15861,"frequency_orders, trend_orders_30_vs_90, monetary_total","recency_days, trend_spend_30_vs_90, monetary_mean","Main churn-risk drivers: frequency_orders, trend_orders_30_vs_90, monetary_total. Main factors reducing churn risk: recency_days, trend_spend_30_vs_90, monetary_mean."
15862,"monetary_total, frequency_orders, orders_last_30d","recency_days, trend_orders_30_vs_90, monetary_mean","Main churn-risk drivers: monetary_total, frequency_orders, orders_last_30d. Main factors reducing churn risk: recency_days, trend_orders_30_vs_90, monetary_mean."
15863,"frequency_orders, monetary_total, orders_last_60d","spend_last_60d, trend_orders_30_vs_90, monetary_mean","Main churn-risk drivers: frequency_orders, monetary_total, orders_last_60d. Main factors reducing churn risk: spend_last_60d, trend_orders_30_vs_90, monetary_mean."
15864,"monetary_total, frequency_orders, orders_last_30d","recency_days, orders_last_60d, spend_last_90d","Main churn-risk drivers: monetary_total, frequency_orders, orders_last_30d. Main factors reducing churn risk: recency_days, orders_last_60d, spend_last_90d."
15865,"frequency_orders, monetary_total, orders_last_60d","spend_last_60d, trend_orders_30_vs_90, orders_last_30d","Main churn-risk drivers: frequency_orders, monetary_total, orders_last_60d. Main factors reducing churn risk: spend_last_60d, trend_orders_30_vs_90, orders_last_30d."
15866,"frequency_orders, monetary_total, orders_last_30d","recency_days, trend_orders_30_vs_90, monetary_mean","Main churn-risk drivers: frequency_orders, monetary_total, orders_last_30d. Main factors reducing churn risk: recency_days, trend_orders_30_vs_90, monetary_mean."
15867,"spend_last_60d, orders_last_30d, trend_orders_30_vs_90","frequency_orders, orders_last_60d, monetary_total","Main churn-risk drivers: spend_last_60d, orders_last_30d, trend_orders_30_vs_90. Main factors reducing churn risk: frequency_orders, orders_last_60d, monetary_total."
15869,"frequency_orders, monetary_total, recency_days","spend_last_60d, trend_orders_30_vs_90, monetary_mean","Main churn-risk drivers: frequency_orders, monetary_total, recency_days. Main factors reducing churn risk: spend_last_60d, trend_orders_30_vs_90, monetary_mean."
15874,"orders_last_60d, trend_orders_30_vs_90, spend_last_90d","frequency_orders, monetary_total, trend_spend_30_vs_90","Main churn-risk drivers: orders_last_60d, trend_orders_30_vs_90, spend_last_90d. Main factors reducing churn risk: frequency_orders, monetary_total, trend_spend_30_vs_90."
15880,"frequency_orders, recency_days, monetary_total","spend_last_60d, trend_orders_30_vs_90, monetary_mean","Main churn-risk drivers: frequency_orders, recency_days, monetary_total. Main factors reducing churn risk: spend_last_60d, trend_orders_30_vs_90, monetary_mean."
15881,"recency_days, monetary_total, orders_last_60d","frequency_orders, spend_last_60d, trend_orders_30_vs_90","Main churn-risk drivers: recency_days, monetary_total, orders_last_60d. Main factors reducing churn risk: frequency_orders, spend_last_60d, trend_orders_30_vs_90."
15882,"monetary_total, orders_last_60d, spend_last_90d","spend_last_60d, frequency_orders, trend_orders_30_vs_90","Main churn-risk drivers: monetary_total, orders_last_60d, spend_last_90d. Main factors reducing churn risk: spend_last_60d, frequency_orders, trend_orders_30_vs_90."
15885,"monetary_total, orders_last_30d, frequency_orders","orders_last_60d, recency_days, trend_orders_30_vs_90","Main churn-risk drivers: monetary_total, orders_last_30d, frequency_orders. Main factors reducing churn risk: orders_last_60d, recency_days, trend_orders_30_vs_90."
15889,"frequency_orders, monetary_total, orders_last_60d","trend_spend_30_vs_90, spend_last_60d, recency_days","Main churn-risk drivers: frequency_orders, monetary_total, orders_last_60d. Main factors reducing churn risk: trend_spend_30_vs_90, spend_last_60d, recency_days."
15891,"frequency_orders, monetary_total, orders_last_60d","spend_last_60d, trend_orders_30_vs_90, monetary_mean","Main churn-risk drivers: frequency_orders, monetary_total, orders_last_60d. Main factors reducing churn risk: spend_last_60d, trend_orders_30_vs_90, monetary_mean."
15894,"frequency_orders, monetary_total, orders_last_60d","spend_last_60d, trend_orders_30_vs_90, monetary_mean","Main churn-risk drivers: frequency_orders, monetary_total, orders_last_60d. Main factors reducing churn risk: spend_last_60d, trend_orders_30_vs_90, monetary_mean."
15895,"frequency_orders, monetary_total, trend_orders_30_vs_90","trend_spend_30_vs_90, recency_days, monetary_median","Main churn-risk drivers: frequency_orders, monetary_total, trend_orders_30_vs_90. Main factors reducing churn risk: trend_spend_30_vs_90, recency_days, monetary_median."
15897,"frequency_orders, monetary_total, orders_last_60d","spend_last_60d, trend_orders_30_vs_90, monetary_mean","Main churn-risk drivers: frequency_orders, monetary_total, orders_last_60d. Main factors reducing churn risk: spend_last_60d, trend_orders_30_vs_90, monetary_mean."
15898,"orders_last_60d, monetary_total, recency_days","spend_last_60d, frequency_orders, trend_orders_30_vs_90","Main churn-risk drivers: orders_last_60d, monetary_total, recency_days. Main factors reducing churn risk: spend_last_60d, frequency_orders, trend_orders_30_vs_90."
15899,"frequency_orders, recency_days, monetary_total","spend_last_60d, trend_orders_30_vs_90, monetary_mean","Main churn-risk drivers: frequency_orders, recency_days, monetary_total. Main factors reducing churn risk: spend_last_60d, trend_orders_30_vs_90, monetary_mean."
15901,"frequency_orders, monetary_total, orders_last_60d","trend_spend_30_vs_90, spend_last_60d, recency_days","Main churn-risk drivers: frequency_orders, monetary_total, orders_last_60d. Main factors reducing churn risk: trend_spend_30_vs_90, spend_last_60d, recency_days."
15903,"frequency_orders, orders_last_60d, monetary_total","spend_last_60d, trend_orders_30_vs_90, orders_last_30d","Main churn-risk drivers: frequency_orders, orders_last_60d, monetary_total. Main factors reducing churn risk: spend_last_60d, trend_orders_30_vs_90, orders_last_30d."
15906,"monetary_total, trend_orders_30_vs_90, spend_last_90d","recency_days, trend_spend_30_vs_90, frequency_orders","Main churn-risk drivers: monetary_total, trend_orders_30_vs_90, spend_last_90d. Main factors reducing churn risk: recency_days, trend_spend_30_vs_90, frequency_orders."
15907,"frequency_orders, monetary_total, orders_last_60d","trend_spend_30_vs_90, spend_last_60d, monetary_mean","Main churn-risk drivers: frequency_orders, monetary_total, orders_last_60d. Main factors reducing churn risk: trend_spend_30_vs_90, spend_last_60d, monetary_mean."
15909,"frequency_orders, monetary_total, orders_last_60d","trend_spend_30_vs_90, spend_last_60d, orders_last_30d","Main churn-risk drivers: frequency_orders, monetary_total, orders_last_60d. Main factors reducing churn risk: trend_spend_30_vs_90, spend_last_60d, orders_last_30d."
15910,"monetary_total, orders_last_30d, spend_last_90d","frequency_orders, recency_days, trend_orders_30_vs_90","Main churn-risk drivers: monetary_total, orders_last_30d, spend_last_90d. Main factors reducing churn risk: frequency_orders, recency_days, trend_orders_30_vs_90."
15912,"frequency_orders, monetary_total, orders_last_60d","trend_spend_30_vs_90, spend_last_60d, monetary_mean","Main churn-risk drivers: frequency_orders, monetary_total, orders_last_60d. Main factors reducing churn risk: trend_spend_30_vs_90, spend_last_60d, monetary_mean."
15916,"orders_last_60d, monetary_total, spend_last_90d","frequency_orders, spend_last_60d, trend_orders_30_vs_90","Main churn-risk drivers: orders_last_60d, monetary_total, spend_last_90d. Main factors reducing churn risk: frequency_orders, spend_last_60d, trend_orders_30_vs_90."
15917,"frequency_orders, monetary_total, orders_last_60d","spend_last_60d, trend_orders_30_vs_90, monetary_mean","Main churn-risk drivers: frequency_orders, monetary_total, orders_last_60d. Main factors reducing churn risk: spend_last_60d, trend_orders_30_vs_90, monetary_mean."
15918,"frequency_orders, monetary_total, orders_last_60d","spend_last_60d, trend_orders_30_vs_90, monetary_mean","Main churn-risk drivers: frequency_orders, monetary_total, orders_last_60d. Main factors reducing churn risk: spend_last_60d, trend_orders_30_vs_90, monetary_mean."
15919,"frequency_orders, recency_days, monetary_total","spend_last_60d, trend_orders_30_vs_90, monetary_mean","Main churn-risk drivers: frequency_orders, recency_days, monetary_total. Main factors reducing churn risk: spend_last_60d, trend_orders_30_vs_90, monetary_mean."
15920,"monetary_total, trend_orders_30_vs_90, orders_last_60d","trend_spend_30_vs_90, spend_last_60d, frequency_orders","Main churn-risk drivers: monetary_total, trend_orders_30_vs_90, orders_last_60d. Main factors reducing churn risk: trend_spend_30_vs_90, spend_last_60d, frequency_orders."
15921,"frequency_orders, monetary_total, orders_last_60d","trend_spend_30_vs_90, spend_last_60d, monetary_mean","Main churn-risk drivers: frequency_orders, monetary_total, orders_last_60d. Main factors reducing churn risk: trend_spend_30_vs_90, spend_last_60d, monetary_mean."
15922,"frequency_orders, recency_days, monetary_total","spend_last_60d, trend_orders_30_vs_90, orders_last_30d","Main churn-risk drivers: frequency_orders, recency_days, monetary_total. Main factors reducing churn risk: spend_last_60d, trend_orders_30_vs_90, orders_last_30d."
15923,"frequency_orders, recency_days, monetary_total","spend_last_60d, trend_orders_30_vs_90, monetary_mean","Main churn-risk drivers: frequency_orders, recency_days, monetary_total. Main factors reducing churn risk: spend_last_60d, trend_orders_30_vs_90, monetary_mean."
15925,"frequency_orders, monetary_total, orders_last_60d","spend_last_60d, trend_orders_30_vs_90, orders_last_30d","Main churn-risk drivers: frequency_orders, monetary_total, orders_last_60d. Main factors reducing churn risk: spend_last_60d, trend_orders_30_vs_90, orders_last_30d."
15932,"orders_last_30d, trend_orders_30_vs_90, orders_last_90d","frequency_orders, recency_days, orders_last_60d","Main churn-risk drivers: orders_last_30d, trend_orders_30_vs_90, orders_last_90d. Main factors reducing churn risk: frequency_orders, recency_days, orders_last_60d."
15935,"frequency_orders, monetary_total, orders_last_60d","spend_last_60d, trend_orders_30_vs_90, orders_last_30d","Main churn-risk drivers: frequency_orders, monetary_total, orders_last_60d. Main factors reducing churn risk: spend_last_60d, trend_orders_30_vs_90, orders_last_30d."
15938,"monetary_total, orders_last_30d, spend_last_90d","frequency_orders, recency_days, spend_last_60d","Main churn-risk drivers: monetary_total, orders_last_30d, spend_last_90d. Main factors reducing churn risk: frequency_orders, recency_days, spend_last_60d."
15939,"orders_last_30d, trend_orders_30_vs_90, spend_last_60d","frequency_orders, monetary_total, orders_last_60d","Main churn-risk drivers: orders_last_30d, trend_orders_30_vs_90, spend_last_60d. Main factors reducing churn risk: frequency_orders, monetary_total, orders_last_60d."
15940,"frequency_orders, recency_days, monetary_total","spend_last_60d, trend_orders_30_vs_90, orders_last_30d","Main churn-risk drivers: frequency_orders, recency_days, monetary_total. Main factors reducing churn risk: spend_last_60d, trend_orders_30_vs_90, orders_last_30d."
15942,"frequency_orders, monetary_total, trend_orders_30_vs_90","recency_days, trend_spend_30_vs_90, orders_last_30d","Main churn-risk drivers: frequency_orders, monetary_total, trend_orders_30_vs_90. Main factors reducing churn risk: recency_days, trend_spend_30_vs_90, orders_last_30d."
15944,"frequency_orders, monetary_total, recency_days","spend_last_60d, trend_orders_30_vs_90, orders_last_30d","Main churn-risk drivers: frequency_orders, monetary_total, recency_days. Main factors reducing churn risk: spend_last_60d, trend_orders_30_vs_90, orders_last_30d."
15945,"frequency_orders, recency_days, monetary_total","spend_last_60d, trend_orders_30_vs_90, orders_last_30d","Main churn-risk drivers: frequency_orders, recency_days, monetary_total. Main factors reducing churn risk: spend_last_60d, trend_orders_30_vs_90, orders_last_30d."
15950,"frequency_orders, monetary_total, orders_last_30d","recency_days, trend_orders_30_vs_90, orders_last_60d","Main churn-risk drivers: frequency_orders, monetary_total, orders_last_30d. Main factors reducing churn risk: recency_days, trend_orders_30_vs_90, orders_last_60d."
15951,"frequency_orders, recency_days, monetary_total","spend_last_60d, trend_orders_30_vs_90, orders_last_30d","Main churn-risk drivers: frequency_orders, recency_days, monetary_total. Main factors reducing churn risk: spend_last_60d, trend_orders_30_vs_90, orders_last_30d."
15952,"frequency_orders, monetary_total, orders_last_60d","trend_spend_30_vs_90, spend_last_60d, recency_days","Main churn-risk drivers: frequency_orders, monetary_total, orders_last_60d. Main factors reducing churn risk: trend_spend_30_vs_90, spend_last_60d, recency_days."
15953,"orders_last_60d, monetary_total, spend_last_90d","spend_last_60d, frequency_orders, trend_orders_30_vs_90","Main churn-risk drivers: orders_last_60d, monetary_total, spend_last_90d. Main factors reducing churn risk: spend_last_60d, frequency_orders, trend_orders_30_vs_90."
15955,"orders_last_30d, spend_last_60d, trend_spend_30_vs_90","orders_last_60d, frequency_orders, recency_days","Main churn-risk drivers: orders_last_30d, spend_last_60d, trend_spend_30_vs_90. Main factors reducing churn risk: orders_last_60d, frequency_orders, recency_days."
15965,"frequency_orders, recency_days, monetary_total","spend_last_60d, trend_orders_30_vs_90, monetary_mean","Main churn-risk drivers: frequency_orders, recency_days, monetary_total. Main factors reducing churn risk: spend_last_60d, trend_orders_30_vs_90, monetary_mean."
15967,"frequency_orders, recency_days, monetary_total","spend_last_60d, trend_orders_30_vs_90, monetary_mean","Main churn-risk drivers: frequency_orders, recency_days, monetary_total. Main factors reducing churn risk: spend_last_60d, trend_orders_30_vs_90, monetary_mean."
15969,"frequency_orders, monetary_total, orders_last_60d","spend_last_60d, trend_orders_30_vs_90, orders_last_30d","Main churn-risk drivers: frequency_orders, monetary_total, orders_last_60d. Main factors reducing churn risk: spend_last_60d, trend_orders_30_vs_90, orders_last_30d."
15970,"frequency_orders, recency_days, monetary_total","spend_last_60d, trend_orders_30_vs_90, orders_last_30d","Main churn-risk drivers: frequency_orders, recency_days, monetary_total. Main factors reducing churn risk: spend_last_60d, trend_orders_30_vs_90, orders_last_30d."
15971,"trend_orders_30_vs_90, spend_last_60d, orders_last_30d","frequency_orders, orders_last_60d, recency_days","Main churn-risk drivers: trend_orders_30_vs_90, spend_last_60d, orders_last_30d. Main factors reducing churn risk: frequency_orders, orders_last_60d, recency_days."
15973,"frequency_orders, recency_days, monetary_total","spend_last_60d, trend_orders_30_vs_90, orders_last_30d","Main churn-risk drivers: frequency_orders, recency_days, monetary_total. Main factors reducing churn risk: spend_last_60d, trend_orders_30_vs_90, orders_last_30d."
15974,"spend_last_60d, orders_last_30d, trend_orders_30_vs_90","frequency_orders, orders_last_60d, monetary_total","Main churn-risk drivers: spend_last_60d, orders_last_30d, trend_orders_30_vs_90. Main factors reducing churn risk: frequency_orders, orders_last_60d, monetary_total."
15976,"frequency_orders, monetary_total, orders_last_60d","trend_spend_30_vs_90, spend_last_60d, monetary_mean","Main churn-risk drivers: frequency_orders, monetary_total, orders_last_60d. Main factors reducing churn risk: trend_spend_30_vs_90, spend_last_60d, monetary_mean."
15980,"frequency_orders, orders_last_60d, recency_days","spend_last_60d, trend_orders_30_vs_90, orders_last_30d","Main churn-risk drivers: frequency_orders, orders_last_60d, recency_days. Main factors reducing churn risk: spend_last_60d, trend_orders_30_vs_90, orders_last_30d."
15981,"trend_orders_30_vs_90, orders_last_90d, spend_last_60d","frequency_orders, monetary_total, recency_days","Main churn-risk drivers: trend_orders_30_vs_90, orders_last_90d, spend_last_60d. Main factors reducing churn risk: frequency_orders, monetary_total, recency_days."
15983,"recency_days, orders_last_60d, frequency_orders","spend_last_60d, trend_orders_30_vs_90, monetary_mean","Main churn-risk drivers: recency_days, orders_last_60d, frequency_orders. Main factors reducing churn risk: spend_last_60d, trend_orders_30_vs_90, monetary_mean."
15984,"orders_last_30d, spend_last_60d, trend_spend_30_vs_90","frequency_orders, orders_last_60d, recency_days","Main churn-risk drivers: orders_last_30d, spend_last_60d, trend_spend_30_vs_90. Main factors reducing churn risk: frequency_orders, orders_last_60d, recency_days."
15985,"frequency_orders, trend_orders_30_vs_90, monetary_total","recency_days, trend_spend_30_vs_90, orders_last_30d","Main churn-risk drivers: frequency_orders, trend_orders_30_vs_90, monetary_total. Main factors reducing churn risk: recency_days, trend_spend_30_vs_90, orders_last_30d."
15987,"trend_orders_30_vs_90, spend_last_60d, monetary_total","frequency_orders, orders_last_60d, recency_days","Main churn-risk drivers: trend_orders_30_vs_90, spend_last_60d, monetary_total. Main factors reducing churn risk: frequency_orders, orders_last_60d, recency_days."
15990,"frequency_orders, recency_days, monetary_total","spend_last_60d, trend_orders_30_vs_90, orders_last_30d","Main churn-risk drivers: frequency_orders, recency_days, monetary_total. Main factors reducing churn risk: spend_last_60d, trend_orders_30_vs_90, orders_last_30d."
15996,"monetary_total, orders_last_30d, spend_last_90d","frequency_orders, recency_days, spend_last_60d","Main churn-risk drivers: monetary_total, orders_last_30d, spend_last_90d. Main factors reducing churn risk: frequency_orders, recency_days, spend_last_60d."
15998,"orders_last_60d, frequency_orders, trend_orders_30_vs_90","trend_spend_30_vs_90, spend_last_60d, monetary_total","Main churn-risk drivers: orders_last_60d, frequency_orders, trend_orders_30_vs_90. Main factors reducing churn risk: trend_spend_30_vs_90, spend_last_60d, monetary_total."
16003,"trend_orders_30_vs_90, frequency_orders, orders_last_90d","recency_days, trend_spend_30_vs_90, spend_last_60d","Main churn-risk drivers: trend_orders_30_vs_90, frequency_orders, orders_last_90d. Main factors reducing churn risk: recency_days, trend_spend_30_vs_90, spend_last_60d."
16005,"frequency_orders, monetary_total, orders_last_60d","spend_last_60d, trend_orders_30_vs_90, monetary_mean","Main churn-risk drivers: frequency_orders, monetary_total, orders_last_60d. Main factors reducing churn risk: spend_last_60d, trend_orders_30_vs_90, monetary_mean."
16006,"frequency_orders, monetary_total, orders_last_60d","spend_last_60d, trend_orders_30_vs_90, monetary_mean","Main churn-risk drivers: frequency_orders, monetary_total, orders_last_60d. Main factors reducing churn risk: spend_last_60d, trend_orders_30_vs_90, monetary_mean."
16007,"frequency_orders, orders_last_60d, monetary_total","spend_last_60d, trend_orders_30_vs_90, monetary_mean","Main churn-risk drivers: frequency_orders, orders_last_60d, monetary_total. Main factors reducing churn risk: spend_last_60d, trend_orders_30_vs_90, monetary_mean."
16008,"frequency_orders, monetary_total, orders_last_60d","spend_last_60d, trend_orders_30_vs_90, orders_last_30d","Main churn-risk drivers: frequency_orders, monetary_total, orders_last_60d. Main factors reducing churn risk: spend_last_60d, trend_orders_30_vs_90, orders_last_30d."
16009,"frequency_orders, monetary_total, orders_last_60d","trend_spend_30_vs_90, spend_last_60d, recency_days","Main churn-risk drivers: frequency_orders, monetary_total, orders_last_60d. Main factors reducing churn risk: trend_spend_30_vs_90, spend_last_60d, recency_days."
16010,"monetary_total, orders_last_60d, recency_days","spend_last_60d, trend_orders_30_vs_90, monetary_mean","Main churn-risk drivers: monetary_total, orders_last_60d, recency_days. Main factors reducing churn risk: spend_last_60d, trend_orders_30_vs_90, monetary_mean."
16011,"orders_last_30d, spend_last_60d, orders_last_90d","frequency_orders, orders_last_60d, recency_days","Main churn-risk drivers: orders_last_30d, spend_last_60d, orders_last_90d. Main factors reducing churn risk: frequency_orders, orders_last_60d, recency_days."
16012,"frequency_orders, trend_orders_30_vs_90, spend_last_60d","recency_days, trend_spend_30_vs_90, spend_last_90d","Main churn-risk drivers: frequency_orders, trend_orders_30_vs_90, spend_last_60d. Main factors reducing churn risk: recency_days, trend_spend_30_vs_90, spend_last_90d."
16013,"spend_last_60d, orders_last_30d, monetary_mean","frequency_orders, monetary_total, orders_last_60d","Main churn-risk drivers: spend_last_60d, orders_last_30d, monetary_mean. Main factors reducing churn risk: frequency_orders, monetary_total, orders_last_60d."
16014,"frequency_orders, monetary_total, orders_last_60d","trend_spend_30_vs_90, spend_last_60d, recency_days","Main churn-risk drivers: frequency_orders, monetary_total, orders_last_60d. Main factors reducing churn risk: trend_spend_30_vs_90, spend_last_60d, recency_days."
16016,"orders_last_60d, monetary_total, spend_last_90d","spend_last_60d, frequency_orders, trend_orders_30_vs_90","Main churn-risk drivers: orders_last_60d, monetary_total, spend_last_90d. Main factors reducing churn risk: spend_last_60d, frequency_orders, trend_orders_30_vs_90."
16018,"frequency_orders, monetary_total, orders_last_60d","trend_spend_30_vs_90, spend_last_60d, monetary_mean","Main churn-risk drivers: frequency_orders, monetary_total, orders_last_60d. Main factors reducing churn risk: trend_spend_30_vs_90, spend_last_60d, monetary_mean."
16019,"trend_orders_30_vs_90, spend_last_60d, spend_last_90d","frequency_orders, monetary_total, recency_days","Main churn-risk drivers: trend_orders_30_vs_90, spend_last_60d, spend_last_90d. Main factors reducing churn risk: frequency_orders, monetary_total, recency_days."
16022,"frequency_orders, recency_days, orders_last_60d","spend_last_60d, trend_orders_30_vs_90, monetary_mean","Main churn-risk drivers: frequency_orders, recency_days, orders_last_60d. Main factors reducing churn risk: spend_last_60d, trend_orders_30_vs_90, monetary_mean."
16023,"frequency_orders, monetary_total, orders_last_60d","spend_last_60d, trend_orders_30_vs_90, monetary_mean","Main churn-risk drivers: frequency_orders, monetary_total, orders_last_60d. Main factors reducing churn risk: spend_last_60d, trend_orders_30_vs_90, monetary_mean."
16027,"monetary_total, trend_orders_30_vs_90, orders_last_30d","frequency_orders, orders_last_60d, recency_days","Main churn-risk drivers: monetary_total, trend_orders_30_vs_90, orders_last_30d. Main factors reducing churn risk: frequency_orders, orders_last_60d, recency_days."
16029,"spend_last_60d, orders_last_30d, spend_last_30d","monetary_total, frequency_orders, orders_last_60d","Main churn-risk drivers: spend_last_60d, orders_last_30d, spend_last_30d. Main factors reducing churn risk: monetary_total, frequency_orders, orders_last_60d."
16030,"frequency_orders, recency_days, monetary_total","spend_last_60d, trend_orders_30_vs_90, monetary_mean","Main churn-risk drivers: frequency_orders, recency_days, monetary_total. Main factors reducing churn risk: spend_last_60d, trend_orders_30_vs_90, monetary_mean."
16031,"frequency_orders, monetary_total, orders_last_30d","recency_days, trend_orders_30_vs_90, monetary_mean","Main churn-risk drivers: frequency_orders, monetary_total, orders_last_30d. Main factors reducing churn risk: recency_days, trend_orders_30_vs_90, monetary_mean."
16033,"spend_last_60d, orders_last_30d, trend_orders_30_vs_90","frequency_orders, monetary_total, orders_last_60d","Main churn-risk drivers: spend_last_60d, orders_last_30d, trend_orders_30_vs_90. Main factors reducing churn risk: frequency_orders, monetary_total, orders_last_60d."
16034,"monetary_total, orders_last_60d, frequency_orders","spend_last_60d, trend_orders_30_vs_90, orders_last_30d","Main churn-risk drivers: monetary_total, orders_last_60d, frequency_orders. Main factors reducing churn risk: spend_last_60d, trend_orders_30_vs_90, orders_last_30d."
16036,"frequency_orders, monetary_total, recency_days","spend_last_60d, trend_orders_30_vs_90, orders_last_30d","Main churn-risk drivers: frequency_orders, monetary_total, recency_days. Main factors reducing churn risk: spend_last_60d, trend_orders_30_vs_90, orders_last_30d."
16037,"recency_days, orders_last_60d, monetary_total","spend_last_60d, trend_orders_30_vs_90, orders_last_30d","Main churn-risk drivers: recency_days, orders_last_60d, monetary_total. Main factors reducing churn risk: spend_last_60d, trend_orders_30_vs_90, orders_last_30d."
16038,"frequency_orders, monetary_total, orders_last_60d","trend_spend_30_vs_90, spend_last_60d, orders_last_30d","Main churn-risk drivers: frequency_orders, monetary_total, orders_last_60d. Main factors reducing churn risk: trend_spend_30_vs_90, spend_last_60d, orders_last_30d."
16040,"frequency_orders, monetary_total, trend_orders_30_vs_90","trend_spend_30_vs_90, recency_days, orders_last_30d","Main churn-risk drivers: frequency_orders, monetary_total, trend_orders_30_vs_90. Main factors reducing churn risk: trend_spend_30_vs_90, recency_days, orders_last_30d."
16041,"spend_last_60d, monetary_mean, monetary_median","spend_last_90d, orders_last_60d, monetary_total","Main churn-risk drivers: spend_last_60d, monetary_mean, monetary_median. Main factors reducing churn risk: spend_last_90d, orders_last_60d, monetary_total."
16042,"frequency_orders, monetary_total, orders_last_30d","recency_days, trend_orders_30_vs_90, orders_last_60d","Main churn-risk drivers: frequency_orders, monetary_total, orders_last_30d. Main factors reducing churn risk: recency_days, trend_orders_30_vs_90, orders_last_60d."
16043,"orders_last_60d, monetary_total, frequency_orders","spend_last_60d, trend_orders_30_vs_90, orders_last_30d","Main churn-risk drivers: orders_last_60d, monetary_total, frequency_orders. Main factors reducing churn risk: spend_last_60d, trend_orders_30_vs_90, orders_last_30d."
16045,"orders_last_30d, monetary_total, trend_orders_30_vs_90","recency_days, frequency_orders, orders_last_60d","Main churn-risk drivers: orders_last_30d, monetary_total, trend_orders_30_vs_90. Main factors reducing churn risk: recency_days, frequency_orders, orders_last_60d."
16048,"recency_days, frequency_orders, monetary_total","spend_last_60d, trend_orders_30_vs_90, orders_last_30d","Main churn-risk drivers: recency_days, frequency_orders, monetary_total. Main factors reducing churn risk: spend_last_60d, trend_orders_30_vs_90, orders_last_30d."
16050,"frequency_orders, monetary_total, orders_last_60d","trend_spend_30_vs_90, spend_last_60d, monetary_mean","Main churn-risk drivers: frequency_orders, monetary_total, orders_last_60d. Main factors reducing churn risk: trend_spend_30_vs_90, spend_last_60d, monetary_mean."
16053,"frequency_orders, spend_last_60d, trend_orders_30_vs_90","recency_days, trend_spend_30_vs_90, spend_last_90d","Main churn-risk drivers: frequency_orders, spend_last_60d, trend_orders_30_vs_90. Main factors reducing churn risk: recency_days, trend_spend_30_vs_90, spend_last_90d."
16054,"frequency_orders, monetary_total, spend_last_60d","trend_spend_30_vs_90, recency_days, monetary_mean","Main churn-risk drivers: frequency_orders, monetary_total, spend_last_60d. Main factors reducing churn risk: trend_spend_30_vs_90, recency_days, monetary_mean."
16055,"frequency_orders, monetary_total, orders_last_60d","spend_last_60d, trend_orders_30_vs_90, orders_last_30d","Main churn-risk drivers: frequency_orders, monetary_total, orders_last_60d. Main factors reducing churn risk: spend_last_60d, trend_orders_30_vs_90, orders_last_30d."
16057,"orders_last_30d, trend_spend_30_vs_90, spend_last_60d","orders_last_60d, frequency_orders, recency_days","Main churn-risk drivers: orders_last_30d, trend_spend_30_vs_90, spend_last_60d. Main factors reducing churn risk: orders_last_60d, frequency_orders, recency_days."
16059,"orders_last_60d, monetary_total, trend_orders_30_vs_90","trend_spend_30_vs_90, spend_last_60d, frequency_orders","Main churn-risk drivers: orders_last_60d, monetary_total, trend_orders_30_vs_90. Main factors reducing churn risk: trend_spend_30_vs_90, spend_last_60d, frequency_orders."
16062,"monetary_total, frequency_orders, trend_orders_30_vs_90","recency_days, trend_spend_30_vs_90, orders_last_30d","Main churn-risk drivers: monetary_total, frequency_orders, trend_orders_30_vs_90. Main factors reducing churn risk: recency_days, trend_spend_30_vs_90, orders_last_30d."
16063,"frequency_orders, monetary_total, recency_days","spend_last_60d, trend_orders_30_vs_90, monetary_mean","Main churn-risk drivers: frequency_orders, monetary_total, recency_days. Main factors reducing churn risk: spend_last_60d, trend_orders_30_vs_90, monetary_mean."
16065,"frequency_orders, recency_days, monetary_total","spend_last_60d, trend_orders_30_vs_90, monetary_mean","Main churn-risk drivers: frequency_orders, recency_days, monetary_total. Main factors reducing churn risk: spend_last_60d, trend_orders_30_vs_90, monetary_mean."
16066,"frequency_orders, monetary_total, trend_orders_30_vs_90","recency_days, trend_spend_30_vs_90, orders_last_30d","Main churn-risk drivers: frequency_orders, monetary_total, trend_orders_30_vs_90. Main factors reducing churn risk: recency_days, trend_spend_30_vs_90, orders_last_30d."
16072,"frequency_orders, recency_days, monetary_total","spend_last_60d, trend_orders_30_vs_90, orders_last_30d","Main churn-risk drivers: frequency_orders, recency_days, monetary_total. Main factors reducing churn risk: spend_last_60d, trend_orders_30_vs_90, orders_last_30d."
16073,"frequency_orders, recency_days, monetary_total","spend_last_60d, trend_orders_30_vs_90, orders_last_30d","Main churn-risk drivers: frequency_orders, recency_days, monetary_total. Main factors reducing churn risk: spend_last_60d, trend_orders_30_vs_90, orders_last_30d."
16076,"orders_last_30d, spend_last_60d, monetary_total","orders_last_60d, frequency_orders, recency_days","Main churn-risk drivers: orders_last_30d, spend_last_60d, monetary_total. Main factors reducing churn risk: orders_last_60d, frequency_orders, recency_days."
16078,"frequency_orders, monetary_total, recency_days","spend_last_60d, trend_orders_30_vs_90, orders_last_30d","Main churn-risk drivers: frequency_orders, monetary_total, recency_days. Main factors reducing churn risk: spend_last_60d, trend_orders_30_vs_90, orders_last_30d."
16080,"frequency_orders, monetary_total, recency_days","spend_last_60d, trend_orders_30_vs_90, orders_last_30d","Main churn-risk drivers: frequency_orders, monetary_total, recency_days. Main factors reducing churn risk: spend_last_60d, trend_orders_30_vs_90, orders_last_30d."
16081,"orders_last_60d, monetary_total, frequency_orders","spend_last_60d, trend_orders_30_vs_90, orders_last_30d","Main churn-risk drivers: orders_last_60d, monetary_total, frequency_orders. Main factors reducing churn risk: spend_last_60d, trend_orders_30_vs_90, orders_last_30d."
16083,"frequency_orders, spend_last_60d, orders_last_30d","recency_days, trend_orders_30_vs_90, spend_last_90d","Main churn-risk drivers: frequency_orders, spend_last_60d, orders_last_30d. Main factors reducing churn risk: recency_days, trend_orders_30_vs_90, spend_last_90d."
16084,"frequency_orders, recency_days, monetary_total","spend_last_60d, trend_orders_30_vs_90, monetary_mean","Main churn-risk drivers: frequency_orders, recency_days, monetary_total. Main factors reducing churn risk: spend_last_60d, trend_orders_30_vs_90, monetary_mean."
16085,"frequency_orders, monetary_total, orders_last_60d","spend_last_60d, trend_orders_30_vs_90, monetary_mean","Main churn-risk drivers: frequency_orders, monetary_total, orders_last_60d. Main factors reducing churn risk: spend_last_60d, trend_orders_30_vs_90, monetary_mean."
16086,"monetary_total, orders_last_30d, trend_spend_30_vs_90","recency_days, frequency_orders, trend_orders_30_vs_90","Main churn-risk drivers: monetary_total, orders_last_30d, trend_spend_30_vs_90. Main factors reducing churn risk: recency_days, frequency_orders, trend_orders_30_vs_90."
16091,"frequency_orders, monetary_total, orders_last_60d","trend_spend_30_vs_90, spend_last_60d, recency_days","Main churn-risk drivers: frequency_orders, monetary_total, orders_last_60d. Main factors reducing churn risk: trend_spend_30_vs_90, spend_last_60d, recency_days."
16092,"monetary_total, frequency_orders, orders_last_30d","recency_days, trend_orders_30_vs_90, orders_last_60d","Main churn-risk drivers: monetary_total, frequency_orders, orders_last_30d. Main factors reducing churn risk: recency_days, trend_orders_30_vs_90, orders_last_60d."
16093,"frequency_orders, monetary_total, spend_last_90d","recency_days, spend_last_60d, trend_orders_30_vs_90","Main churn-risk drivers: frequency_orders, monetary_total, spend_last_90d. Main factors reducing churn risk: recency_days, spend_last_60d, trend_orders_30_vs_90."
16094,"frequency_orders, monetary_total, orders_last_60d","spend_last_60d, trend_orders_30_vs_90, orders_last_30d","Main churn-risk drivers: frequency_orders, monetary_total, orders_last_60d. Main factors reducing churn risk: spend_last_60d, trend_orders_30_vs_90, orders_last_30d."
16096,"frequency_orders, monetary_total, recency_days","spend_last_60d, trend_orders_30_vs_90, orders_last_30d","Main churn-risk drivers: frequency_orders, monetary_total, recency_days. Main factors reducing churn risk: spend_last_60d, trend_orders_30_vs_90, orders_last_30d."
16097,"frequency_orders, monetary_total, orders_last_60d","spend_last_60d, trend_orders_30_vs_90, orders_last_30d","Main churn-risk drivers: frequency_orders, monetary_total, orders_last_60d. Main factors reducing churn risk: spend_last_60d, trend_orders_30_vs_90, orders_last_30d."
16098,"trend_orders_30_vs_90, orders_last_90d, spend_last_90d","frequency_orders, recency_days, trend_spend_30_vs_90","Main churn-risk drivers: trend_orders_30_vs_90, orders_last_90d, spend_last_90d. Main factors reducing churn risk: frequency_orders, recency_days, trend_spend_30_vs_90."
16099,"frequency_orders, monetary_total, trend_orders_30_vs_90","recency_days, trend_spend_30_vs_90, orders_last_30d","Main churn-risk drivers: frequency_orders, monetary_total, trend_orders_30_vs_90. Main factors reducing churn risk: recency_days, trend_spend_30_vs_90, orders_last_30d."
16102,"frequency_orders, spend_last_60d, orders_last_30d","orders_last_60d, recency_days, spend_last_90d","Main churn-risk drivers: frequency_orders, spend_last_60d, orders_last_30d. Main factors reducing churn risk: orders_last_60d, recency_days, spend_last_90d."
16103,"orders_last_60d, trend_orders_30_vs_90, monetary_total","trend_spend_30_vs_90, spend_last_60d, frequency_orders","Main churn-risk drivers: orders_last_60d, trend_orders_30_vs_90, monetary_total. Main factors reducing churn risk: trend_spend_30_vs_90, spend_last_60d, frequency_orders."
16105,"frequency_orders, monetary_total, orders_last_60d","spend_last_60d, trend_orders_30_vs_90, orders_last_30d","Main churn-risk drivers: frequency_orders, monetary_total, orders_last_60d. Main factors reducing churn risk: spend_last_60d, trend_orders_30_vs_90, orders_last_30d."
16107,"spend_last_60d, frequency_orders, orders_last_30d","orders_last_60d, recency_days, spend_last_90d","Main churn-risk drivers: spend_last_60d, frequency_orders, orders_last_30d. Main factors reducing churn risk: orders_last_60d, recency_days, spend_last_90d."
16109,"frequency_orders, monetary_total, orders_last_60d","spend_last_60d, trend_orders_30_vs_90, orders_last_30d","Main churn-risk drivers: frequency_orders, monetary_total, orders_last_60d. Main factors reducing churn risk: spend_last_60d, trend_orders_30_vs_90, orders_last_30d."
16110,"frequency_orders, recency_days, orders_last_60d","spend_last_60d, trend_orders_30_vs_90, monetary_mean","Main churn-risk drivers: frequency_orders, recency_days, orders_last_60d. Main factors reducing churn risk: spend_last_60d, trend_orders_30_vs_90, monetary_mean."
16112,"monetary_total, trend_orders_30_vs_90, spend_last_90d","recency_days, trend_spend_30_vs_90, frequency_orders","Main churn-risk drivers: monetary_total, trend_orders_30_vs_90, spend_last_90d. Main factors reducing churn risk: recency_days, trend_spend_30_vs_90, frequency_orders."
16113,"frequency_orders, monetary_total, orders_last_60d","spend_last_60d, trend_orders_30_vs_90, monetary_mean","Main churn-risk drivers: frequency_orders, monetary_total, orders_last_60d. Main factors reducing churn risk: spend_last_60d, trend_orders_30_vs_90, monetary_mean."
16114,"frequency_orders, monetary_total, orders_last_60d","trend_spend_30_vs_90, spend_last_60d, orders_last_30d","Main churn-risk drivers: frequency_orders, monetary_total, orders_last_60d. Main factors reducing churn risk: trend_spend_30_vs_90, spend_last_60d, orders_last_30d."
16115,"monetary_total, orders_last_30d, trend_orders_30_vs_90","frequency_orders, recency_days, monetary_mean","Main churn-risk drivers: monetary_total, orders_last_30d, trend_orders_30_vs_90. Main factors reducing churn risk: frequency_orders, recency_days, monetary_mean."
16116,"frequency_orders, monetary_total, orders_last_60d","spend_last_60d, trend_orders_30_vs_90, orders_last_30d","Main churn-risk drivers: frequency_orders, monetary_total, orders_last_60d. Main factors reducing churn risk: spend_last_60d, trend_orders_30_vs_90, orders_last_30d."
16117,"frequency_orders, monetary_total, orders_last_60d","spend_last_60d, trend_orders_30_vs_90, monetary_mean","Main churn-risk drivers: frequency_orders, monetary_total, orders_last_60d. Main factors reducing churn risk: spend_last_60d, trend_orders_30_vs_90, monetary_mean."
16121,"frequency_orders, monetary_total, orders_last_60d","spend_last_60d, trend_orders_30_vs_90, monetary_mean","Main churn-risk drivers: frequency_orders, monetary_total, orders_last_60d. Main factors reducing churn risk: spend_last_60d, trend_orders_30_vs_90, monetary_mean."
16122,"monetary_total, frequency_orders, orders_last_30d","recency_days, trend_orders_30_vs_90, monetary_mean","Main churn-risk drivers: monetary_total, frequency_orders, orders_last_30d. Main factors reducing churn risk: recency_days, trend_orders_30_vs_90, monetary_mean."
16124,"frequency_orders, recency_days, monetary_total","spend_last_60d, trend_orders_30_vs_90, orders_last_30d","Main churn-risk drivers: frequency_orders, recency_days, monetary_total. Main factors reducing churn risk: spend_last_60d, trend_orders_30_vs_90, orders_last_30d."
16125,"frequency_orders, recency_days, monetary_total","spend_last_60d, trend_orders_30_vs_90, orders_last_30d","Main churn-risk drivers: frequency_orders, recency_days, monetary_total. Main factors reducing churn risk: spend_last_60d, trend_orders_30_vs_90, orders_last_30d."
16126,"spend_last_60d, frequency_orders, orders_last_30d","monetary_total, spend_last_90d, recency_days","Main churn-risk drivers: spend_last_60d, frequency_orders, orders_last_30d. Main factors reducing churn risk: monetary_total, spend_last_90d, recency_days."
16128,"frequency_orders, monetary_total, trend_orders_30_vs_90","recency_days, trend_spend_30_vs_90, orders_last_30d","Main churn-risk drivers: frequency_orders, monetary_total, trend_orders_30_vs_90. Main factors reducing churn risk: recency_days, trend_spend_30_vs_90, orders_last_30d."
16131,"orders_last_30d, trend_spend_30_vs_90, spend_last_60d","orders_last_60d, recency_days, monetary_total","Main churn-risk drivers: orders_last_30d, trend_spend_30_vs_90, spend_last_60d. Main factors reducing churn risk: orders_last_60d, recency_days, monetary_total."
16133,"spend_last_60d, orders_last_30d, orders_last_90d","frequency_orders, orders_last_60d, monetary_total","Main churn-risk drivers: spend_last_60d, orders_last_30d, orders_last_90d. Main factors reducing churn risk: frequency_orders, orders_last_60d, monetary_total."
16134,"frequency_orders, recency_days, monetary_total","spend_last_60d, trend_orders_30_vs_90, orders_last_30d","Main churn-risk drivers: frequency_orders, recency_days, monetary_total. Main factors reducing churn risk: spend_last_60d, trend_orders_30_vs_90, orders_last_30d."
16135,"frequency_orders, monetary_total, recency_days","spend_last_60d, trend_orders_30_vs_90, orders_last_30d","Main churn-risk drivers: frequency_orders, monetary_total, recency_days. Main factors reducing churn risk: spend_last_60d, trend_orders_30_vs_90, orders_last_30d."
16136,"frequency_orders, monetary_total, recency_days","spend_last_60d, trend_orders_30_vs_90, orders_last_30d","Main churn-risk drivers: frequency_orders, monetary_total, recency_days. Main factors reducing churn risk: spend_last_60d, trend_orders_30_vs_90, orders_last_30d."
16139,"frequency_orders, monetary_total, orders_last_30d","recency_days, trend_orders_30_vs_90, spend_last_60d","Main churn-risk drivers: frequency_orders, monetary_total, orders_last_30d. Main factors reducing churn risk: recency_days, trend_orders_30_vs_90, spend_last_60d."
16140,"frequency_orders, recency_days, monetary_total","spend_last_60d, trend_orders_30_vs_90, orders_last_30d","Main churn-risk drivers: frequency_orders, recency_days, monetary_total. Main factors reducing churn risk: spend_last_60d, trend_orders_30_vs_90, orders_last_30d."
16142,"frequency_orders, monetary_total, orders_last_60d","spend_last_60d, trend_orders_30_vs_90, monetary_mean","Main churn-risk drivers: frequency_orders, monetary_total, orders_last_60d. Main factors reducing churn risk: spend_last_60d, trend_orders_30_vs_90, monetary_mean."
16143,"orders_last_30d, trend_spend_30_vs_90, spend_last_90d","frequency_orders, recency_days, trend_orders_30_vs_90","Main churn-risk drivers: orders_last_30d, trend_spend_30_vs_90, spend_last_90d. Main factors reducing churn risk: frequency_orders, recency_days, trend_orders_30_vs_90."
16144,"frequency_orders, monetary_total, orders_last_60d","spend_last_60d, trend_orders_30_vs_90, orders_last_30d","Main churn-risk drivers: frequency_orders, monetary_total, orders_last_60d. Main factors reducing churn risk: spend_last_60d, trend_orders_30_vs_90, orders_last_30d."
16145,"trend_orders_30_vs_90, orders_last_30d, spend_last_60d","frequency_orders, orders_last_60d, recency_days","Main churn-risk drivers: trend_orders_30_vs_90, orders_last_30d, spend_last_60d. Main factors reducing churn risk: frequency_orders, orders_last_60d, recency_days."
16146,"orders_last_60d, monetary_total, frequency_orders","trend_spend_30_vs_90, spend_last_60d, recency_days","Main churn-risk drivers: orders_last_60d, monetary_total, frequency_orders. Main factors reducing churn risk: trend_spend_30_vs_90, spend_last_60d, recency_days."
16147,"frequency_orders, monetary_total, trend_orders_30_vs_90","recency_days, trend_spend_30_vs_90, orders_last_30d","Main churn-risk drivers: frequency_orders, monetary_total, trend_orders_30_vs_90. Main factors reducing churn risk: recency_days, trend_spend_30_vs_90, orders_last_30d."
16148,"frequency_orders, monetary_total, recency_days","spend_last_60d, trend_orders_30_vs_90, orders_last_30d","Main churn-risk drivers: frequency_orders, monetary_total, recency_days. Main factors reducing churn risk: spend_last_60d, trend_orders_30_vs_90, orders_last_30d."
16149,"frequency_orders, monetary_total, trend_orders_30_vs_90","recency_days, trend_spend_30_vs_90, spend_last_60d","Main churn-risk drivers: frequency_orders, monetary_total, trend_orders_30_vs_90. Main factors reducing churn risk: recency_days, trend_spend_30_vs_90, spend_last_60d."
16150,"frequency_orders, trend_orders_30_vs_90, monetary_total","recency_days, trend_spend_30_vs_90, orders_last_30d","Main churn-risk drivers: frequency_orders, trend_orders_30_vs_90, monetary_total. Main factors reducing churn risk: recency_days, trend_spend_30_vs_90, orders_last_30d."
16152,"frequency_orders, recency_days, orders_last_60d","spend_last_60d, trend_orders_30_vs_90, orders_last_30d","Main churn-risk drivers: frequency_orders, recency_days, orders_last_60d. Main factors reducing churn risk: spend_last_60d, trend_orders_30_vs_90, orders_last_30d."
16153,"monetary_total, orders_last_30d, trend_spend_30_vs_90","recency_days, frequency_orders, trend_orders_30_vs_90","Main churn-risk drivers: monetary_total, orders_last_30d, trend_spend_30_vs_90. Main factors reducing churn risk: recency_days, frequency_orders, trend_orders_30_vs_90."
16156,"orders_last_60d, trend_orders_30_vs_90, monetary_total","frequency_orders, trend_spend_30_vs_90, spend_last_60d","Main churn-risk drivers: orders_last_60d, trend_orders_30_vs_90, monetary_total. Main factors reducing churn risk: frequency_orders, trend_spend_30_vs_90, spend_last_60d."
16159,"frequency_orders, recency_days, monetary_total","spend_last_60d, trend_orders_30_vs_90, orders_last_30d","Main churn-risk drivers: frequency_orders, recency_days, monetary_total. Main factors reducing churn risk: spend_last_60d, trend_orders_30_vs_90, orders_last_30d."
16161,"trend_orders_30_vs_90, spend_last_60d, orders_last_90d","frequency_orders, monetary_total, recency_days","Main churn-risk drivers: trend_orders_30_vs_90, spend_last_60d, orders_last_90d. Main factors reducing churn risk: frequency_orders, monetary_total, recency_days."
16162,"frequency_orders, monetary_total, orders_last_60d","spend_last_60d, trend_orders_30_vs_90, orders_last_30d","Main churn-risk drivers: frequency_orders, monetary_total, orders_last_60d. Main factors reducing churn risk: spend_last_60d, trend_orders_30_vs_90, orders_last_30d."
16163,"frequency_orders, orders_last_60d, monetary_total","spend_last_60d, trend_orders_30_vs_90, orders_last_30d","Main churn-risk drivers: frequency_orders, orders_last_60d, monetary_total. Main factors reducing churn risk: spend_last_60d, trend_orders_30_vs_90, orders_last_30d."
16168,"orders_last_30d, spend_last_60d, orders_last_90d","frequency_orders, orders_last_60d, recency_days","Main churn-risk drivers: orders_last_30d, spend_last_60d, orders_last_90d. Main factors reducing churn risk: frequency_orders, orders_last_60d, recency_days."
16170,"orders_last_30d, spend_last_60d, trend_orders_30_vs_90","frequency_orders, orders_last_60d, recency_days","Main churn-risk drivers: orders_last_30d, spend_last_60d, trend_orders_30_vs_90. Main factors reducing churn risk: frequency_orders, orders_last_60d, recency_days."
16172,"orders_last_30d, monetary_total, trend_orders_30_vs_90","orders_last_60d, frequency_orders, recency_days","Main churn-risk drivers: orders_last_30d, monetary_total, trend_orders_30_vs_90. Main factors reducing churn risk: orders_last_60d, frequency_orders, recency_days."
16173,"frequency_orders, orders_last_30d, monetary_total","orders_last_60d, recency_days, trend_orders_30_vs_90","Main churn-risk drivers: frequency_orders, orders_last_30d, monetary_total. Main factors reducing churn risk: orders_last_60d, recency_days, trend_orders_30_vs_90."
16174,"trend_orders_30_vs_90, monetary_total, frequency_orders","orders_last_60d, recency_days, trend_spend_30_vs_90","Main churn-risk drivers: trend_orders_30_vs_90, monetary_total, frequency_orders. Main factors reducing churn risk: orders_last_60d, recency_days, trend_spend_30_vs_90."
16175,"monetary_total, orders_last_30d, trend_orders_30_vs_90","recency_days, frequency_orders, orders_last_60d","Main churn-risk drivers: monetary_total, orders_last_30d, trend_orders_30_vs_90. Main factors reducing churn risk: recency_days, frequency_orders, orders_last_60d."
16178,"frequency_orders, monetary_total, trend_orders_30_vs_90","recency_days, trend_spend_30_vs_90, orders_last_30d","Main churn-risk drivers: frequency_orders, monetary_total, trend_orders_30_vs_90. Main factors reducing churn risk: recency_days, trend_spend_30_vs_90, orders_last_30d."
16180,"spend_last_60d, trend_orders_30_vs_90, orders_last_30d","monetary_total, spend_last_90d, frequency_orders","Main churn-risk drivers: spend_last_60d, trend_orders_30_vs_90, orders_last_30d. Main factors reducing churn risk: monetary_total, spend_last_90d, frequency_orders."
16182,"spend_last_60d, monetary_median, monetary_mean","monetary_total, spend_last_90d, recency_days","Main churn-risk drivers: spend_last_60d, monetary_median, monetary_mean. Main factors reducing churn risk: monetary_total, spend_last_90d, recency_days."
16184,"orders_last_30d, monetary_total, spend_last_60d","orders_last_60d, frequency_orders, recency_days","Main churn-risk drivers: orders_last_30d, monetary_total, spend_last_60d. Main factors reducing churn risk: orders_last_60d, frequency_orders, recency_days."
16185,"frequency_orders, monetary_total, orders_last_60d","spend_last_60d, trend_orders_30_vs_90, orders_last_30d","Main churn-risk drivers: frequency_orders, monetary_total, orders_last_60d. Main factors reducing churn risk: spend_last_60d, trend_orders_30_vs_90, orders_last_30d."
16186,"spend_last_60d, orders_last_30d, trend_orders_30_vs_90","frequency_orders, orders_last_60d, recency_days","Main churn-risk drivers: spend_last_60d, orders_last_30d, trend_orders_30_vs_90. Main factors reducing churn risk: frequency_orders, orders_last_60d, recency_days."
16187,"spend_last_60d, orders_last_30d, spend_last_30d","frequency_orders, orders_last_60d, monetary_total","Main churn-risk drivers: spend_last_60d, orders_last_30d, spend_last_30d. Main factors reducing churn risk: frequency_orders, orders_last_60d, monetary_total."
16188,"monetary_total, frequency_orders, trend_orders_30_vs_90","recency_days, trend_spend_30_vs_90, monetary_mean","Main churn-risk drivers: monetary_total, frequency_orders, trend_orders_30_vs_90. Main factors reducing churn risk: recency_days, trend_spend_30_vs_90, monetary_mean."
16191,"recency_days, orders_last_60d, spend_last_90d","frequency_orders, monetary_total, spend_last_60d","Main churn-risk drivers: recency_days, orders_last_60d, spend_last_90d. Main factors reducing churn risk: frequency_orders, monetary_total, spend_last_60d."
16193,"frequency_orders, monetary_total, orders_last_60d","spend_last_60d, trend_orders_30_vs_90, orders_last_30d","Main churn-risk drivers: frequency_orders, monetary_total, orders_last_60d. Main factors reducing churn risk: spend_last_60d, trend_orders_30_vs_90, orders_last_30d."
16200,"frequency_orders, monetary_total, orders_last_60d","trend_spend_30_vs_90, spend_last_60d, monetary_mean","Main churn-risk drivers: frequency_orders, monetary_total, orders_last_60d. Main factors reducing churn risk: trend_spend_30_vs_90, spend_last_60d, monetary_mean."
16201,"frequency_orders, monetary_total, orders_last_30d","recency_days, trend_orders_30_vs_90, orders_last_60d","Main churn-risk drivers: frequency_orders, monetary_total, orders_last_30d. Main factors reducing churn risk: recency_days, trend_orders_30_vs_90, orders_last_60d."
16202,"frequency_orders, recency_days, monetary_total","spend_last_60d, trend_orders_30_vs_90, orders_last_30d","Main churn-risk drivers: frequency_orders, recency_days, monetary_total. Main factors reducing churn risk: spend_last_60d, trend_orders_30_vs_90, orders_last_30d."
16203,"monetary_total, frequency_orders, trend_orders_30_vs_90","trend_spend_30_vs_90, recency_days, spend_last_60d","Main churn-risk drivers: monetary_total, frequency_orders, trend_orders_30_vs_90. Main factors reducing churn risk: trend_spend_30_vs_90, recency_days, spend_last_60d."
16205,"frequency_orders, monetary_total, orders_last_60d","trend_spend_30_vs_90, spend_last_60d, monetary_mean","Main churn-risk drivers: frequency_orders, monetary_total, orders_last_60d. Main factors reducing churn risk: trend_spend_30_vs_90, spend_last_60d, monetary_mean."
16206,"monetary_total, frequency_orders, trend_orders_30_vs_90","recency_days, trend_spend_30_vs_90, spend_last_60d","Main churn-risk drivers: monetary_total, frequency_orders, trend_orders_30_vs_90. Main factors reducing churn risk: recency_days, trend_spend_30_vs_90, spend_last_60d."
16208,"frequency_orders, recency_days, monetary_total","spend_last_60d, trend_orders_30_vs_90, monetary_mean","Main churn-risk drivers: frequency_orders, recency_days, monetary_total. Main factors reducing churn risk: spend_last_60d, trend_orders_30_vs_90, monetary_mean."
16209,"orders_last_30d, trend_orders_30_vs_90, orders_last_90d","recency_days, spend_last_90d, monetary_total","Main churn-risk drivers: orders_last_30d, trend_orders_30_vs_90, orders_last_90d. Main factors reducing churn risk: recency_days, spend_last_90d, monetary_total."
16210,"orders_last_30d, monetary_mean, spend_last_60d","monetary_total, frequency_orders, orders_last_60d","Main churn-risk drivers: orders_last_30d, monetary_mean, spend_last_60d. Main factors reducing churn risk: monetary_total, frequency_orders, orders_last_60d."
16212,"frequency_orders, recency_days, monetary_total","spend_last_60d, trend_orders_30_vs_90, orders_last_30d","Main churn-risk drivers: frequency_orders, recency_days, monetary_total. Main factors reducing churn risk: spend_last_60d, trend_orders_30_vs_90, orders_last_30d."
16214,"orders_last_60d, frequency_orders, monetary_total","trend_spend_30_vs_90, spend_last_60d, orders_last_30d","Main churn-risk drivers: orders_last_60d, frequency_orders, monetary_total. Main factors reducing churn risk: trend_spend_30_vs_90, spend_last_60d, orders_last_30d."
16216,"frequency_orders, recency_days, orders_last_60d","spend_last_60d, trend_orders_30_vs_90, orders_last_30d","Main churn-risk drivers: frequency_orders, recency_days, orders_last_60d. Main factors reducing churn risk: spend_last_60d, trend_orders_30_vs_90, orders_last_30d."
16217,"frequency_orders, monetary_total, orders_last_60d","spend_last_60d, trend_orders_30_vs_90, orders_last_30d","Main churn-risk drivers: frequency_orders, monetary_total, orders_last_60d. Main factors reducing churn risk: spend_last_60d, trend_orders_30_vs_90, orders_last_30d."
16218,"spend_last_60d, orders_last_30d, trend_orders_30_vs_90","frequency_orders, orders_last_60d, monetary_total","Main churn-risk drivers: spend_last_60d, orders_last_30d, trend_orders_30_vs_90. Main factors reducing churn risk: frequency_orders, orders_last_60d, monetary_total."
16221,"frequency_orders, monetary_total, recency_days","spend_last_60d, trend_orders_30_vs_90, monetary_mean","Main churn-risk drivers: frequency_orders, monetary_total, recency_days. Main factors reducing churn risk: spend_last_60d, trend_orders_30_vs_90, monetary_mean."
16222,"frequency_orders, recency_days, orders_last_60d","spend_last_60d, trend_orders_30_vs_90, monetary_mean","Main churn-risk drivers: frequency_orders, recency_days, orders_last_60d. Main factors reducing churn risk: spend_last_60d, trend_orders_30_vs_90, monetary_mean."
16224,"monetary_total, frequency_orders, trend_orders_30_vs_90","recency_days, trend_spend_30_vs_90, monetary_mean","Main churn-risk drivers: monetary_total, frequency_orders, trend_orders_30_vs_90. Main factors reducing churn risk: recency_days, trend_spend_30_vs_90, monetary_mean."
16225,"trend_orders_30_vs_90, monetary_total, orders_last_90d","trend_spend_30_vs_90, frequency_orders, recency_days","Main churn-risk drivers: trend_orders_30_vs_90, monetary_total, orders_last_90d. Main factors reducing churn risk: trend_spend_30_vs_90, frequency_orders, recency_days."
16226,"monetary_total, orders_last_60d, frequency_orders","spend_last_60d, trend_orders_30_vs_90, orders_last_30d","Main churn-risk drivers: monetary_total, orders_last_60d, frequency_orders. Main factors reducing churn risk: spend_last_60d, trend_orders_30_vs_90, orders_last_30d."
16227,"frequency_orders, monetary_total, orders_last_60d","spend_last_60d, trend_orders_30_vs_90, orders_last_30d","Main churn-risk drivers: frequency_orders, monetary_total, orders_last_60d. Main factors reducing churn risk: spend_last_60d, trend_orders_30_vs_90, orders_last_30d."
16229,"frequency_orders, monetary_total, orders_last_60d","spend_last_60d, trend_orders_30_vs_90, orders_last_30d","Main churn-risk drivers: frequency_orders, monetary_total, orders_last_60d. Main factors reducing churn risk: spend_last_60d, trend_orders_30_vs_90, orders_last_30d."
16230,"frequency_orders, monetary_total, orders_last_60d","spend_last_60d, trend_orders_30_vs_90, orders_last_30d","Main churn-risk drivers: frequency_orders, monetary_total, orders_last_60d. Main factors reducing churn risk: spend_last_60d, trend_orders_30_vs_90, orders_last_30d."
16232,"monetary_total, frequency_orders, trend_orders_30_vs_90","recency_days, trend_spend_30_vs_90, orders_last_30d","Main churn-risk drivers: monetary_total, frequency_orders, trend_orders_30_vs_90. Main factors reducing churn risk: recency_days, trend_spend_30_vs_90, orders_last_30d."
16233,"recency_days, frequency_orders, monetary_total","spend_last_60d, trend_orders_30_vs_90, orders_last_30d","Main churn-risk drivers: recency_days, frequency_orders, monetary_total. Main factors reducing churn risk: spend_last_60d, trend_orders_30_vs_90, orders_last_30d."
16235,"orders_last_60d, monetary_total, frequency_orders","spend_last_60d, trend_orders_30_vs_90, orders_last_30d","Main churn-risk drivers: orders_last_60d, monetary_total, frequency_orders. Main factors reducing churn risk: spend_last_60d, trend_orders_30_vs_90, orders_last_30d."
16239,"frequency_orders, monetary_total, orders_last_60d","spend_last_60d, trend_orders_30_vs_90, orders_last_30d","Main churn-risk drivers: frequency_orders, monetary_total, orders_last_60d. Main factors reducing churn risk: spend_last_60d, trend_orders_30_vs_90, orders_last_30d."
16241,"orders_last_30d, spend_last_60d, trend_orders_30_vs_90","frequency_orders, orders_last_60d, recency_days","Main churn-risk drivers: orders_last_30d, spend_last_60d, trend_orders_30_vs_90. Main factors reducing churn risk: frequency_orders, orders_last_60d, recency_days."
16242,"orders_last_60d, monetary_total, frequency_orders","trend_spend_30_vs_90, spend_last_60d, monetary_mean","Main churn-risk drivers: orders_last_60d, monetary_total, frequency_orders. Main factors reducing churn risk: trend_spend_30_vs_90, spend_last_60d, monetary_mean."
16244,"frequency_orders, orders_last_60d, spend_last_90d","spend_last_60d, trend_orders_30_vs_90, orders_last_30d","Main churn-risk drivers: frequency_orders, orders_last_60d, spend_last_90d. Main factors reducing churn risk: spend_last_60d, trend_orders_30_vs_90, orders_last_30d."
16245,"frequency_orders, monetary_total, trend_orders_30_vs_90","recency_days, trend_spend_30_vs_90, monetary_mean","Main churn-risk drivers: frequency_orders, monetary_total, trend_orders_30_vs_90. Main factors reducing churn risk: recency_days, trend_spend_30_vs_90, monetary_mean."
16247,"frequency_orders, monetary_total, orders_last_60d","trend_spend_30_vs_90, spend_last_60d, monetary_mean","Main churn-risk drivers: frequency_orders, monetary_total, orders_last_60d. Main factors reducing churn risk: trend_spend_30_vs_90, spend_last_60d, monetary_mean."
16249,"orders_last_30d, trend_orders_30_vs_90, monetary_total","orders_last_60d, recency_days, frequency_orders","Main churn-risk drivers: orders_last_30d, trend_orders_30_vs_90, monetary_total. Main factors reducing churn risk: orders_last_60d, recency_days, frequency_orders."
16250,"frequency_orders, monetary_total, recency_days","spend_last_60d, trend_orders_30_vs_90, orders_last_30d","Main churn-risk drivers: frequency_orders, monetary_total, recency_days. Main factors reducing churn risk: spend_last_60d, trend_orders_30_vs_90, orders_last_30d."
16253,"frequency_orders, orders_last_60d, recency_days","spend_last_60d, trend_orders_30_vs_90, orders_last_30d","Main churn-risk drivers: frequency_orders, orders_last_60d, recency_days. Main factors reducing churn risk: spend_last_60d, trend_orders_30_vs_90, orders_last_30d."
16255,"spend_last_60d, trend_orders_30_vs_90, orders_last_30d","frequency_orders, orders_last_60d, recency_days","Main churn-risk drivers: spend_last_60d, trend_orders_30_vs_90, orders_last_30d. Main factors reducing churn risk: frequency_orders, orders_last_60d, recency_days."
16256,"frequency_orders, recency_days, orders_last_60d","spend_last_60d, trend_orders_30_vs_90, orders_last_30d","Main churn-risk drivers: frequency_orders, recency_days, orders_last_60d. Main factors reducing churn risk: spend_last_60d, trend_orders_30_vs_90, orders_last_30d."
16257,"frequency_orders, monetary_total, orders_last_60d","trend_spend_30_vs_90, spend_last_60d, orders_last_30d","Main churn-risk drivers: frequency_orders, monetary_total, orders_last_60d. Main factors reducing churn risk: trend_spend_30_vs_90, spend_last_60d, orders_last_30d."
16258,"spend_last_60d, trend_orders_30_vs_90, orders_last_90d","monetary_total, spend_last_90d, orders_last_60d","Main churn-risk drivers: spend_last_60d, trend_orders_30_vs_90, orders_last_90d. Main factors reducing churn risk: monetary_total, spend_last_90d, orders_last_60d."
16261,"frequency_orders, monetary_total, orders_last_30d","recency_days, trend_orders_30_vs_90, monetary_mean","Main churn-risk drivers: frequency_orders, monetary_total, orders_last_30d. Main factors reducing churn risk: recency_days, trend_orders_30_vs_90, monetary_mean."
16265,"orders_last_30d, trend_orders_30_vs_90, spend_last_60d","frequency_orders, monetary_total, recency_days","Main churn-risk drivers: orders_last_30d, trend_orders_30_vs_90, spend_last_60d. Main factors reducing churn risk: frequency_orders, monetary_total, recency_days."
16266,"monetary_total, trend_orders_30_vs_90, orders_last_30d","frequency_orders, orders_last_60d, recency_days","Main churn-risk drivers: monetary_total, trend_orders_30_vs_90, orders_last_30d. Main factors reducing churn risk: frequency_orders, orders_last_60d, recency_days."
16270,"frequency_orders, recency_days, orders_last_60d","spend_last_60d, trend_orders_30_vs_90, orders_last_30d","Main churn-risk drivers: frequency_orders, recency_days, orders_last_60d. Main factors reducing churn risk: spend_last_60d, trend_orders_30_vs_90, orders_last_30d."
16271,"trend_orders_30_vs_90, monetary_total, frequency_orders","orders_last_60d, recency_days, trend_spend_30_vs_90","Main churn-risk drivers: trend_orders_30_vs_90, monetary_total, frequency_orders. Main factors reducing churn risk: orders_last_60d, recency_days, trend_spend_30_vs_90."
16272,"frequency_orders, monetary_total, orders_last_30d","recency_days, trend_orders_30_vs_90, orders_last_60d","Main churn-risk drivers: frequency_orders, monetary_total, orders_last_30d. Main factors reducing churn risk: recency_days, trend_orders_30_vs_90, orders_last_60d."
16274,"frequency_orders, recency_days, monetary_total","spend_last_60d, trend_orders_30_vs_90, monetary_mean","Main churn-risk drivers: frequency_orders, recency_days, monetary_total. Main factors reducing churn risk: spend_last_60d, trend_orders_30_vs_90, monetary_mean."
16275,"frequency_orders, monetary_total, orders_last_60d","spend_last_60d, trend_orders_30_vs_90, orders_last_30d","Main churn-risk drivers: frequency_orders, monetary_total, orders_last_60d. Main factors reducing churn risk: spend_last_60d, trend_orders_30_vs_90, orders_last_30d."
16276,"frequency_orders, orders_last_60d, monetary_total","trend_spend_30_vs_90, spend_last_60d, orders_last_30d","Main churn-risk drivers: frequency_orders, orders_last_60d, monetary_total. Main factors reducing churn risk: trend_spend_30_vs_90, spend_last_60d, orders_last_30d."
16278,"frequency_orders, monetary_total, orders_last_30d","recency_days, trend_orders_30_vs_90, orders_last_60d","Main churn-risk drivers: frequency_orders, monetary_total, orders_last_30d. Main factors reducing churn risk: recency_days, trend_orders_30_vs_90, orders_last_60d."
16279,"frequency_orders, monetary_total, orders_last_60d","trend_spend_30_vs_90, spend_last_60d, orders_last_30d","Main churn-risk drivers: frequency_orders, monetary_total, orders_last_60d. Main factors reducing churn risk: trend_spend_30_vs_90, spend_last_60d, orders_last_30d."
16282,"frequency_orders, recency_days, monetary_total","spend_last_60d, trend_orders_30_vs_90, monetary_mean","Main churn-risk drivers: frequency_orders, recency_days, monetary_total. Main factors reducing churn risk: spend_last_60d, trend_orders_30_vs_90, monetary_mean."
16283,"monetary_total, trend_orders_30_vs_90, frequency_orders","recency_days, trend_spend_30_vs_90, spend_last_60d","Main churn-risk drivers: monetary_total, trend_orders_30_vs_90, frequency_orders. Main factors reducing churn risk: recency_days, trend_spend_30_vs_90, spend_last_60d."
16287,"frequency_orders, monetary_total, orders_last_60d","trend_spend_30_vs_90, spend_last_60d, orders_last_30d","Main churn-risk drivers: frequency_orders, monetary_total, orders_last_60d. Main factors reducing churn risk: trend_spend_30_vs_90, spend_last_60d, orders_last_30d."
16292,"frequency_orders, monetary_total, trend_orders_30_vs_90","recency_days, trend_spend_30_vs_90, orders_last_30d","Main churn-risk drivers: frequency_orders, monetary_total, trend_orders_30_vs_90. Main factors reducing churn risk: recency_days, trend_spend_30_vs_90, orders_last_30d."
16293,"orders_last_30d, trend_spend_30_vs_90, spend_last_90d","frequency_orders, orders_last_60d, recency_days","Main churn-risk drivers: orders_last_30d, trend_spend_30_vs_90, spend_last_90d. Main factors reducing churn risk: frequency_orders, orders_last_60d, recency_days."
16297,"frequency_orders, monetary_total, recency_days","spend_last_60d, trend_orders_30_vs_90, monetary_mean","Main churn-risk drivers: frequency_orders, monetary_total, recency_days. Main factors reducing churn risk: spend_last_60d, trend_orders_30_vs_90, monetary_mean."
16298,"frequency_orders, monetary_total, orders_last_60d","spend_last_60d, trend_orders_30_vs_90, orders_last_30d","Main churn-risk drivers: frequency_orders, monetary_total, orders_last_60d. Main factors reducing churn risk: spend_last_60d, trend_orders_30_vs_90, orders_last_30d."
16302,"frequency_orders, monetary_total, trend_orders_30_vs_90","recency_days, trend_spend_30_vs_90, orders_last_30d","Main churn-risk drivers: frequency_orders, monetary_total, trend_orders_30_vs_90. Main factors reducing churn risk: recency_days, trend_spend_30_vs_90, orders_last_30d."
16303,"spend_last_60d, frequency_orders, spend_last_30d","monetary_total, spend_last_90d, recency_days","Main churn-risk drivers: spend_last_60d, frequency_orders, spend_last_30d. Main factors reducing churn risk: monetary_total, spend_last_90d, recency_days."
16305,"frequency_orders, monetary_total, trend_orders_30_vs_90","recency_days, trend_spend_30_vs_90, orders_last_30d","Main churn-risk drivers: frequency_orders, monetary_total, trend_orders_30_vs_90. Main factors reducing churn risk: recency_days, trend_spend_30_vs_90, orders_last_30d."
16306,"orders_last_60d, monetary_total, spend_last_90d","frequency_orders, spend_last_60d, trend_orders_30_vs_90","Main churn-risk drivers: orders_last_60d, monetary_total, spend_last_90d. Main factors reducing churn risk: frequency_orders, spend_last_60d, trend_orders_30_vs_90."
16308,"monetary_median, monetary_mean, frequency_orders","recency_days, trend_orders_30_vs_90, orders_last_60d","Main churn-risk drivers: monetary_median, monetary_mean, frequency_orders. Main factors reducing churn risk: recency_days, trend_orders_30_vs_90, orders_last_60d."
16309,"frequency_orders, monetary_total, orders_last_30d","recency_days, trend_orders_30_vs_90, orders_last_60d","Main churn-risk drivers: frequency_orders, monetary_total, orders_last_30d. Main factors reducing churn risk: recency_days, trend_orders_30_vs_90, orders_last_60d."
16315,"frequency_orders, recency_days, monetary_total","spend_last_60d, trend_orders_30_vs_90, orders_last_30d","Main churn-risk drivers: frequency_orders, recency_days, monetary_total. Main factors reducing churn risk: spend_last_60d, trend_orders_30_vs_90, orders_last_30d."
16316,"orders_last_60d, trend_orders_30_vs_90, spend_last_90d","frequency_orders, monetary_total, trend_spend_30_vs_90","Main churn-risk drivers: orders_last_60d, trend_orders_30_vs_90, spend_last_90d. Main factors reducing churn risk: frequency_orders, monetary_total, trend_spend_30_vs_90."
16317,"frequency_orders, orders_last_30d, monetary_total","recency_days, orders_last_60d, monetary_mean","Main churn-risk drivers: frequency_orders, orders_last_30d, monetary_total. Main factors reducing churn risk: recency_days, orders_last_60d, monetary_mean."
16319,"frequency_orders, monetary_total, orders_last_60d","spend_last_60d, trend_orders_30_vs_90, orders_last_30d","Main churn-risk drivers: frequency_orders, monetary_total, orders_last_60d. Main factors reducing churn risk: spend_last_60d, trend_orders_30_vs_90, orders_last_30d."
16320,"frequency_orders, orders_last_60d, monetary_total","trend_spend_30_vs_90, spend_last_60d, orders_last_30d","Main churn-risk drivers: frequency_orders, orders_last_60d, monetary_total. Main factors reducing churn risk: trend_spend_30_vs_90, spend_last_60d, orders_last_30d."
16321,"recency_days, monetary_total, orders_last_60d","spend_last_60d, trend_orders_30_vs_90, orders_last_30d","Main churn-risk drivers: recency_days, monetary_total, orders_last_60d. Main factors reducing churn risk: spend_last_60d, trend_orders_30_vs_90, orders_last_30d."
16323,"frequency_orders, monetary_total, orders_last_60d","spend_last_60d, trend_orders_30_vs_90, orders_last_30d","Main churn-risk drivers: frequency_orders, monetary_total, orders_last_60d. Main factors reducing churn risk: spend_last_60d, trend_orders_30_vs_90, orders_last_30d."
16324,"monetary_total, trend_orders_30_vs_90, frequency_orders","orders_last_60d, recency_days, trend_spend_30_vs_90","Main churn-risk drivers: monetary_total, trend_orders_30_vs_90, frequency_orders. Main factors reducing churn risk: orders_last_60d, recency_days, trend_spend_30_vs_90."
16325,"frequency_orders, monetary_total, orders_last_60d","trend_spend_30_vs_90, spend_last_60d, recency_days","Main churn-risk drivers: frequency_orders, monetary_total, orders_last_60d. Main factors reducing churn risk: trend_spend_30_vs_90, spend_last_60d, recency_days."
16326,"orders_last_30d, trend_orders_30_vs_90, orders_last_90d","frequency_orders, orders_last_60d, recency_days","Main churn-risk drivers: orders_last_30d, trend_orders_30_vs_90, orders_last_90d. Main factors reducing churn risk: frequency_orders, orders_last_60d, recency_days."
16327,"orders_last_60d, spend_last_90d, trend_spend_30_vs_90","monetary_total, spend_last_60d, frequency_orders","Main churn-risk drivers: orders_last_60d, spend_last_90d, trend_spend_30_vs_90. Main factors reducing churn risk: monetary_total, spend_last_60d, frequency_orders."
16330,"frequency_orders, monetary_total, orders_last_30d","orders_last_60d, recency_days, spend_last_60d","Main churn-risk drivers: frequency_orders, monetary_total, orders_last_30d. Main factors reducing churn risk: orders_last_60d, recency_days, spend_last_60d."
16332,"monetary_total, trend_orders_30_vs_90, frequency_orders","recency_days, trend_spend_30_vs_90, monetary_mean","Main churn-risk drivers: monetary_total, trend_orders_30_vs_90, frequency_orders. Main factors reducing churn risk: recency_days, trend_spend_30_vs_90, monetary_mean."
16333,"spend_last_60d, monetary_mean, monetary_median","frequency_orders, monetary_total, spend_last_90d","Main churn-risk drivers: spend_last_60d, monetary_mean, monetary_median. Main factors reducing churn risk: frequency_orders, monetary_total, spend_last_90d."
16338,"frequency_orders, monetary_total, orders_last_60d","trend_spend_30_vs_90, spend_last_60d, recency_days","Main churn-risk drivers: frequency_orders, monetary_total, orders_last_60d. Main factors reducing churn risk: trend_spend_30_vs_90, spend_last_60d, recency_days."
16339,"frequency_orders, monetary_total, recency_days","spend_last_60d, trend_orders_30_vs_90, monetary_mean","Main churn-risk drivers: frequency_orders, monetary_total, recency_days. Main factors reducing churn risk: spend_last_60d, trend_orders_30_vs_90, monetary_mean."
16340,"frequency_orders, monetary_total, orders_last_30d","recency_days, trend_orders_30_vs_90, monetary_mean","Main churn-risk drivers: frequency_orders, monetary_total, orders_last_30d. Main factors reducing churn risk: recency_days, trend_orders_30_vs_90, monetary_mean."
16341,"frequency_orders, orders_last_60d, monetary_total","spend_last_60d, trend_orders_30_vs_90, orders_last_30d","Main churn-risk drivers: frequency_orders, orders_last_60d, monetary_total. Main factors reducing churn risk: spend_last_60d, trend_orders_30_vs_90, orders_last_30d."
16342,"monetary_total, frequency_orders, trend_orders_30_vs_90","orders_last_60d, recency_days, trend_spend_30_vs_90","Main churn-risk drivers: monetary_total, frequency_orders, trend_orders_30_vs_90. Main factors reducing churn risk: orders_last_60d, recency_days, trend_spend_30_vs_90."
16344,"frequency_orders, monetary_total, orders_last_60d","trend_spend_30_vs_90, spend_last_60d, recency_days","Main churn-risk drivers: frequency_orders, monetary_total, orders_last_60d. Main factors reducing churn risk: trend_spend_30_vs_90, spend_last_60d, recency_days."
16348,"monetary_total, trend_orders_30_vs_90, spend_last_90d","recency_days, trend_spend_30_vs_90, frequency_orders","Main churn-risk drivers: monetary_total, trend_orders_30_vs_90, spend_last_90d. Main factors reducing churn risk: recency_days, trend_spend_30_vs_90, frequency_orders."
16349,"frequency_orders, monetary_total, recency_days","spend_last_60d, trend_orders_30_vs_90, monetary_mean","Main churn-risk drivers: frequency_orders, monetary_total, recency_days. Main factors reducing churn risk: spend_last_60d, trend_orders_30_vs_90, monetary_mean."
16350,"frequency_orders, recency_days, monetary_total","spend_last_60d, trend_orders_30_vs_90, orders_last_30d","Main churn-risk drivers: frequency_orders, recency_days, monetary_total. Main factors reducing churn risk: spend_last_60d, trend_orders_30_vs_90, orders_last_30d."
16351,"frequency_orders, recency_days, monetary_total","spend_last_60d, trend_orders_30_vs_90, orders_last_30d","Main churn-risk drivers: frequency_orders, recency_days, monetary_total. Main factors reducing churn risk: spend_last_60d, trend_orders_30_vs_90, orders_last_30d."
16353,"spend_last_60d, orders_last_30d, orders_last_90d","frequency_orders, orders_last_60d, monetary_total","Main churn-risk drivers: spend_last_60d, orders_last_30d, orders_last_90d. Main factors reducing churn risk: frequency_orders, orders_last_60d, monetary_total."
16356,"monetary_total, orders_last_60d, frequency_orders","spend_last_60d, trend_orders_30_vs_90, monetary_mean","Main churn-risk drivers: monetary_total, orders_last_60d, frequency_orders. Main factors reducing churn risk: spend_last_60d, trend_orders_30_vs_90, monetary_mean."
16357,"frequency_orders, monetary_total, orders_last_60d","trend_spend_30_vs_90, spend_last_60d, recency_days","Main churn-risk drivers: frequency_orders, monetary_total, orders_last_60d. Main factors reducing churn risk: trend_spend_30_vs_90, spend_last_60d, recency_days."
16358,"frequency_orders, monetary_total, orders_last_60d","spend_last_60d, trend_orders_30_vs_90, orders_last_30d","Main churn-risk drivers: frequency_orders, monetary_total, orders_last_60d. Main factors reducing churn risk: spend_last_60d, trend_orders_30_vs_90, orders_last_30d."
16359,"orders_last_30d, monetary_total, trend_orders_30_vs_90","frequency_orders, recency_days, spend_last_60d","Main churn-risk drivers: orders_last_30d, monetary_total, trend_orders_30_vs_90. Main factors reducing churn risk: frequency_orders, recency_days, spend_last_60d."
16362,"orders_last_30d, monetary_total, frequency_orders","orders_last_60d, recency_days, trend_orders_30_vs_90","Main churn-risk drivers: orders_last_30d, monetary_total, frequency_orders. Main factors reducing churn risk: orders_last_60d, recency_days, trend_orders_30_vs_90."
16364,"frequency_orders, monetary_total, trend_orders_30_vs_90","recency_days, trend_spend_30_vs_90, monetary_mean","Main churn-risk drivers: frequency_orders, monetary_total, trend_orders_30_vs_90. Main factors reducing churn risk: recency_days, trend_spend_30_vs_90, monetary_mean."
16365,"trend_orders_30_vs_90, monetary_total, orders_last_90d","orders_last_60d, frequency_orders, recency_days","Main churn-risk drivers: trend_orders_30_vs_90, monetary_total, orders_last_90d. Main factors reducing churn risk: orders_last_60d, frequency_orders, recency_days."
16367,"frequency_orders, recency_days, monetary_total","spend_last_60d, trend_orders_30_vs_90, monetary_mean","Main churn-risk drivers: frequency_orders, recency_days, monetary_total. Main factors reducing churn risk: spend_last_60d, trend_orders_30_vs_90, monetary_mean."
16369,"frequency_orders, monetary_total, orders_last_60d","spend_last_60d, trend_orders_30_vs_90, orders_last_30d","Main churn-risk drivers: frequency_orders, monetary_total, orders_last_60d. Main factors reducing churn risk: spend_last_60d, trend_orders_30_vs_90, orders_last_30d."
16370,"monetary_total, frequency_orders, orders_last_30d","recency_days, trend_orders_30_vs_90, monetary_mean","Main churn-risk drivers: monetary_total, frequency_orders, orders_last_30d. Main factors reducing churn risk: recency_days, trend_orders_30_vs_90, monetary_mean."
16374,"frequency_orders, monetary_total, recency_days","spend_last_60d, trend_orders_30_vs_90, monetary_mean","Main churn-risk drivers: frequency_orders, monetary_total, recency_days. Main factors reducing churn risk: spend_last_60d, trend_orders_30_vs_90, monetary_mean."
16377,"frequency_orders, recency_days, orders_last_60d","spend_last_60d, trend_orders_30_vs_90, orders_last_30d","Main churn-risk drivers: frequency_orders, recency_days, orders_last_60d. Main factors reducing churn risk: spend_last_60d, trend_orders_30_vs_90, orders_last_30d."
16378,"monetary_total, orders_last_60d, recency_days","spend_last_60d, trend_orders_30_vs_90, orders_last_30d","Main churn-risk drivers: monetary_total, orders_last_60d, recency_days. Main factors reducing churn risk: spend_last_60d, trend_orders_30_vs_90, orders_last_30d."
16383,"frequency_orders, monetary_total, recency_days","spend_last_60d, trend_orders_30_vs_90, monetary_mean","Main churn-risk drivers: frequency_orders, monetary_total, recency_days. Main factors reducing churn risk: spend_last_60d, trend_orders_30_vs_90, monetary_mean."
16384,"frequency_orders, monetary_total, recency_days","spend_last_60d, trend_orders_30_vs_90, orders_last_30d","Main churn-risk drivers: frequency_orders, monetary_total, recency_days. Main factors reducing churn risk: spend_last_60d, trend_orders_30_vs_90, orders_last_30d."
16385,"frequency_orders, monetary_total, orders_last_60d","trend_spend_30_vs_90, spend_last_60d, recency_days","Main churn-risk drivers: frequency_orders, monetary_total, orders_last_60d. Main factors reducing churn risk: trend_spend_30_vs_90, spend_last_60d, recency_days."
16386,"frequency_orders, monetary_total, orders_last_60d","spend_last_60d, trend_orders_30_vs_90, monetary_mean","Main churn-risk drivers: frequency_orders, monetary_total, orders_last_60d. Main factors reducing churn risk: spend_last_60d, trend_orders_30_vs_90, monetary_mean."
16387,"frequency_orders, recency_days, monetary_total","spend_last_60d, trend_orders_30_vs_90, orders_last_30d","Main churn-risk drivers: frequency_orders, recency_days, monetary_total. Main factors reducing churn risk: spend_last_60d, trend_orders_30_vs_90, orders_last_30d."
16389,"frequency_orders, orders_last_60d, monetary_total","spend_last_60d, trend_orders_30_vs_90, orders_last_30d","Main churn-risk drivers: frequency_orders, orders_last_60d, monetary_total. Main factors reducing churn risk: spend_last_60d, trend_orders_30_vs_90, orders_last_30d."
16392,"frequency_orders, monetary_total, recency_days","spend_last_60d, trend_orders_30_vs_90, monetary_mean","Main churn-risk drivers: frequency_orders, monetary_total, recency_days. Main factors reducing churn risk: spend_last_60d, trend_orders_30_vs_90, monetary_mean."
16393,"trend_orders_30_vs_90, orders_last_30d, orders_last_90d","frequency_orders, orders_last_60d, recency_days","Main churn-risk drivers: trend_orders_30_vs_90, orders_last_30d, orders_last_90d. Main factors reducing churn risk: frequency_orders, orders_last_60d, recency_days."
16394,"orders_last_60d, monetary_total, frequency_orders","trend_spend_30_vs_90, spend_last_60d, orders_last_30d","Main churn-risk drivers: orders_last_60d, monetary_total, frequency_orders. Main factors reducing churn risk: trend_spend_30_vs_90, spend_last_60d, orders_last_30d."
16395,"orders_last_60d, monetary_total, frequency_orders","trend_spend_30_vs_90, spend_last_60d, monetary_mean","Main churn-risk drivers: orders_last_60d, monetary_total, frequency_orders. Main factors reducing churn risk: trend_spend_30_vs_90, spend_last_60d, monetary_mean."
16398,"frequency_orders, orders_last_60d, trend_orders_30_vs_90","trend_spend_30_vs_90, spend_last_60d, recency_days","Main churn-risk drivers: frequency_orders, orders_last_60d, trend_orders_30_vs_90. Main factors reducing churn risk: trend_spend_30_vs_90, spend_last_60d, recency_days."
16399,"frequency_orders, monetary_total, orders_last_60d","spend_last_60d, trend_orders_30_vs_90, monetary_mean","Main churn-risk drivers: frequency_orders, monetary_total, orders_last_60d. Main factors reducing churn risk: spend_last_60d, trend_orders_30_vs_90, monetary_mean."
16400,"frequency_orders, monetary_total, orders_last_30d","recency_days, trend_orders_30_vs_90, monetary_mean","Main churn-risk drivers: frequency_orders, monetary_total, orders_last_30d. Main factors reducing churn risk: recency_days, trend_orders_30_vs_90, monetary_mean."
16401,"trend_orders_30_vs_90, spend_last_60d, orders_last_90d","frequency_orders, monetary_total, recency_days","Main churn-risk drivers: trend_orders_30_vs_90, spend_last_60d, orders_last_90d. Main factors reducing churn risk: frequency_orders, monetary_total, recency_days."
16402,"frequency_orders, monetary_total, recency_days","spend_last_60d, trend_orders_30_vs_90, monetary_mean","Main churn-risk drivers: frequency_orders, monetary_total, recency_days. Main factors reducing churn risk: spend_last_60d, trend_orders_30_vs_90, monetary_mean."
16403,"frequency_orders, recency_days, monetary_total","spend_last_60d, trend_orders_30_vs_90, orders_last_30d","Main churn-risk drivers: frequency_orders, recency_days, monetary_total. Main factors reducing churn risk: spend_last_60d, trend_orders_30_vs_90, orders_last_30d."
16405,"frequency_orders, recency_days, monetary_total","spend_last_60d, trend_orders_30_vs_90, orders_last_30d","Main churn-risk drivers: frequency_orders, recency_days, monetary_total. Main factors reducing churn risk: spend_last_60d, trend_orders_30_vs_90, orders_last_30d."
16407,"orders_last_30d, spend_last_60d, orders_last_90d","frequency_orders, orders_last_60d, recency_days","Main churn-risk drivers: orders_last_30d, spend_last_60d, orders_last_90d. Main factors reducing churn risk: frequency_orders, orders_last_60d, recency_days."
16409,"frequency_orders, monetary_total, trend_orders_30_vs_90","trend_spend_30_vs_90, recency_days, monetary_mean","Main churn-risk drivers: frequency_orders, monetary_total, trend_orders_30_vs_90. Main factors reducing churn risk: trend_spend_30_vs_90, recency_days, monetary_mean."
16411,"frequency_orders, recency_days, monetary_total","spend_last_60d, trend_orders_30_vs_90, monetary_mean","Main churn-risk drivers: frequency_orders, recency_days, monetary_total. Main factors reducing churn risk: spend_last_60d, trend_orders_30_vs_90, monetary_mean."
16414,"frequency_orders, monetary_total, recency_days","spend_last_60d, trend_orders_30_vs_90, orders_last_30d","Main churn-risk drivers: frequency_orders, monetary_total, recency_days. Main factors reducing churn risk: spend_last_60d, trend_orders_30_vs_90, orders_last_30d."
16418,"frequency_orders, monetary_total, orders_last_30d","recency_days, trend_orders_30_vs_90, monetary_mean","Main churn-risk drivers: frequency_orders, monetary_total, orders_last_30d. Main factors reducing churn risk: recency_days, trend_orders_30_vs_90, monetary_mean."
16419,"trend_orders_30_vs_90, monetary_total, orders_last_30d","frequency_orders, orders_last_60d, recency_days","Main churn-risk drivers: trend_orders_30_vs_90, monetary_total, orders_last_30d. Main factors reducing churn risk: frequency_orders, orders_last_60d, recency_days."
16422,"spend_last_60d, orders_last_30d, trend_orders_30_vs_90","frequency_orders, monetary_total, spend_last_90d","Main churn-risk drivers: spend_last_60d, orders_last_30d, trend_orders_30_vs_90. Main factors reducing churn risk: frequency_orders, monetary_total, spend_last_90d."
16424,"frequency_orders, monetary_total, orders_last_60d","spend_last_60d, trend_orders_30_vs_90, orders_last_30d","Main churn-risk drivers: frequency_orders, monetary_total, orders_last_60d. Main factors reducing churn risk: spend_last_60d, trend_orders_30_vs_90, orders_last_30d."
16425,"frequency_orders, recency_days, monetary_total","spend_last_60d, trend_orders_30_vs_90, monetary_mean","Main churn-risk drivers: frequency_orders, recency_days, monetary_total. Main factors reducing churn risk: spend_last_60d, trend_orders_30_vs_90, monetary_mean."
16426,"orders_last_30d, monetary_total, trend_spend_30_vs_90","orders_last_60d, recency_days, frequency_orders","Main churn-risk drivers: orders_last_30d, monetary_total, trend_spend_30_vs_90. Main factors reducing churn risk: orders_last_60d, recency_days, frequency_orders."
16427,"frequency_orders, monetary_total, recency_days","spend_last_60d, trend_orders_30_vs_90, orders_last_30d","Main churn-risk drivers: frequency_orders, monetary_total, recency_days. Main factors reducing churn risk: spend_last_60d, trend_orders_30_vs_90, orders_last_30d."
16429,"frequency_orders, monetary_total, monetary_mean","recency_days, trend_orders_30_vs_90, orders_last_60d","Main churn-risk drivers: frequency_orders, monetary_total, monetary_mean. Main factors reducing churn risk: recency_days, trend_orders_30_vs_90, orders_last_60d."
16431,"orders_last_60d, monetary_total, frequency_orders","spend_last_60d, trend_orders_30_vs_90, monetary_mean","Main churn-risk drivers: orders_last_60d, monetary_total, frequency_orders. Main factors reducing churn risk: spend_last_60d, trend_orders_30_vs_90, monetary_mean."
16434,"monetary_total, orders_last_30d, trend_spend_30_vs_90","recency_days, frequency_orders, trend_orders_30_vs_90","Main churn-risk drivers: monetary_total, orders_last_30d, trend_spend_30_vs_90. Main factors reducing churn risk: recency_days, frequency_orders, trend_orders_30_vs_90."
16440,"frequency_orders, monetary_total, orders_last_60d","spend_last_60d, trend_orders_30_vs_90, monetary_mean","Main churn-risk drivers: frequency_orders, monetary_total, orders_last_60d. Main factors reducing churn risk: spend_last_60d, trend_orders_30_vs_90, monetary_mean."
16441,"frequency_orders, recency_days, monetary_total","spend_last_60d, trend_orders_30_vs_90, orders_last_30d","Main churn-risk drivers: frequency_orders, recency_days, monetary_total. Main factors reducing churn risk: spend_last_60d, trend_orders_30_vs_90, orders_last_30d."
16442,"frequency_orders, monetary_total, orders_last_60d","spend_last_60d, trend_orders_30_vs_90, monetary_mean","Main churn-risk drivers: frequency_orders, monetary_total, orders_last_60d. Main factors reducing churn risk: spend_last_60d, trend_orders_30_vs_90, monetary_mean."
16444,"monetary_total, frequency_orders, orders_last_30d","recency_days, trend_orders_30_vs_90, monetary_mean","Main churn-risk drivers: monetary_total, frequency_orders, orders_last_30d. Main factors reducing churn risk: recency_days, trend_orders_30_vs_90, monetary_mean."
16446,"frequency_orders, monetary_total, orders_last_60d","spend_last_60d, trend_orders_30_vs_90, monetary_mean","Main churn-risk drivers: frequency_orders, monetary_total, orders_last_60d. Main factors reducing churn risk: spend_last_60d, trend_orders_30_vs_90, monetary_mean."
16447,"frequency_orders, monetary_total, trend_orders_30_vs_90","recency_days, trend_spend_30_vs_90, monetary_mean","Main churn-risk drivers: frequency_orders, monetary_total, trend_orders_30_vs_90. Main factors reducing churn risk: recency_days, trend_spend_30_vs_90, monetary_mean."
16448,"frequency_orders, monetary_total, orders_last_60d","spend_last_60d, trend_orders_30_vs_90, monetary_mean","Main churn-risk drivers: frequency_orders, monetary_total, orders_last_60d. Main factors reducing churn risk: spend_last_60d, trend_orders_30_vs_90, monetary_mean."
16449,"frequency_orders, orders_last_60d, monetary_total","spend_last_60d, trend_orders_30_vs_90, orders_last_30d","Main churn-risk drivers: frequency_orders, orders_last_60d, monetary_total. Main factors reducing churn risk: spend_last_60d, trend_orders_30_vs_90, orders_last_30d."
16450,"frequency_orders, monetary_total, trend_orders_30_vs_90","trend_spend_30_vs_90, recency_days, orders_last_30d","Main churn-risk drivers: frequency_orders, monetary_total, trend_orders_30_vs_90. Main factors reducing churn risk: trend_spend_30_vs_90, recency_days, orders_last_30d."
16455,"orders_last_30d, trend_spend_30_vs_90, spend_last_90d","frequency_orders, recency_days, trend_orders_30_vs_90","Main churn-risk drivers: orders_last_30d, trend_spend_30_vs_90, spend_last_90d. Main factors reducing churn risk: frequency_orders, recency_days, trend_orders_30_vs_90."
16456,"orders_last_30d, trend_spend_30_vs_90, spend_last_60d","frequency_orders, orders_last_60d, recency_days","Main churn-risk drivers: orders_last_30d, trend_spend_30_vs_90, spend_last_60d. Main factors reducing churn risk: frequency_orders, orders_last_60d, recency_days."
16457,"frequency_orders, monetary_total, orders_last_60d","spend_last_60d, trend_orders_30_vs_90, orders_last_30d","Main churn-risk drivers: frequency_orders, monetary_total, orders_last_60d. Main factors reducing churn risk: spend_last_60d, trend_orders_30_vs_90, orders_last_30d."
16458,"trend_orders_30_vs_90, orders_last_30d, spend_last_60d","frequency_orders, orders_last_60d, recency_days","Main churn-risk drivers: trend_orders_30_vs_90, orders_last_30d, spend_last_60d. Main factors reducing churn risk: frequency_orders, orders_last_60d, recency_days."
16461,"frequency_orders, monetary_total, orders_last_60d","trend_spend_30_vs_90, spend_last_60d, monetary_mean","Main churn-risk drivers: frequency_orders, monetary_total, orders_last_60d. Main factors reducing churn risk: trend_spend_30_vs_90, spend_last_60d, monetary_mean."
16462,"frequency_orders, monetary_total, orders_last_60d","spend_last_60d, trend_orders_30_vs_90, orders_last_30d","Main churn-risk drivers: frequency_orders, monetary_total, orders_last_60d. Main factors reducing churn risk: spend_last_60d, trend_orders_30_vs_90, orders_last_30d."
16463,"frequency_orders, monetary_total, orders_last_60d","spend_last_60d, trend_orders_30_vs_90, orders_last_30d","Main churn-risk drivers: frequency_orders, monetary_total, orders_last_60d. Main factors reducing churn risk: spend_last_60d, trend_orders_30_vs_90, orders_last_30d."
16464,"frequency_orders, monetary_total, trend_orders_30_vs_90","recency_days, trend_spend_30_vs_90, monetary_mean","Main churn-risk drivers: frequency_orders, monetary_total, trend_orders_30_vs_90. Main factors reducing churn risk: recency_days, trend_spend_30_vs_90, monetary_mean."
16466,"orders_last_30d, monetary_total, trend_spend_30_vs_90","frequency_orders, orders_last_60d, recency_days","Main churn-risk drivers: orders_last_30d, monetary_total, trend_spend_30_vs_90. Main factors reducing churn risk: frequency_orders, orders_last_60d, recency_days."
16469,"frequency_orders, monetary_total, orders_last_60d","spend_last_60d, trend_orders_30_vs_90, monetary_mean","Main churn-risk drivers: frequency_orders, monetary_total, orders_last_60d. Main factors reducing churn risk: spend_last_60d, trend_orders_30_vs_90, monetary_mean."
16470,"monetary_total, frequency_orders, orders_last_30d","recency_days, trend_orders_30_vs_90, monetary_mean","Main churn-risk drivers: monetary_total, frequency_orders, orders_last_30d. Main factors reducing churn risk: recency_days, trend_orders_30_vs_90, monetary_mean."
16471,"frequency_orders, monetary_total, recency_days","spend_last_60d, trend_orders_30_vs_90, orders_last_30d","Main churn-risk drivers: frequency_orders, monetary_total, recency_days. Main factors reducing churn risk: spend_last_60d, trend_orders_30_vs_90, orders_last_30d."
16473,"monetary_total, orders_last_60d, frequency_orders","trend_spend_30_vs_90, spend_last_60d, recency_days","Main churn-risk drivers: monetary_total, orders_last_60d, frequency_orders. Main factors reducing churn risk: trend_spend_30_vs_90, spend_last_60d, recency_days."
16474,"frequency_orders, monetary_total, trend_orders_30_vs_90","trend_spend_30_vs_90, recency_days, monetary_mean","Main churn-risk drivers: frequency_orders, monetary_total, trend_orders_30_vs_90. Main factors reducing churn risk: trend_spend_30_vs_90, recency_days, monetary_mean."
16475,"monetary_total, trend_orders_30_vs_90, frequency_orders","recency_days, trend_spend_30_vs_90, spend_last_60d","Main churn-risk drivers: monetary_total, trend_orders_30_vs_90, frequency_orders. Main factors reducing churn risk: recency_days, trend_spend_30_vs_90, spend_last_60d."
16477,"trend_orders_30_vs_90, spend_last_60d, spend_last_90d","frequency_orders, recency_days, trend_spend_30_vs_90","Main churn-risk drivers: trend_orders_30_vs_90, spend_last_60d, spend_last_90d. Main factors reducing churn risk: frequency_orders, recency_days, trend_spend_30_vs_90."
16483,"frequency_orders, monetary_total, orders_last_60d","spend_last_60d, trend_orders_30_vs_90, monetary_mean","Main churn-risk drivers: frequency_orders, monetary_total, orders_last_60d. Main factors reducing churn risk: spend_last_60d, trend_orders_30_vs_90, monetary_mean."
16484,"frequency_orders, monetary_total, orders_last_60d","trend_spend_30_vs_90, spend_last_60d, orders_last_30d","Main churn-risk drivers: frequency_orders, monetary_total, orders_last_60d. Main factors reducing churn risk: trend_spend_30_vs_90, spend_last_60d, orders_last_30d."
16488,"frequency_orders, monetary_total, orders_last_30d","orders_last_60d, recency_days, monetary_mean","Main churn-risk drivers: frequency_orders, monetary_total, orders_last_30d. Main factors reducing churn risk: orders_last_60d, recency_days, monetary_mean."
16493,"orders_last_60d, monetary_total, frequency_orders","trend_spend_30_vs_90, spend_last_60d, orders_last_30d","Main churn-risk drivers: orders_last_60d, monetary_total, frequency_orders. Main factors reducing churn risk: trend_spend_30_vs_90, spend_last_60d, orders_last_30d."
16494,"frequency_orders, recency_days, orders_last_60d","spend_last_60d, trend_orders_30_vs_90, orders_last_30d","Main churn-risk drivers: frequency_orders, recency_days, orders_last_60d. Main factors reducing churn risk: spend_last_60d, trend_orders_30_vs_90, orders_last_30d."
16495,"frequency_orders, monetary_total, recency_days","spend_last_60d, trend_orders_30_vs_90, monetary_mean","Main churn-risk drivers: frequency_orders, monetary_total, recency_days. Main factors reducing churn risk: spend_last_60d, trend_orders_30_vs_90, monetary_mean."
16496,"frequency_orders, orders_last_60d, spend_last_90d","spend_last_60d, trend_orders_30_vs_90, orders_last_30d","Main churn-risk drivers: frequency_orders, orders_last_60d, spend_last_90d. Main factors reducing churn risk: spend_last_60d, trend_orders_30_vs_90, orders_last_30d."
16497,"orders_last_60d, spend_last_90d, trend_spend_30_vs_90","frequency_orders, spend_last_60d, trend_orders_30_vs_90","Main churn-risk drivers: orders_last_60d, spend_last_90d, trend_spend_30_vs_90. Main factors reducing churn risk: frequency_orders, spend_last_60d, trend_orders_30_vs_90."
16498,"frequency_orders, monetary_total, orders_last_60d","trend_spend_30_vs_90, spend_last_60d, recency_days","Main churn-risk drivers: frequency_orders, monetary_total, orders_last_60d. Main factors reducing churn risk: trend_spend_30_vs_90, spend_last_60d, recency_days."
16499,"recency_days, frequency_orders, monetary_total","spend_last_60d, trend_orders_30_vs_90, orders_last_30d","Main churn-risk drivers: recency_days, frequency_orders, monetary_total. Main factors reducing churn risk: spend_last_60d, trend_orders_30_vs_90, orders_last_30d."
16500,"frequency_orders, recency_days, monetary_total","spend_last_60d, trend_orders_30_vs_90, orders_last_30d","Main churn-risk drivers: frequency_orders, recency_days, monetary_total. Main factors reducing churn risk: spend_last_60d, trend_orders_30_vs_90, orders_last_30d."
16503,"orders_last_30d, trend_spend_30_vs_90, spend_last_90d","recency_days, frequency_orders, trend_orders_30_vs_90","Main churn-risk drivers: orders_last_30d, trend_spend_30_vs_90, spend_last_90d. Main factors reducing churn risk: recency_days, frequency_orders, trend_orders_30_vs_90."
16509,"frequency_orders, recency_days, monetary_total","spend_last_60d, trend_orders_30_vs_90, orders_last_30d","Main churn-risk drivers: frequency_orders, recency_days, monetary_total. Main factors reducing churn risk: spend_last_60d, trend_orders_30_vs_90, orders_last_30d."
16510,"frequency_orders, recency_days, monetary_total","spend_last_60d, trend_orders_30_vs_90, orders_last_30d","Main churn-risk drivers: frequency_orders, recency_days, monetary_total. Main factors reducing churn risk: spend_last_60d, trend_orders_30_vs_90, orders_last_30d."
16511,"frequency_orders, monetary_total, trend_orders_30_vs_90","trend_spend_30_vs_90, recency_days, monetary_mean","Main churn-risk drivers: frequency_orders, monetary_total, trend_orders_30_vs_90. Main factors reducing churn risk: trend_spend_30_vs_90, recency_days, monetary_mean."
16515,"orders_last_30d, monetary_total, trend_orders_30_vs_90","recency_days, frequency_orders, monetary_mean","Main churn-risk drivers: orders_last_30d, monetary_total, trend_orders_30_vs_90. Main factors reducing churn risk: recency_days, frequency_orders, monetary_mean."
16517,"frequency_orders, monetary_total, recency_days","spend_last_60d, trend_orders_30_vs_90, monetary_mean","Main churn-risk drivers: frequency_orders, monetary_total, recency_days. Main factors reducing churn risk: spend_last_60d, trend_orders_30_vs_90, monetary_mean."
16518,"frequency_orders, monetary_total, recency_days","spend_last_60d, trend_orders_30_vs_90, orders_last_30d","Main churn-risk drivers: frequency_orders, monetary_total, recency_days. Main factors reducing churn risk: spend_last_60d, trend_orders_30_vs_90, orders_last_30d."
16519,"frequency_orders, recency_days, monetary_total","spend_last_60d, trend_orders_30_vs_90, orders_last_30d","Main churn-risk drivers: frequency_orders, recency_days, monetary_total. Main factors reducing churn risk: spend_last_60d, trend_orders_30_vs_90, orders_last_30d."
16520,"orders_last_60d, frequency_orders, monetary_total","spend_last_60d, trend_orders_30_vs_90, monetary_mean","Main churn-risk drivers: orders_last_60d, frequency_orders, monetary_total. Main factors reducing churn risk: spend_last_60d, trend_orders_30_vs_90, monetary_mean."
16523,"spend_last_60d, orders_last_30d, trend_orders_30_vs_90","frequency_orders, monetary_total, orders_last_60d","Main churn-risk drivers: spend_last_60d, orders_last_30d, trend_orders_30_vs_90. Main factors reducing churn risk: frequency_orders, monetary_total, orders_last_60d."
16525,"orders_last_30d, spend_last_60d, trend_orders_30_vs_90","frequency_orders, monetary_total, orders_last_60d","Main churn-risk drivers: orders_last_30d, spend_last_60d, trend_orders_30_vs_90. Main factors reducing churn risk: frequency_orders, monetary_total, orders_last_60d."
16526,"frequency_orders, monetary_total, orders_last_60d","trend_spend_30_vs_90, spend_last_60d, orders_last_30d","Main churn-risk drivers: frequency_orders, monetary_total, orders_last_60d. Main factors reducing churn risk: trend_spend_30_vs_90, spend_last_60d, orders_last_30d."
16529,"frequency_orders, monetary_total, orders_last_60d","spend_last_60d, trend_orders_30_vs_90, monetary_mean","Main churn-risk drivers: frequency_orders, monetary_total, orders_last_60d. Main factors reducing churn risk: spend_last_60d, trend_orders_30_vs_90, monetary_mean."
16531,"monetary_total, trend_orders_30_vs_90, spend_last_90d","recency_days, trend_spend_30_vs_90, frequency_orders","Main churn-risk drivers: monetary_total, trend_orders_30_vs_90, spend_last_90d. Main factors reducing churn risk: recency_days, trend_spend_30_vs_90, frequency_orders."
16532,"monetary_median, monetary_mean, spend_last_60d","monetary_total, spend_last_90d, recency_days","Main churn-risk drivers: monetary_median, monetary_mean, spend_last_60d. Main factors reducing churn risk: monetary_total, spend_last_90d, recency_days."
16536,"frequency_orders, monetary_total, orders_last_30d","recency_days, trend_orders_30_vs_90, monetary_mean","Main churn-risk drivers: frequency_orders, monetary_total, orders_last_30d. Main factors reducing churn risk: recency_days, trend_orders_30_vs_90, monetary_mean."
16539,"orders_last_60d, frequency_orders, monetary_total","spend_last_60d, trend_orders_30_vs_90, orders_last_30d","Main churn-risk drivers: orders_last_60d, frequency_orders, monetary_total. Main factors reducing churn risk: spend_last_60d, trend_orders_30_vs_90, orders_last_30d."
16545,"frequency_orders, monetary_total, orders_last_60d","trend_spend_30_vs_90, spend_last_60d, recency_days","Main churn-risk drivers: frequency_orders, monetary_total, orders_last_60d. Main factors reducing churn risk: trend_spend_30_vs_90, spend_last_60d, recency_days."
16546,"frequency_orders, recency_days, orders_last_60d","spend_last_60d, trend_orders_30_vs_90, orders_last_30d","Main churn-risk drivers: frequency_orders, recency_days, orders_last_60d. Main factors reducing churn risk: spend_last_60d, trend_orders_30_vs_90, orders_last_30d."
16549,"frequency_orders, monetary_total, trend_orders_30_vs_90","recency_days, trend_spend_30_vs_90, monetary_mean","Main churn-risk drivers: frequency_orders, monetary_total, trend_orders_30_vs_90. Main factors reducing churn risk: recency_days, trend_spend_30_vs_90, monetary_mean."
16550,"orders_last_30d, spend_last_60d, trend_orders_30_vs_90","frequency_orders, recency_days, monetary_total","Main churn-risk drivers: orders_last_30d, spend_last_60d, trend_orders_30_vs_90. Main factors reducing churn risk: frequency_orders, recency_days, monetary_total."
16551,"monetary_total, frequency_orders, orders_last_30d","orders_last_60d, recency_days, monetary_mean","Main churn-risk drivers: monetary_total, frequency_orders, orders_last_30d. Main factors reducing churn risk: orders_last_60d, recency_days, monetary_mean."
16552,"frequency_orders, monetary_total, orders_last_60d","spend_last_60d, trend_orders_30_vs_90, orders_last_30d","Main churn-risk drivers: frequency_orders, monetary_total, orders_last_60d. Main factors reducing churn risk: spend_last_60d, trend_orders_30_vs_90, orders_last_30d."
16553,"orders_last_60d, trend_orders_30_vs_90, orders_last_90d","frequency_orders, monetary_total, trend_spend_30_vs_90","Main churn-risk drivers: orders_last_60d, trend_orders_30_vs_90, orders_last_90d. Main factors reducing churn risk: frequency_orders, monetary_total, trend_spend_30_vs_90."
16554,"frequency_orders, monetary_total, orders_last_60d","spend_last_60d, trend_orders_30_vs_90, monetary_mean","Main churn-risk drivers: frequency_orders, monetary_total, orders_last_60d. Main factors reducing churn risk: spend_last_60d, trend_orders_30_vs_90, monetary_mean."
16555,"frequency_orders, monetary_total, orders_last_30d","recency_days, trend_orders_30_vs_90, spend_last_60d","Main churn-risk drivers: frequency_orders, monetary_total, orders_last_30d. Main factors reducing churn risk: recency_days, trend_orders_30_vs_90, spend_last_60d."
16556,"orders_last_30d, trend_orders_30_vs_90, spend_last_60d","frequency_orders, recency_days, monetary_total","Main churn-risk drivers: orders_last_30d, trend_orders_30_vs_90, spend_last_60d. Main factors reducing churn risk: frequency_orders, recency_days, monetary_total."
16557,"frequency_orders, monetary_total, trend_orders_30_vs_90","recency_days, trend_spend_30_vs_90, spend_last_60d","Main churn-risk drivers: frequency_orders, monetary_total, trend_orders_30_vs_90. Main factors reducing churn risk: recency_days, trend_spend_30_vs_90, spend_last_60d."
16558,"spend_last_60d, trend_orders_30_vs_90, orders_last_30d","frequency_orders, monetary_total, orders_last_60d","Main churn-risk drivers: spend_last_60d, trend_orders_30_vs_90, orders_last_30d. Main factors reducing churn risk: frequency_orders, monetary_total, orders_last_60d."
16560,"frequency_orders, recency_days, monetary_total","spend_last_60d, trend_orders_30_vs_90, orders_last_30d","Main churn-risk drivers: frequency_orders, recency_days, monetary_total. Main factors reducing churn risk: spend_last_60d, trend_orders_30_vs_90, orders_last_30d."
16565,"frequency_orders, recency_days, monetary_total","spend_last_60d, trend_orders_30_vs_90, orders_last_30d","Main churn-risk drivers: frequency_orders, recency_days, monetary_total. Main factors reducing churn risk: spend_last_60d, trend_orders_30_vs_90, orders_last_30d."
16566,"monetary_total, orders_last_60d, frequency_orders","trend_spend_30_vs_90, spend_last_60d, orders_last_30d","Main churn-risk drivers: monetary_total, orders_last_60d, frequency_orders. Main factors reducing churn risk: trend_spend_30_vs_90, spend_last_60d, orders_last_30d."
16567,"frequency_orders, orders_last_60d, monetary_total","spend_last_60d, trend_orders_30_vs_90, orders_last_30d","Main churn-risk drivers: frequency_orders, orders_last_60d, monetary_total. Main factors reducing churn risk: spend_last_60d, trend_orders_30_vs_90, orders_last_30d."
16570,"trend_orders_30_vs_90, orders_last_90d","frequency_orders, recency_days, trend_spend_30_vs_90","Main churn-risk drivers: trend_orders_30_vs_90, orders_last_90d. Main factors reducing churn risk: frequency_orders, recency_days, trend_spend_30_vs_90."
16571,"frequency_orders, orders_last_60d, monetary_total","trend_spend_30_vs_90, spend_last_60d, monetary_mean","Main churn-risk drivers: frequency_orders, orders_last_60d, monetary_total. Main factors reducing churn risk: trend_spend_30_vs_90, spend_last_60d, monetary_mean."
16572,"trend_orders_30_vs_90, monetary_total, frequency_orders","recency_days, trend_spend_30_vs_90, orders_last_30d","Main churn-risk drivers: trend_orders_30_vs_90, monetary_total, frequency_orders. Main factors reducing churn risk: recency_days, trend_spend_30_vs_90, orders_last_30d."
16573,"frequency_orders, recency_days, monetary_total","spend_last_60d, trend_orders_30_vs_90, orders_last_30d","Main churn-risk drivers: frequency_orders, recency_days, monetary_total. Main factors reducing churn risk: spend_last_60d, trend_orders_30_vs_90, orders_last_30d."
16581,"frequency_orders, monetary_total, orders_last_60d","spend_last_60d, trend_orders_30_vs_90, monetary_mean","Main churn-risk drivers: frequency_orders, monetary_total, orders_last_60d. Main factors reducing churn risk: spend_last_60d, trend_orders_30_vs_90, monetary_mean."
16582,"frequency_orders, monetary_total, orders_last_30d","recency_days, trend_orders_30_vs_90, orders_last_60d","Main churn-risk drivers: frequency_orders, monetary_total, orders_last_30d. Main factors reducing churn risk: recency_days, trend_orders_30_vs_90, orders_last_60d."
16583,"frequency_orders, recency_days, monetary_total","spend_last_60d, trend_orders_30_vs_90, orders_last_30d","Main churn-risk drivers: frequency_orders, recency_days, monetary_total. Main factors reducing churn risk: spend_last_60d, trend_orders_30_vs_90, orders_last_30d."
16584,"frequency_orders, monetary_total, orders_last_60d","spend_last_60d, trend_orders_30_vs_90, orders_last_30d","Main churn-risk drivers: frequency_orders, monetary_total, orders_last_60d. Main factors reducing churn risk: spend_last_60d, trend_orders_30_vs_90, orders_last_30d."
16586,"frequency_orders, monetary_total, orders_last_60d","spend_last_60d, trend_orders_30_vs_90, orders_last_30d","Main churn-risk drivers: frequency_orders, monetary_total, orders_last_60d. Main factors reducing churn risk: spend_last_60d, trend_orders_30_vs_90, orders_last_30d."
16587,"frequency_orders, monetary_total, orders_last_60d","spend_last_60d, trend_orders_30_vs_90, orders_last_30d","Main churn-risk drivers: frequency_orders, monetary_total, orders_last_60d. Main factors reducing churn risk: spend_last_60d, trend_orders_30_vs_90, orders_last_30d."
16589,"frequency_orders, monetary_total, orders_last_30d","recency_days, spend_last_60d, monetary_mean","Main churn-risk drivers: frequency_orders, monetary_total, orders_last_30d. Main factors reducing churn risk: recency_days, spend_last_60d, monetary_mean."
16592,"trend_orders_30_vs_90, spend_last_60d, orders_last_90d","frequency_orders, orders_last_60d, recency_days","Main churn-risk drivers: trend_orders_30_vs_90, spend_last_60d, orders_last_90d. Main factors reducing churn risk: frequency_orders, orders_last_60d, recency_days."
16593,"frequency_orders, monetary_total, orders_last_60d","spend_last_60d, trend_orders_30_vs_90, monetary_mean","Main churn-risk drivers: frequency_orders, monetary_total, orders_last_60d. Main factors reducing churn risk: spend_last_60d, trend_orders_30_vs_90, monetary_mean."
16596,"frequency_orders, recency_days, monetary_total","spend_last_60d, trend_orders_30_vs_90, orders_last_30d","Main churn-risk drivers: frequency_orders, recency_days, monetary_total. Main factors reducing churn risk: spend_last_60d, trend_orders_30_vs_90, orders_last_30d."
16598,"frequency_orders, monetary_total, recency_days","spend_last_60d, trend_orders_30_vs_90, monetary_mean","Main churn-risk drivers: frequency_orders, monetary_total, recency_days. Main factors reducing churn risk: spend_last_60d, trend_orders_30_vs_90, monetary_mean."
16600,"frequency_orders, monetary_total, orders_last_60d","spend_last_60d, trend_orders_30_vs_90, monetary_mean","Main churn-risk drivers: frequency_orders, monetary_total, orders_last_60d. Main factors reducing churn risk: spend_last_60d, trend_orders_30_vs_90, monetary_mean."
16603,"frequency_orders, monetary_total, orders_last_30d","recency_days, trend_orders_30_vs_90, monetary_mean","Main churn-risk drivers: frequency_orders, monetary_total, orders_last_30d. Main factors reducing churn risk: recency_days, trend_orders_30_vs_90, monetary_mean."
16607,"trend_orders_30_vs_90, spend_last_60d, orders_last_90d","frequency_orders, orders_last_60d, recency_days","Main churn-risk drivers: trend_orders_30_vs_90, spend_last_60d, orders_last_90d. Main factors reducing churn risk: frequency_orders, orders_last_60d, recency_days."
16609,"trend_orders_30_vs_90, orders_last_90d, spend_last_60d","frequency_orders, monetary_total, recency_days","Main churn-risk drivers: trend_orders_30_vs_90, orders_last_90d, spend_last_60d. Main factors reducing churn risk: frequency_orders, monetary_total, recency_days."
16610,"frequency_orders, monetary_total, orders_last_60d","spend_last_60d, trend_orders_30_vs_90, monetary_mean","Main churn-risk drivers: frequency_orders, monetary_total, orders_last_60d. Main factors reducing churn risk: spend_last_60d, trend_orders_30_vs_90, monetary_mean."
16611,"frequency_orders, monetary_total, orders_last_60d","spend_last_60d, trend_orders_30_vs_90, monetary_mean","Main churn-risk drivers: frequency_orders, monetary_total, orders_last_60d. Main factors reducing churn risk: spend_last_60d, trend_orders_30_vs_90, monetary_mean."
16612,"monetary_total, frequency_orders, orders_last_30d","recency_days, trend_orders_30_vs_90, spend_last_60d","Main churn-risk drivers: monetary_total, frequency_orders, orders_last_30d. Main factors reducing churn risk: recency_days, trend_orders_30_vs_90, spend_last_60d."
16614,"frequency_orders, monetary_total, orders_last_60d","spend_last_60d, trend_orders_30_vs_90, orders_last_30d","Main churn-risk drivers: frequency_orders, monetary_total, orders_last_60d. Main factors reducing churn risk: spend_last_60d, trend_orders_30_vs_90, orders_last_30d."
16616,"frequency_orders, monetary_total, orders_last_60d","trend_spend_30_vs_90, spend_last_60d, recency_days","Main churn-risk drivers: frequency_orders, monetary_total, orders_last_60d. Main factors reducing churn risk: trend_spend_30_vs_90, spend_last_60d, recency_days."
16617,"frequency_orders, monetary_total, orders_last_60d","spend_last_60d, trend_orders_30_vs_90, orders_last_30d","Main churn-risk drivers: frequency_orders, monetary_total, orders_last_60d. Main factors reducing churn risk: spend_last_60d, trend_orders_30_vs_90, orders_last_30d."
16618,"orders_last_60d, spend_last_90d, trend_spend_30_vs_90","spend_last_60d, frequency_orders, trend_orders_30_vs_90","Main churn-risk drivers: orders_last_60d, spend_last_90d, trend_spend_30_vs_90. Main factors reducing churn risk: spend_last_60d, frequency_orders, trend_orders_30_vs_90."
16619,"frequency_orders, monetary_total, recency_days","spend_last_60d, trend_orders_30_vs_90, orders_last_30d","Main churn-risk drivers: frequency_orders, monetary_total, recency_days. Main factors reducing churn risk: spend_last_60d, trend_orders_30_vs_90, orders_last_30d."
16620,"frequency_orders, monetary_total, recency_days","spend_last_60d, trend_orders_30_vs_90, orders_last_30d","Main churn-risk drivers: frequency_orders, monetary_total, recency_days. Main factors reducing churn risk: spend_last_60d, trend_orders_30_vs_90, orders_last_30d."
16621,"monetary_total, frequency_orders, trend_orders_30_vs_90","trend_spend_30_vs_90, recency_days, spend_last_60d","Main churn-risk drivers: monetary_total, frequency_orders, trend_orders_30_vs_90. Main factors reducing churn risk: trend_spend_30_vs_90, recency_days, spend_last_60d."
16623,"frequency_orders, monetary_total, orders_last_60d","spend_last_60d, trend_orders_30_vs_90, orders_last_30d","Main churn-risk drivers: frequency_orders, monetary_total, orders_last_60d. Main factors reducing churn risk: spend_last_60d, trend_orders_30_vs_90, orders_last_30d."
16624,"frequency_orders, monetary_total, orders_last_60d","spend_last_60d, trend_orders_30_vs_90, orders_last_30d","Main churn-risk drivers: frequency_orders, monetary_total, orders_last_60d. Main factors reducing churn risk: spend_last_60d, trend_orders_30_vs_90, orders_last_30d."
16625,"frequency_orders, monetary_total, recency_days","spend_last_60d, trend_orders_30_vs_90, monetary_mean","Main churn-risk drivers: frequency_orders, monetary_total, recency_days. Main factors reducing churn risk: spend_last_60d, trend_orders_30_vs_90, monetary_mean."
16626,"trend_orders_30_vs_90, orders_last_30d, orders_last_90d","frequency_orders, orders_last_60d, recency_days","Main churn-risk drivers: trend_orders_30_vs_90, orders_last_30d, orders_last_90d. Main factors reducing churn risk: frequency_orders, orders_last_60d, recency_days."
16628,"spend_last_60d, orders_last_30d, trend_orders_30_vs_90","orders_last_60d, recency_days, frequency_orders","Main churn-risk drivers: spend_last_60d, orders_last_30d, trend_orders_30_vs_90. Main factors reducing churn risk: orders_last_60d, recency_days, frequency_orders."
16629,"frequency_orders, monetary_total, orders_last_30d","recency_days, trend_orders_30_vs_90, monetary_mean","Main churn-risk drivers: frequency_orders, monetary_total, orders_last_30d. Main factors reducing churn risk: recency_days, trend_orders_30_vs_90, monetary_mean."
16633,"frequency_orders, monetary_total, orders_last_30d","recency_days, trend_orders_30_vs_90, orders_last_60d","Main churn-risk drivers: frequency_orders, monetary_total, orders_last_30d. Main factors reducing churn risk: recency_days, trend_orders_30_vs_90, orders_last_60d."
16634,"frequency_orders, monetary_total, orders_last_60d","spend_last_60d, trend_orders_30_vs_90, orders_last_30d","Main churn-risk drivers: frequency_orders, monetary_total, orders_last_60d. Main factors reducing churn risk: spend_last_60d, trend_orders_30_vs_90, orders_last_30d."
16637,"frequency_orders, monetary_total, trend_orders_30_vs_90","recency_days, trend_spend_30_vs_90, orders_last_30d","Main churn-risk drivers: frequency_orders, monetary_total, trend_orders_30_vs_90. Main factors reducing churn risk: recency_days, trend_spend_30_vs_90, orders_last_30d."
16638,"orders_last_30d, trend_spend_30_vs_90, spend_last_90d","frequency_orders, orders_last_60d, recency_days","Main churn-risk drivers: orders_last_30d, trend_spend_30_vs_90, spend_last_90d. Main factors reducing churn risk: frequency_orders, orders_last_60d, recency_days."
16639,"frequency_orders, monetary_total, orders_last_60d","spend_last_60d, trend_orders_30_vs_90, orders_last_30d","Main churn-risk drivers: frequency_orders, monetary_total, orders_last_60d. Main factors reducing churn risk: spend_last_60d, trend_orders_30_vs_90, orders_last_30d."
16641,"frequency_orders, monetary_total, orders_last_30d","recency_days, trend_orders_30_vs_90, orders_last_60d","Main churn-risk drivers: frequency_orders, monetary_total, orders_last_30d. Main factors reducing churn risk: recency_days, trend_orders_30_vs_90, orders_last_60d."
16642,"frequency_orders, monetary_total, orders_last_60d","spend_last_60d, trend_orders_30_vs_90, orders_last_30d","Main churn-risk drivers: frequency_orders, monetary_total, orders_last_60d. Main factors reducing churn risk: spend_last_60d, trend_orders_30_vs_90, orders_last_30d."
16643,"frequency_orders, monetary_total, orders_last_60d","spend_last_60d, trend_orders_30_vs_90, orders_last_30d","Main churn-risk drivers: frequency_orders, monetary_total, orders_last_60d. Main factors reducing churn risk: spend_last_60d, trend_orders_30_vs_90, orders_last_30d."
16644,"frequency_orders, orders_last_60d, monetary_total","trend_spend_30_vs_90, spend_last_60d, monetary_mean","Main churn-risk drivers: frequency_orders, orders_last_60d, monetary_total. Main factors reducing churn risk: trend_spend_30_vs_90, spend_last_60d, monetary_mean."
16647,"frequency_orders, monetary_total, orders_last_60d","trend_spend_30_vs_90, spend_last_60d, monetary_mean","Main churn-risk drivers: frequency_orders, monetary_total, orders_last_60d. Main factors reducing churn risk: trend_spend_30_vs_90, spend_last_60d, monetary_mean."
16652,"spend_last_60d, orders_last_30d, trend_spend_30_vs_90","monetary_total, frequency_orders, orders_last_60d","Main churn-risk drivers: spend_last_60d, orders_last_30d, trend_spend_30_vs_90. Main factors reducing churn risk: monetary_total, frequency_orders, orders_last_60d."
16654,"monetary_total, trend_orders_30_vs_90, spend_last_90d","recency_days, trend_spend_30_vs_90, frequency_orders","Main churn-risk drivers: monetary_total, trend_orders_30_vs_90, spend_last_90d. Main factors reducing churn risk: recency_days, trend_spend_30_vs_90, frequency_orders."
16655,"frequency_orders, trend_orders_30_vs_90, spend_last_60d","recency_days, trend_spend_30_vs_90, monetary_mean","Main churn-risk drivers: frequency_orders, trend_orders_30_vs_90, spend_last_60d. Main factors reducing churn risk: recency_days, trend_spend_30_vs_90, monetary_mean."
16656,"spend_last_60d, orders_last_30d, trend_orders_30_vs_90","frequency_orders, monetary_total, orders_last_60d","Main churn-risk drivers: spend_last_60d, orders_last_30d, trend_orders_30_vs_90. Main factors reducing churn risk: frequency_orders, monetary_total, orders_last_60d."
16657,"frequency_orders, monetary_total, trend_orders_30_vs_90","trend_spend_30_vs_90, recency_days, monetary_mean","Main churn-risk drivers: frequency_orders, monetary_total, trend_orders_30_vs_90. Main factors reducing churn risk: trend_spend_30_vs_90, recency_days, monetary_mean."
16658,"frequency_orders, recency_days, monetary_total","spend_last_60d, trend_orders_30_vs_90, monetary_mean","Main churn-risk drivers: frequency_orders, recency_days, monetary_total. Main factors reducing churn risk: spend_last_60d, trend_orders_30_vs_90, monetary_mean."
16659,"frequency_orders, monetary_total, orders_last_60d","spend_last_60d, trend_orders_30_vs_90, orders_last_30d","Main churn-risk drivers: frequency_orders, monetary_total, orders_last_60d. Main factors reducing churn risk: spend_last_60d, trend_orders_30_vs_90, orders_last_30d."
16660,"frequency_orders, monetary_total, orders_last_60d","spend_last_60d, trend_orders_30_vs_90, orders_last_30d","Main churn-risk drivers: frequency_orders, monetary_total, orders_last_60d. Main factors reducing churn risk: spend_last_60d, trend_orders_30_vs_90, orders_last_30d."
16665,"frequency_orders, recency_days, monetary_total","spend_last_60d, trend_orders_30_vs_90, monetary_mean","Main churn-risk drivers: frequency_orders, recency_days, monetary_total. Main factors reducing churn risk: spend_last_60d, trend_orders_30_vs_90, monetary_mean."
16667,"frequency_orders, monetary_total, recency_days","spend_last_60d, trend_orders_30_vs_90, monetary_mean","Main churn-risk drivers: frequency_orders, monetary_total, recency_days. Main factors reducing churn risk: spend_last_60d, trend_orders_30_vs_90, monetary_mean."
16668,"monetary_total, orders_last_30d, spend_last_90d","frequency_orders, orders_last_60d, recency_days","Main churn-risk drivers: monetary_total, orders_last_30d, spend_last_90d. Main factors reducing churn risk: frequency_orders, orders_last_60d, recency_days."
16670,"trend_orders_30_vs_90, spend_last_60d, orders_last_30d","frequency_orders, monetary_total, recency_days","Main churn-risk drivers: trend_orders_30_vs_90, spend_last_60d, orders_last_30d. Main factors reducing churn risk: frequency_orders, monetary_total, recency_days."
16671,"frequency_orders, monetary_mean, monetary_median","spend_last_90d, trend_spend_30_vs_90, spend_last_60d","Main churn-risk drivers: frequency_orders, monetary_mean, monetary_median. Main factors reducing churn risk: spend_last_90d, trend_spend_30_vs_90, spend_last_60d."
16672,"spend_last_60d, orders_last_30d, trend_orders_30_vs_90","frequency_orders, monetary_total, orders_last_60d","Main churn-risk drivers: spend_last_60d, orders_last_30d, trend_orders_30_vs_90. Main factors reducing churn risk: frequency_orders, monetary_total, orders_last_60d."
16674,"frequency_orders, monetary_total, orders_last_30d","recency_days, trend_orders_30_vs_90, spend_last_60d","Main churn-risk drivers: frequency_orders, monetary_total, orders_last_30d. Main factors reducing churn risk: recency_days, trend_orders_30_vs_90, spend_last_60d."
16676,"orders_last_60d, frequency_orders, monetary_total","spend_last_60d, trend_orders_30_vs_90, orders_last_30d","Main churn-risk drivers: orders_last_60d, frequency_orders, monetary_total. Main factors reducing churn risk: spend_last_60d, trend_orders_30_vs_90, orders_last_30d."
16678,"orders_last_30d, spend_last_60d, orders_last_90d","frequency_orders, orders_last_60d, recency_days","Main churn-risk drivers: orders_last_30d, spend_last_60d, orders_last_90d. Main factors reducing churn risk: frequency_orders, orders_last_60d, recency_days."
16679,"frequency_orders, recency_days, monetary_total","spend_last_60d, trend_orders_30_vs_90, orders_last_30d","Main churn-risk drivers: frequency_orders, recency_days, monetary_total. Main factors reducing churn risk: spend_last_60d, trend_orders_30_vs_90, orders_last_30d."
16681,"trend_orders_30_vs_90, monetary_total, spend_last_60d","trend_spend_30_vs_90, recency_days, frequency_orders","Main churn-risk drivers: trend_orders_30_vs_90, monetary_total, spend_last_60d. Main factors reducing churn risk: trend_spend_30_vs_90, recency_days, frequency_orders."
16682,"monetary_total, frequency_orders, orders_last_30d","recency_days, orders_last_60d, spend_last_60d","Main churn-risk drivers: monetary_total, frequency_orders, orders_last_30d. Main factors reducing churn risk: recency_days, orders_last_60d, spend_last_60d."
16684,"spend_last_60d, trend_orders_30_vs_90, monetary_mean","monetary_total, frequency_orders, spend_last_90d","Main churn-risk drivers: spend_last_60d, trend_orders_30_vs_90, monetary_mean. Main factors reducing churn risk: monetary_total, frequency_orders, spend_last_90d."
16686,"spend_last_60d, orders_last_30d, trend_spend_30_vs_90","frequency_orders, orders_last_60d, recency_days","Main churn-risk drivers: spend_last_60d, orders_last_30d, trend_spend_30_vs_90. Main factors reducing churn risk: frequency_orders, orders_last_60d, recency_days."
16690,"frequency_orders, monetary_total, orders_last_60d","spend_last_60d, trend_orders_30_vs_90, orders_last_30d","Main churn-risk drivers: frequency_orders, monetary_total, orders_last_60d. Main factors reducing churn risk: spend_last_60d, trend_orders_30_vs_90, orders_last_30d."
16692,"monetary_mean, frequency_orders, orders_last_60d","spend_last_60d, trend_orders_30_vs_90, orders_last_30d","Main churn-risk drivers: monetary_mean, frequency_orders, orders_last_60d. Main factors reducing churn risk: spend_last_60d, trend_orders_30_vs_90, orders_last_30d."
16693,"frequency_orders, monetary_total, recency_days","spend_last_60d, trend_orders_30_vs_90, monetary_mean","Main churn-risk drivers: frequency_orders, monetary_total, recency_days. Main factors reducing churn risk: spend_last_60d, trend_orders_30_vs_90, monetary_mean."
16696,"monetary_total, trend_orders_30_vs_90, spend_last_90d","recency_days, trend_spend_30_vs_90, frequency_orders","Main churn-risk drivers: monetary_total, trend_orders_30_vs_90, spend_last_90d. Main factors reducing churn risk: recency_days, trend_spend_30_vs_90, frequency_orders."
16697,"frequency_orders, monetary_total, orders_last_60d","spend_last_60d, trend_orders_30_vs_90, monetary_mean","Main churn-risk drivers: frequency_orders, monetary_total, orders_last_60d. Main factors reducing churn risk: spend_last_60d, trend_orders_30_vs_90, monetary_mean."
16698,"monetary_mean, frequency_orders, monetary_median","spend_last_60d, trend_orders_30_vs_90, monetary_total","Main churn-risk drivers: monetary_mean, frequency_orders, monetary_median. Main factors reducing churn risk: spend_last_60d, trend_orders_30_vs_90, monetary_total."
16700,"trend_orders_30_vs_90, spend_last_60d, orders_last_90d","frequency_orders, monetary_total, orders_last_60d","Main churn-risk drivers: trend_orders_30_vs_90, spend_last_60d, orders_last_90d. Main factors reducing churn risk: frequency_orders, monetary_total, orders_last_60d."
16701,"trend_orders_30_vs_90, orders_last_90d, spend_last_60d","frequency_orders, monetary_total, spend_last_90d","Main churn-risk drivers: trend_orders_30_vs_90, orders_last_90d, spend_last_60d. Main factors reducing churn risk: frequency_orders, monetary_total, spend_last_90d."
16705,"spend_last_60d, orders_last_30d, spend_last_30d","monetary_total, frequency_orders, spend_last_90d","Main churn-risk drivers: spend_last_60d, orders_last_30d, spend_last_30d. Main factors reducing churn risk: monetary_total, frequency_orders, spend_last_90d."
16706,"frequency_orders, monetary_total, orders_last_30d","orders_last_60d, recency_days, trend_orders_30_vs_90","Main churn-risk drivers: frequency_orders, monetary_total, orders_last_30d. Main factors reducing churn risk: orders_last_60d, recency_days, trend_orders_30_vs_90."
16709,"orders_last_60d, spend_last_90d, trend_spend_30_vs_90","spend_last_60d, frequency_orders, trend_orders_30_vs_90","Main churn-risk drivers: orders_last_60d, spend_last_90d, trend_spend_30_vs_90. Main factors reducing churn risk: spend_last_60d, frequency_orders, trend_orders_30_vs_90."
16710,"trend_orders_30_vs_90, spend_last_90d","frequency_orders, recency_days, trend_spend_30_vs_90","Main churn-risk drivers: trend_orders_30_vs_90, spend_last_90d. Main factors reducing churn risk: frequency_orders, recency_days, trend_spend_30_vs_90."
16711,"monetary_total, frequency_orders, trend_orders_30_vs_90","recency_days, trend_spend_30_vs_90, orders_last_30d","Main churn-risk drivers: monetary_total, frequency_orders, trend_orders_30_vs_90. Main factors reducing churn risk: recency_days, trend_spend_30_vs_90, orders_last_30d."
16712,"orders_last_30d, spend_last_60d, trend_orders_30_vs_90","frequency_orders, orders_last_60d, recency_days","Main churn-risk drivers: orders_last_30d, spend_last_60d, trend_orders_30_vs_90. Main factors reducing churn risk: frequency_orders, orders_last_60d, recency_days."
16713,"spend_last_60d, trend_orders_30_vs_90, orders_last_30d","frequency_orders, monetary_total, orders_last_60d","Main churn-risk drivers: spend_last_60d, trend_orders_30_vs_90, orders_last_30d. Main factors reducing churn risk: frequency_orders, monetary_total, orders_last_60d."
16714,"orders_last_60d, frequency_orders, spend_last_90d","spend_last_60d, trend_orders_30_vs_90, monetary_mean","Main churn-risk drivers: orders_last_60d, frequency_orders, spend_last_90d. Main factors reducing churn risk: spend_last_60d, trend_orders_30_vs_90, monetary_mean."
16716,"monetary_mean, monetary_median, frequency_orders","spend_last_60d, trend_orders_30_vs_90, orders_last_30d","Main churn-risk drivers: monetary_mean, monetary_median, frequency_orders. Main factors reducing churn risk: spend_last_60d, trend_orders_30_vs_90, orders_last_30d."
16717,"trend_orders_30_vs_90, orders_last_30d, orders_last_90d","recency_days, spend_last_90d, frequency_orders","Main churn-risk drivers: trend_orders_30_vs_90, orders_last_30d, orders_last_90d. Main factors reducing churn risk: recency_days, spend_last_90d, frequency_orders."
16718,"frequency_orders, recency_days, orders_last_60d","spend_last_60d, trend_orders_30_vs_90, monetary_mean","Main churn-risk drivers: frequency_orders, recency_days, orders_last_60d. Main factors reducing churn risk: spend_last_60d, trend_orders_30_vs_90, monetary_mean."
16719,"trend_orders_30_vs_90, monetary_total, spend_last_90d","frequency_orders, trend_spend_30_vs_90, recency_days","Main churn-risk drivers: trend_orders_30_vs_90, monetary_total, spend_last_90d. Main factors reducing churn risk: frequency_orders, trend_spend_30_vs_90, recency_days."
16721,"frequency_orders, monetary_total, recency_days","spend_last_60d, trend_orders_30_vs_90, monetary_mean","Main churn-risk drivers: frequency_orders, monetary_total, recency_days. Main factors reducing churn risk: spend_last_60d, trend_orders_30_vs_90, monetary_mean."
16722,"orders_last_30d, spend_last_60d, trend_orders_30_vs_90","frequency_orders, orders_last_60d, monetary_total","Main churn-risk drivers: orders_last_30d, spend_last_60d, trend_orders_30_vs_90. Main factors reducing churn risk: frequency_orders, orders_last_60d, monetary_total."
16723,"frequency_orders, orders_last_30d, monetary_total","orders_last_60d, recency_days, trend_orders_30_vs_90","Main churn-risk drivers: frequency_orders, orders_last_30d, monetary_total. Main factors reducing churn risk: orders_last_60d, recency_days, trend_orders_30_vs_90."
16725,"recency_days, orders_last_60d, monetary_total","frequency_orders, spend_last_60d, trend_orders_30_vs_90","Main churn-risk drivers: recency_days, orders_last_60d, monetary_total. Main factors reducing churn risk: frequency_orders, spend_last_60d, trend_orders_30_vs_90."
16726,"orders_last_60d, monetary_total, spend_last_90d","spend_last_60d, frequency_orders, trend_orders_30_vs_90","Main churn-risk drivers: orders_last_60d, monetary_total, spend_last_90d. Main factors reducing churn risk: spend_last_60d, frequency_orders, trend_orders_30_vs_90."
16727,"frequency_orders, recency_days, monetary_total","spend_last_60d, trend_orders_30_vs_90, monetary_mean","Main churn-risk drivers: frequency_orders, recency_days, monetary_total. Main factors reducing churn risk: spend_last_60d, trend_orders_30_vs_90, monetary_mean."
16728,"monetary_total, orders_last_60d, frequency_orders","trend_spend_30_vs_90, spend_last_60d, monetary_mean","Main churn-risk drivers: monetary_total, orders_last_60d, frequency_orders. Main factors reducing churn risk: trend_spend_30_vs_90, spend_last_60d, monetary_mean."
16729,"spend_last_60d, orders_last_30d, trend_orders_30_vs_90","frequency_orders, orders_last_60d, monetary_total","Main churn-risk drivers: spend_last_60d, orders_last_30d, trend_orders_30_vs_90. Main factors reducing churn risk: frequency_orders, orders_last_60d, monetary_total."
16730,"frequency_orders, monetary_total, orders_last_60d","spend_last_60d, trend_orders_30_vs_90, monetary_mean","Main churn-risk drivers: frequency_orders, monetary_total, orders_last_60d. Main factors reducing churn risk: spend_last_60d, trend_orders_30_vs_90, monetary_mean."
16734,"frequency_orders, monetary_total, orders_last_30d","orders_last_60d, recency_days, trend_orders_30_vs_90","Main churn-risk drivers: frequency_orders, monetary_total, orders_last_30d. Main factors reducing churn risk: orders_last_60d, recency_days, trend_orders_30_vs_90."
16735,"orders_last_30d, spend_last_60d, trend_spend_30_vs_90","orders_last_60d, recency_days, frequency_orders","Main churn-risk drivers: orders_last_30d, spend_last_60d, trend_spend_30_vs_90. Main factors reducing churn risk: orders_last_60d, recency_days, frequency_orders."
16738,"frequency_orders, monetary_total, recency_days","spend_last_60d, trend_orders_30_vs_90, monetary_mean","Main churn-risk drivers: frequency_orders, monetary_total, recency_days. Main factors reducing churn risk: spend_last_60d, trend_orders_30_vs_90, monetary_mean."
16739,"frequency_orders, monetary_total, orders_last_60d","trend_spend_30_vs_90, spend_last_60d, orders_last_30d","Main churn-risk drivers: frequency_orders, monetary_total, orders_last_60d. Main factors reducing churn risk: trend_spend_30_vs_90, spend_last_60d, orders_last_30d."
16743,"trend_orders_30_vs_90, orders_last_30d, orders_last_90d","frequency_orders, recency_days, monetary_mean","Main churn-risk drivers: trend_orders_30_vs_90, orders_last_30d, orders_last_90d. Main factors reducing churn risk: frequency_orders, recency_days, monetary_mean."
16744,"monetary_total, frequency_orders, trend_orders_30_vs_90","orders_last_60d, recency_days, monetary_mean","Main churn-risk drivers: monetary_total, frequency_orders, trend_orders_30_vs_90. Main factors reducing churn risk: orders_last_60d, recency_days, monetary_mean."
16745,"spend_last_60d, orders_last_30d, trend_orders_30_vs_90","frequency_orders, monetary_total, orders_last_60d","Main churn-risk drivers: spend_last_60d, orders_last_30d, trend_orders_30_vs_90. Main factors reducing churn risk: frequency_orders, monetary_total, orders_last_60d."
16746,"orders_last_30d, spend_last_60d, trend_orders_30_vs_90","frequency_orders, orders_last_60d, monetary_total","Main churn-risk drivers: orders_last_30d, spend_last_60d, trend_orders_30_vs_90. Main factors reducing churn risk: frequency_orders, orders_last_60d, monetary_total."
16748,"orders_last_60d, monetary_total, frequency_orders","spend_last_60d, trend_orders_30_vs_90, orders_last_30d","Main churn-risk drivers: orders_last_60d, monetary_total, frequency_orders. Main factors reducing churn risk: spend_last_60d, trend_orders_30_vs_90, orders_last_30d."
16750,"monetary_total, trend_orders_30_vs_90, frequency_orders","orders_last_60d, recency_days, trend_spend_30_vs_90","Main churn-risk drivers: monetary_total, trend_orders_30_vs_90, frequency_orders. Main factors reducing churn risk: orders_last_60d, recency_days, trend_spend_30_vs_90."
16752,"frequency_orders, recency_days, monetary_total","spend_last_60d, trend_orders_30_vs_90, orders_last_30d","Main churn-risk drivers: frequency_orders, recency_days, monetary_total. Main factors reducing churn risk: spend_last_60d, trend_orders_30_vs_90, orders_last_30d."
16754,"monetary_mean, monetary_median, frequency_orders","spend_last_60d, trend_orders_30_vs_90, monetary_total","Main churn-risk drivers: monetary_mean, monetary_median, frequency_orders. Main factors reducing churn risk: spend_last_60d, trend_orders_30_vs_90, monetary_total."
16755,"frequency_orders, orders_last_30d, trend_spend_30_vs_90","recency_days, trend_orders_30_vs_90, monetary_mean","Main churn-risk drivers: frequency_orders, orders_last_30d, trend_spend_30_vs_90. Main factors reducing churn risk: recency_days, trend_orders_30_vs_90, monetary_mean."
16756,"frequency_orders, monetary_total, orders_last_60d","spend_last_60d, trend_orders_30_vs_90, orders_last_30d","Main churn-risk drivers: frequency_orders, monetary_total, orders_last_60d. Main factors reducing churn risk: spend_last_60d, trend_orders_30_vs_90, orders_last_30d."
16757,"frequency_orders, recency_days, monetary_total","spend_last_60d, trend_orders_30_vs_90, monetary_mean","Main churn-risk drivers: frequency_orders, recency_days, monetary_total. Main factors reducing churn risk: spend_last_60d, trend_orders_30_vs_90, monetary_mean."
16761,"frequency_orders, monetary_total, orders_last_30d","recency_days, trend_orders_30_vs_90, orders_last_60d","Main churn-risk drivers: frequency_orders, monetary_total, orders_last_30d. Main factors reducing churn risk: recency_days, trend_orders_30_vs_90, orders_last_60d."
16762,"frequency_orders, monetary_total, trend_orders_30_vs_90","recency_days, trend_spend_30_vs_90, orders_last_30d","Main churn-risk drivers: frequency_orders, monetary_total, trend_orders_30_vs_90. Main factors reducing churn risk: recency_days, trend_spend_30_vs_90, orders_last_30d."
16763,"frequency_orders, monetary_total, orders_last_60d","spend_last_60d, trend_orders_30_vs_90, orders_last_30d","Main churn-risk drivers: frequency_orders, monetary_total, orders_last_60d. Main factors reducing churn risk: spend_last_60d, trend_orders_30_vs_90, orders_last_30d."
16764,"monetary_total, trend_orders_30_vs_90, spend_last_60d","orders_last_60d, recency_days, frequency_orders","Main churn-risk drivers: monetary_total, trend_orders_30_vs_90, spend_last_60d. Main factors reducing churn risk: orders_last_60d, recency_days, frequency_orders."
16765,"frequency_orders, monetary_total, recency_days","spend_last_60d, trend_orders_30_vs_90, orders_last_30d","Main churn-risk drivers: frequency_orders, monetary_total, recency_days. Main factors reducing churn risk: spend_last_60d, trend_orders_30_vs_90, orders_last_30d."
16766,"frequency_orders, recency_days, orders_last_60d","spend_last_60d, trend_orders_30_vs_90, orders_last_30d","Main churn-risk drivers: frequency_orders, recency_days, orders_last_60d. Main factors reducing churn risk: spend_last_60d, trend_orders_30_vs_90, orders_last_30d."
16767,"spend_last_60d, orders_last_30d, spend_last_30d","frequency_orders, monetary_total, orders_last_60d","Main churn-risk drivers: spend_last_60d, orders_last_30d, spend_last_30d. Main factors reducing churn risk: frequency_orders, monetary_total, orders_last_60d."
16768,"frequency_orders, monetary_total, orders_last_30d","recency_days, trend_orders_30_vs_90, spend_last_60d","Main churn-risk drivers: frequency_orders, monetary_total, orders_last_30d. Main factors reducing churn risk: recency_days, trend_orders_30_vs_90, spend_last_60d."
16769,"frequency_orders, monetary_total, recency_days","spend_last_60d, trend_orders_30_vs_90, monetary_mean","Main churn-risk drivers: frequency_orders, monetary_total, recency_days. Main factors reducing churn risk: spend_last_60d, trend_orders_30_vs_90, monetary_mean."
16770,"orders_last_60d, monetary_total, recency_days","spend_last_60d, frequency_orders, trend_orders_30_vs_90","Main churn-risk drivers: orders_last_60d, monetary_total, recency_days. Main factors reducing churn risk: spend_last_60d, frequency_orders, trend_orders_30_vs_90."
16771,"recency_days, orders_last_60d, frequency_orders","spend_last_60d, trend_orders_30_vs_90, monetary_mean","Main churn-risk drivers: recency_days, orders_last_60d, frequency_orders. Main factors reducing churn risk: spend_last_60d, trend_orders_30_vs_90, monetary_mean."
16774,"monetary_total, frequency_orders, trend_orders_30_vs_90","orders_last_60d, recency_days, monetary_mean","Main churn-risk drivers: monetary_total, frequency_orders, trend_orders_30_vs_90. Main factors reducing churn risk: orders_last_60d, recency_days, monetary_mean."
16775,"trend_orders_30_vs_90, monetary_total, orders_last_90d","frequency_orders, orders_last_60d, recency_days","Main churn-risk drivers: trend_orders_30_vs_90, monetary_total, orders_last_90d. Main factors reducing churn risk: frequency_orders, orders_last_60d, recency_days."
16777,"frequency_orders, monetary_total, orders_last_60d","spend_last_60d, trend_orders_30_vs_90, monetary_mean","Main churn-risk drivers: frequency_orders, monetary_total, orders_last_60d. Main factors reducing churn risk: spend_last_60d, trend_orders_30_vs_90, monetary_mean."
16778,"frequency_orders, monetary_total, recency_days","spend_last_60d, trend_orders_30_vs_90, orders_last_30d","Main churn-risk drivers: frequency_orders, monetary_total, recency_days. Main factors reducing churn risk: spend_last_60d, trend_orders_30_vs_90, orders_last_30d."
16779,"spend_last_60d, trend_orders_30_vs_90, orders_last_30d","frequency_orders, monetary_total, orders_last_60d","Main churn-risk drivers: spend_last_60d, trend_orders_30_vs_90, orders_last_30d. Main factors reducing churn risk: frequency_orders, monetary_total, orders_last_60d."
16780,"frequency_orders, monetary_total, orders_last_30d","recency_days, trend_orders_30_vs_90, monetary_mean","Main churn-risk drivers: frequency_orders, monetary_total, orders_last_30d. Main factors reducing churn risk: recency_days, trend_orders_30_vs_90, monetary_mean."
16781,"frequency_orders, recency_days, monetary_total","spend_last_60d, trend_orders_30_vs_90, orders_last_30d","Main churn-risk drivers: frequency_orders, recency_days, monetary_total. Main factors reducing churn risk: spend_last_60d, trend_orders_30_vs_90, orders_last_30d."
16782,"trend_orders_30_vs_90, spend_last_90d, orders_last_90d","frequency_orders, recency_days, trend_spend_30_vs_90","Main churn-risk drivers: trend_orders_30_vs_90, spend_last_90d, orders_last_90d. Main factors reducing churn risk: frequency_orders, recency_days, trend_spend_30_vs_90."
16788,"frequency_orders, monetary_total, trend_orders_30_vs_90","recency_days, trend_spend_30_vs_90, monetary_mean","Main churn-risk drivers: frequency_orders, monetary_total, trend_orders_30_vs_90. Main factors reducing churn risk: recency_days, trend_spend_30_vs_90, monetary_mean."
16791,"monetary_total, trend_orders_30_vs_90, spend_last_90d","frequency_orders, recency_days, trend_spend_30_vs_90","Main churn-risk drivers: monetary_total, trend_orders_30_vs_90, spend_last_90d. Main factors reducing churn risk: frequency_orders, recency_days, trend_spend_30_vs_90."
16792,"frequency_orders, monetary_total, recency_days","spend_last_60d, trend_orders_30_vs_90, monetary_mean","Main churn-risk drivers: frequency_orders, monetary_total, recency_days. Main factors reducing churn risk: spend_last_60d, trend_orders_30_vs_90, monetary_mean."
16794,"monetary_total, trend_orders_30_vs_90, orders_last_30d","orders_last_60d, recency_days, frequency_orders","Main churn-risk drivers: monetary_total, trend_orders_30_vs_90, orders_last_30d. Main factors reducing churn risk: orders_last_60d, recency_days, frequency_orders."
16795,"frequency_orders, recency_days, monetary_total","spend_last_60d, trend_orders_30_vs_90, monetary_mean","Main churn-risk drivers: frequency_orders, recency_days, monetary_total. Main factors reducing churn risk: spend_last_60d, trend_orders_30_vs_90, monetary_mean."
16801,"orders_last_60d, trend_orders_30_vs_90, spend_last_90d","trend_spend_30_vs_90, spend_last_60d, frequency_orders","Main churn-risk drivers: orders_last_60d, trend_orders_30_vs_90, spend_last_90d. Main factors reducing churn risk: trend_spend_30_vs_90, spend_last_60d, frequency_orders."
16804,"frequency_orders, monetary_total, recency_days","spend_last_60d, trend_orders_30_vs_90, monetary_mean","Main churn-risk drivers: frequency_orders, monetary_total, recency_days. Main factors reducing churn risk: spend_last_60d, trend_orders_30_vs_90, monetary_mean."
16805,"frequency_orders, monetary_total, orders_last_60d","trend_spend_30_vs_90, spend_last_60d, monetary_mean","Main churn-risk drivers: frequency_orders, monetary_total, orders_last_60d. Main factors reducing churn risk: trend_spend_30_vs_90, spend_last_60d, monetary_mean."
16806,"monetary_total, orders_last_30d, trend_orders_30_vs_90","recency_days, frequency_orders, monetary_mean","Main churn-risk drivers: monetary_total, orders_last_30d, trend_orders_30_vs_90. Main factors reducing churn risk: recency_days, frequency_orders, monetary_mean."
16807,"frequency_orders, trend_orders_30_vs_90, monetary_total","recency_days, trend_spend_30_vs_90, orders_last_30d","Main churn-risk drivers: frequency_orders, trend_orders_30_vs_90, monetary_total. Main factors reducing churn risk: recency_days, trend_spend_30_vs_90, orders_last_30d."
16808,"frequency_orders, monetary_total, orders_last_30d","recency_days, trend_orders_30_vs_90, spend_last_60d","Main churn-risk drivers: frequency_orders, monetary_total, orders_last_30d. Main factors reducing churn risk: recency_days, trend_orders_30_vs_90, spend_last_60d."
16809,"monetary_total, frequency_orders, trend_orders_30_vs_90","recency_days, trend_spend_30_vs_90, spend_last_60d","Main churn-risk drivers: monetary_total, frequency_orders, trend_orders_30_vs_90. Main factors reducing churn risk: recency_days, trend_spend_30_vs_90, spend_last_60d."
16810,"frequency_orders, monetary_total, orders_last_60d","spend_last_60d, trend_orders_30_vs_90, orders_last_30d","Main churn-risk drivers: frequency_orders, monetary_total, orders_last_60d. Main factors reducing churn risk: spend_last_60d, trend_orders_30_vs_90, orders_last_30d."
16812,"frequency_orders, recency_days, monetary_total","spend_last_60d, trend_orders_30_vs_90, orders_last_30d","Main churn-risk drivers: frequency_orders, recency_days, monetary_total. Main factors reducing churn risk: spend_last_60d, trend_orders_30_vs_90, orders_last_30d."
16813,"orders_last_30d, trend_orders_30_vs_90, spend_last_60d","orders_last_60d, frequency_orders, recency_days","Main churn-risk drivers: orders_last_30d, trend_orders_30_vs_90, spend_last_60d. Main factors reducing churn risk: orders_last_60d, frequency_orders, recency_days."
16814,"trend_orders_30_vs_90, orders_last_30d, orders_last_90d","frequency_orders, monetary_total, orders_last_60d","Main churn-risk drivers: trend_orders_30_vs_90, orders_last_30d, orders_last_90d. Main factors reducing churn risk: frequency_orders, monetary_total, orders_last_60d."
16816,"monetary_total, orders_last_30d, spend_last_90d","orders_last_60d, recency_days, frequency_orders","Main churn-risk drivers: monetary_total, orders_last_30d, spend_last_90d. Main factors reducing churn risk: orders_last_60d, recency_days, frequency_orders."
16817,"orders_last_60d, spend_last_90d, monetary_total","frequency_orders, spend_last_60d, trend_orders_30_vs_90","Main churn-risk drivers: orders_last_60d, spend_last_90d, monetary_total. Main factors reducing churn risk: frequency_orders, spend_last_60d, trend_orders_30_vs_90."
16818,"spend_last_60d, orders_last_30d, trend_orders_30_vs_90","frequency_orders, orders_last_60d, recency_days","Main churn-risk drivers: spend_last_60d, orders_last_30d, trend_orders_30_vs_90. Main factors reducing churn risk: frequency_orders, orders_last_60d, recency_days."
16820,"frequency_orders, monetary_total, orders_last_30d","recency_days, trend_orders_30_vs_90, orders_last_60d","Main churn-risk drivers: frequency_orders, monetary_total, orders_last_30d. Main factors reducing churn risk: recency_days, trend_orders_30_vs_90, orders_last_60d."
16823,"frequency_orders, monetary_total, orders_last_60d","spend_last_60d, trend_orders_30_vs_90, monetary_mean","Main churn-risk drivers: frequency_orders, monetary_total, orders_last_60d. Main factors reducing churn risk: spend_last_60d, trend_orders_30_vs_90, monetary_mean."
16824,"frequency_orders, monetary_total, orders_last_60d","trend_spend_30_vs_90, spend_last_60d, recency_days","Main churn-risk drivers: frequency_orders, monetary_total, orders_last_60d. Main factors reducing churn risk: trend_spend_30_vs_90, spend_last_60d, recency_days."
16825,"frequency_orders, monetary_total, orders_last_60d","spend_last_60d, trend_orders_30_vs_90, orders_last_30d","Main churn-risk drivers: frequency_orders, monetary_total, orders_last_60d. Main factors reducing churn risk: spend_last_60d, trend_orders_30_vs_90, orders_last_30d."
16828,"frequency_orders, monetary_total, orders_last_30d","orders_last_60d, recency_days, trend_orders_30_vs_90","Main churn-risk drivers: frequency_orders, monetary_total, orders_last_30d. Main factors reducing churn risk: orders_last_60d, recency_days, trend_orders_30_vs_90."
16829,"frequency_orders, monetary_total, orders_last_60d","trend_spend_30_vs_90, spend_last_60d, recency_days","Main churn-risk drivers: frequency_orders, monetary_total, orders_last_60d. Main factors reducing churn risk: trend_spend_30_vs_90, spend_last_60d, recency_days."
16832,"monetary_total, orders_last_60d, frequency_orders","spend_last_60d, trend_orders_30_vs_90, orders_last_30d","Main churn-risk drivers: monetary_total, orders_last_60d, frequency_orders. Main factors reducing churn risk: spend_last_60d, trend_orders_30_vs_90, orders_last_30d."
16833,"recency_days, orders_last_60d, monetary_total","spend_last_60d, trend_orders_30_vs_90, orders_last_30d","Main churn-risk drivers: recency_days, orders_last_60d, monetary_total. Main factors reducing churn risk: spend_last_60d, trend_orders_30_vs_90, orders_last_30d."
16834,"frequency_orders, monetary_total, orders_last_60d","spend_last_60d, trend_orders_30_vs_90, orders_last_30d","Main churn-risk drivers: frequency_orders, monetary_total, orders_last_60d. Main factors reducing churn risk: spend_last_60d, trend_orders_30_vs_90, orders_last_30d."
16835,"frequency_orders, monetary_total, trend_orders_30_vs_90","recency_days, trend_spend_30_vs_90, spend_last_60d","Main churn-risk drivers: frequency_orders, monetary_total, trend_orders_30_vs_90. Main factors reducing churn risk: recency_days, trend_spend_30_vs_90, spend_last_60d."
16836,"frequency_orders, monetary_total, orders_last_30d","recency_days, trend_orders_30_vs_90, spend_last_60d","Main churn-risk drivers: frequency_orders, monetary_total, orders_last_30d. Main factors reducing churn risk: recency_days, trend_orders_30_vs_90, spend_last_60d."
16837,"orders_last_60d, trend_orders_30_vs_90, spend_last_90d","frequency_orders, trend_spend_30_vs_90, spend_last_60d","Main churn-risk drivers: orders_last_60d, trend_orders_30_vs_90, spend_last_90d. Main factors reducing churn risk: frequency_orders, trend_spend_30_vs_90, spend_last_60d."
16838,"frequency_orders, monetary_total, orders_last_60d","spend_last_60d, trend_orders_30_vs_90, orders_last_30d","Main churn-risk drivers: frequency_orders, monetary_total, orders_last_60d. Main factors reducing churn risk: spend_last_60d, trend_orders_30_vs_90, orders_last_30d."
16839,"spend_last_60d, trend_orders_30_vs_90, orders_last_90d","frequency_orders, monetary_total, orders_last_60d","Main churn-risk drivers: spend_last_60d, trend_orders_30_vs_90, orders_last_90d. Main factors reducing churn risk: frequency_orders, monetary_total, orders_last_60d."
16841,"trend_orders_30_vs_90, orders_last_90d, monetary_total","frequency_orders, recency_days, trend_spend_30_vs_90","Main churn-risk drivers: trend_orders_30_vs_90, orders_last_90d, monetary_total. Main factors reducing churn risk: frequency_orders, recency_days, trend_spend_30_vs_90."
16842,"frequency_orders, orders_last_30d, monetary_total","recency_days, orders_last_60d, monetary_mean","Main churn-risk drivers: frequency_orders, orders_last_30d, monetary_total. Main factors reducing churn risk: recency_days, orders_last_60d, monetary_mean."
16843,"spend_last_60d, orders_last_30d, trend_orders_30_vs_90","frequency_orders, monetary_total, orders_last_60d","Main churn-risk drivers: spend_last_60d, orders_last_30d, trend_orders_30_vs_90. Main factors reducing churn risk: frequency_orders, monetary_total, orders_last_60d."
16849,"frequency_orders, monetary_total, orders_last_60d","spend_last_60d, trend_orders_30_vs_90, orders_last_30d","Main churn-risk drivers: frequency_orders, monetary_total, orders_last_60d. Main factors reducing churn risk: spend_last_60d, trend_orders_30_vs_90, orders_last_30d."
16850,"frequency_orders, recency_days, monetary_total","spend_last_60d, trend_orders_30_vs_90, orders_last_30d","Main churn-risk drivers: frequency_orders, recency_days, monetary_total. Main factors reducing churn risk: spend_last_60d, trend_orders_30_vs_90, orders_last_30d."
16852,"frequency_orders, monetary_total, orders_last_60d","trend_spend_30_vs_90, spend_last_60d, orders_last_30d","Main churn-risk drivers: frequency_orders, monetary_total, orders_last_60d. Main factors reducing churn risk: trend_spend_30_vs_90, spend_last_60d, orders_last_30d."
16858,"frequency_orders, recency_days, monetary_total","spend_last_60d, trend_orders_30_vs_90, orders_last_30d","Main churn-risk drivers: frequency_orders, recency_days, monetary_total. Main factors reducing churn risk: spend_last_60d, trend_orders_30_vs_90, orders_last_30d."
16859,"frequency_orders, monetary_total, trend_orders_30_vs_90","trend_spend_30_vs_90, recency_days, monetary_mean","Main churn-risk drivers: frequency_orders, monetary_total, trend_orders_30_vs_90. Main factors reducing churn risk: trend_spend_30_vs_90, recency_days, monetary_mean."
16861,"frequency_orders, monetary_total, orders_last_60d","trend_spend_30_vs_90, spend_last_60d, recency_days","Main churn-risk drivers: frequency_orders, monetary_total, orders_last_60d. Main factors reducing churn risk: trend_spend_30_vs_90, spend_last_60d, recency_days."
16863,"frequency_orders, recency_days, monetary_total","spend_last_60d, trend_orders_30_vs_90, orders_last_30d","Main churn-risk drivers: frequency_orders, recency_days, monetary_total. Main factors reducing churn risk: spend_last_60d, trend_orders_30_vs_90, orders_last_30d."
16866,"monetary_total, trend_orders_30_vs_90, frequency_orders","recency_days, trend_spend_30_vs_90, spend_last_60d","Main churn-risk drivers: monetary_total, trend_orders_30_vs_90, frequency_orders. Main factors reducing churn risk: recency_days, trend_spend_30_vs_90, spend_last_60d."
16869,"frequency_orders, monetary_total, orders_last_60d","trend_spend_30_vs_90, spend_last_60d, monetary_mean","Main churn-risk drivers: frequency_orders, monetary_total, orders_last_60d. Main factors reducing churn risk: trend_spend_30_vs_90, spend_last_60d, monetary_mean."
16871,"orders_last_60d, spend_last_90d, trend_spend_30_vs_90","spend_last_60d, frequency_orders, trend_orders_30_vs_90","Main churn-risk drivers: orders_last_60d, spend_last_90d, trend_spend_30_vs_90. Main factors reducing churn risk: spend_last_60d, frequency_orders, trend_orders_30_vs_90."
16872,"frequency_orders, monetary_total, orders_last_30d","recency_days, trend_orders_30_vs_90, spend_last_60d","Main churn-risk drivers: frequency_orders, monetary_total, orders_last_30d. Main factors reducing churn risk: recency_days, trend_orders_30_vs_90, spend_last_60d."
16873,"trend_orders_30_vs_90, spend_last_60d","monetary_total, recency_days, trend_spend_30_vs_90","Main churn-risk drivers: trend_orders_30_vs_90, spend_last_60d. Main factors reducing churn risk: monetary_total, recency_days, trend_spend_30_vs_90."
16875,"trend_orders_30_vs_90, monetary_total, spend_last_90d","trend_spend_30_vs_90, recency_days, frequency_orders","Main churn-risk drivers: trend_orders_30_vs_90, monetary_total, spend_last_90d. Main factors reducing churn risk: trend_spend_30_vs_90, recency_days, frequency_orders."
16877,"frequency_orders, monetary_total, orders_last_60d","trend_spend_30_vs_90, spend_last_60d, recency_days","Main churn-risk drivers: frequency_orders, monetary_total, orders_last_60d. Main factors reducing churn risk: trend_spend_30_vs_90, spend_last_60d, recency_days."
16880,"trend_orders_30_vs_90, monetary_total, orders_last_30d","frequency_orders, orders_last_60d, recency_days","Main churn-risk drivers: trend_orders_30_vs_90, monetary_total, orders_last_30d. Main factors reducing churn risk: frequency_orders, orders_last_60d, recency_days."
16882,"frequency_orders, monetary_total, orders_last_60d","spend_last_60d, trend_orders_30_vs_90, monetary_mean","Main churn-risk drivers: frequency_orders, monetary_total, orders_last_60d. Main factors reducing churn risk: spend_last_60d, trend_orders_30_vs_90, monetary_mean."
16883,"frequency_orders, monetary_total, orders_last_60d","spend_last_60d, trend_orders_30_vs_90, monetary_mean","Main churn-risk drivers: frequency_orders, monetary_total, orders_last_60d. Main factors reducing churn risk: spend_last_60d, trend_orders_30_vs_90, monetary_mean."
16885,"frequency_orders, recency_days, monetary_total","spend_last_60d, trend_orders_30_vs_90, monetary_mean","Main churn-risk drivers: frequency_orders, recency_days, monetary_total. Main factors reducing churn risk: spend_last_60d, trend_orders_30_vs_90, monetary_mean."
16889,"orders_last_60d, frequency_orders, spend_last_90d","spend_last_60d, trend_orders_30_vs_90, monetary_mean","Main churn-risk drivers: orders_last_60d, frequency_orders, spend_last_90d. Main factors reducing churn risk: spend_last_60d, trend_orders_30_vs_90, monetary_mean."
16891,"monetary_total, frequency_orders, orders_last_30d","orders_last_60d, recency_days, monetary_mean","Main churn-risk drivers: monetary_total, frequency_orders, orders_last_30d. Main factors reducing churn risk: orders_last_60d, recency_days, monetary_mean."
16892,"frequency_orders, monetary_total, orders_last_60d","spend_last_60d, trend_orders_30_vs_90, monetary_mean","Main churn-risk drivers: frequency_orders, monetary_total, orders_last_60d. Main factors reducing churn risk: spend_last_60d, trend_orders_30_vs_90, monetary_mean."
16893,"frequency_orders, recency_days, monetary_total","spend_last_60d, trend_orders_30_vs_90, monetary_mean","Main churn-risk drivers: frequency_orders, recency_days, monetary_total. Main factors reducing churn risk: spend_last_60d, trend_orders_30_vs_90, monetary_mean."
16897,"frequency_orders, recency_days, monetary_total","spend_last_60d, trend_orders_30_vs_90, monetary_mean","Main churn-risk drivers: frequency_orders, recency_days, monetary_total. Main factors reducing churn risk: spend_last_60d, trend_orders_30_vs_90, monetary_mean."
16898,"frequency_orders, monetary_total, orders_last_60d","trend_spend_30_vs_90, spend_last_60d, monetary_mean","Main churn-risk drivers: frequency_orders, monetary_total, orders_last_60d. Main factors reducing churn risk: trend_spend_30_vs_90, spend_last_60d, monetary_mean."
16899,"monetary_total, frequency_orders, trend_orders_30_vs_90","trend_spend_30_vs_90, recency_days, monetary_mean","Main churn-risk drivers: monetary_total, frequency_orders, trend_orders_30_vs_90. Main factors reducing churn risk: trend_spend_30_vs_90, recency_days, monetary_mean."
16902,"frequency_orders, spend_last_60d, orders_last_30d","spend_last_90d, recency_days, trend_orders_30_vs_90","Main churn-risk drivers: frequency_orders, spend_last_60d, orders_last_30d. Main factors reducing churn risk: spend_last_90d, recency_days, trend_orders_30_vs_90."
16904,"orders_last_30d, spend_last_60d, trend_orders_30_vs_90","frequency_orders, orders_last_60d, monetary_total","Main churn-risk drivers: orders_last_30d, spend_last_60d, trend_orders_30_vs_90. Main factors reducing churn risk: frequency_orders, orders_last_60d, monetary_total."
16905,"orders_last_60d, monetary_total, recency_days","spend_last_60d, trend_orders_30_vs_90, monetary_mean","Main churn-risk drivers: orders_last_60d, monetary_total, recency_days. Main factors reducing churn risk: spend_last_60d, trend_orders_30_vs_90, monetary_mean."
16906,"monetary_total, orders_last_60d, frequency_orders","spend_last_60d, trend_orders_30_vs_90, monetary_mean","Main churn-risk drivers: monetary_total, orders_last_60d, frequency_orders. Main factors reducing churn risk: spend_last_60d, trend_orders_30_vs_90, monetary_mean."
16907,"monetary_total, trend_orders_30_vs_90, spend_last_90d","trend_spend_30_vs_90, recency_days, frequency_orders","Main churn-risk drivers: monetary_total, trend_orders_30_vs_90, spend_last_90d. Main factors reducing churn risk: trend_spend_30_vs_90, recency_days, frequency_orders."
16910,"frequency_orders, monetary_total, orders_last_30d","recency_days, trend_orders_30_vs_90, spend_last_60d","Main churn-risk drivers: frequency_orders, monetary_total, orders_last_30d. Main factors reducing churn risk: recency_days, trend_orders_30_vs_90, spend_last_60d."
16912,"trend_orders_30_vs_90, spend_last_90d, orders_last_90d","frequency_orders, orders_last_60d, recency_days","Main churn-risk drivers: trend_orders_30_vs_90, spend_last_90d, orders_last_90d. Main factors reducing churn risk: frequency_orders, orders_last_60d, recency_days."
16913,"frequency_orders, monetary_total, recency_days","spend_last_60d, trend_orders_30_vs_90, monetary_mean","Main churn-risk drivers: frequency_orders, monetary_total, recency_days. Main factors reducing churn risk: spend_last_60d, trend_orders_30_vs_90, monetary_mean."
16915,"monetary_total, trend_orders_30_vs_90, spend_last_90d","recency_days, trend_spend_30_vs_90, frequency_orders","Main churn-risk drivers: monetary_total, trend_orders_30_vs_90, spend_last_90d. Main factors reducing churn risk: recency_days, trend_spend_30_vs_90, frequency_orders."
16916,"frequency_orders, recency_days, monetary_total","spend_last_60d, trend_orders_30_vs_90, monetary_mean","Main churn-risk drivers: frequency_orders, recency_days, monetary_total. Main factors reducing churn risk: spend_last_60d, trend_orders_30_vs_90, monetary_mean."
16917,"frequency_orders, recency_days, monetary_total","spend_last_60d, trend_orders_30_vs_90, orders_last_30d","Main churn-risk drivers: frequency_orders, recency_days, monetary_total. Main factors reducing churn risk: spend_last_60d, trend_orders_30_vs_90, orders_last_30d."
16918,"monetary_total, frequency_orders, orders_last_30d","recency_days, monetary_mean, orders_last_60d","Main churn-risk drivers: monetary_total, frequency_orders, orders_last_30d. Main factors reducing churn risk: recency_days, monetary_mean, orders_last_60d."
16919,"orders_last_60d, trend_orders_30_vs_90, orders_last_90d","frequency_orders, monetary_total, trend_spend_30_vs_90","Main churn-risk drivers: orders_last_60d, trend_orders_30_vs_90, orders_last_90d. Main factors reducing churn risk: frequency_orders, monetary_total, trend_spend_30_vs_90."
16923,"trend_orders_30_vs_90, orders_last_30d, spend_last_60d","frequency_orders, monetary_total, recency_days","Main churn-risk drivers: trend_orders_30_vs_90, orders_last_30d, spend_last_60d. Main factors reducing churn risk: frequency_orders, monetary_total, recency_days."
16926,"frequency_orders, recency_days, monetary_total","spend_last_60d, trend_orders_30_vs_90, orders_last_30d","Main churn-risk drivers: frequency_orders, recency_days, monetary_total. Main factors reducing churn risk: spend_last_60d, trend_orders_30_vs_90, orders_last_30d."
16927,"monetary_total, frequency_orders, orders_last_30d","recency_days, trend_orders_30_vs_90, orders_last_60d","Main churn-risk drivers: monetary_total, frequency_orders, orders_last_30d. Main factors reducing churn risk: recency_days, trend_orders_30_vs_90, orders_last_60d."
16928,"orders_last_30d, spend_last_60d, orders_last_90d","frequency_orders, orders_last_60d, recency_days","Main churn-risk drivers: orders_last_30d, spend_last_60d, orders_last_90d. Main factors reducing churn risk: frequency_orders, orders_last_60d, recency_days."
16929,"frequency_orders, monetary_total, trend_orders_30_vs_90","recency_days, trend_spend_30_vs_90, monetary_mean","Main churn-risk drivers: frequency_orders, monetary_total, trend_orders_30_vs_90. Main factors reducing churn risk: recency_days, trend_spend_30_vs_90, monetary_mean."
16931,"trend_orders_30_vs_90, orders_last_30d, orders_last_90d","frequency_orders, orders_last_60d, monetary_total","Main churn-risk drivers: trend_orders_30_vs_90, orders_last_30d, orders_last_90d. Main factors reducing churn risk: frequency_orders, orders_last_60d, monetary_total."
16933,"frequency_orders, monetary_total, orders_last_60d","spend_last_60d, trend_orders_30_vs_90, monetary_mean","Main churn-risk drivers: frequency_orders, monetary_total, orders_last_60d. Main factors reducing churn risk: spend_last_60d, trend_orders_30_vs_90, monetary_mean."
16938,"orders_last_60d, trend_orders_30_vs_90, frequency_orders","spend_last_90d, monetary_total, trend_spend_30_vs_90","Main churn-risk drivers: orders_last_60d, trend_orders_30_vs_90, frequency_orders. Main factors reducing churn risk: spend_last_90d, monetary_total, trend_spend_30_vs_90."
16940,"frequency_orders, orders_last_60d, trend_orders_30_vs_90","trend_spend_30_vs_90, spend_last_60d, spend_last_90d","Main churn-risk drivers: frequency_orders, orders_last_60d, trend_orders_30_vs_90. Main factors reducing churn risk: trend_spend_30_vs_90, spend_last_60d, spend_last_90d."
16942,"trend_orders_30_vs_90, monetary_total, orders_last_90d","frequency_orders, recency_days, trend_spend_30_vs_90","Main churn-risk drivers: trend_orders_30_vs_90, monetary_total, orders_last_90d. Main factors reducing churn risk: frequency_orders, recency_days, trend_spend_30_vs_90."
16943,"orders_last_60d, monetary_total, frequency_orders","spend_last_60d, trend_orders_30_vs_90, orders_last_30d","Main churn-risk drivers: orders_last_60d, monetary_total, frequency_orders. Main factors reducing churn risk: spend_last_60d, trend_orders_30_vs_90, orders_last_30d."
16945,"orders_last_30d, spend_last_60d, trend_orders_30_vs_90","frequency_orders, orders_last_60d, monetary_total","Main churn-risk drivers: orders_last_30d, spend_last_60d, trend_orders_30_vs_90. Main factors reducing churn risk: frequency_orders, orders_last_60d, monetary_total."
16947,"frequency_orders, monetary_total, orders_last_60d","spend_last_60d, trend_orders_30_vs_90, orders_last_30d","Main churn-risk drivers: frequency_orders, monetary_total, orders_last_60d. Main factors reducing churn risk: spend_last_60d, trend_orders_30_vs_90, orders_last_30d."
16948,"monetary_total, frequency_orders, trend_orders_30_vs_90","recency_days, trend_spend_30_vs_90, orders_last_30d","Main churn-risk drivers: monetary_total, frequency_orders, trend_orders_30_vs_90. Main factors reducing churn risk: recency_days, trend_spend_30_vs_90, orders_last_30d."
16949,"orders_last_60d, monetary_total, spend_last_90d","spend_last_60d, frequency_orders, trend_orders_30_vs_90","Main churn-risk drivers: orders_last_60d, monetary_total, spend_last_90d. Main factors reducing churn risk: spend_last_60d, frequency_orders, trend_orders_30_vs_90."
16950,"frequency_orders, monetary_total, trend_orders_30_vs_90","recency_days, trend_spend_30_vs_90, orders_last_30d","Main churn-risk drivers: frequency_orders, monetary_total, trend_orders_30_vs_90. Main factors reducing churn risk: recency_days, trend_spend_30_vs_90, orders_last_30d."
16951,"trend_orders_30_vs_90, frequency_orders, monetary_total","orders_last_60d, recency_days, trend_spend_30_vs_90","Main churn-risk drivers: trend_orders_30_vs_90, frequency_orders, monetary_total. Main factors reducing churn risk: orders_last_60d, recency_days, trend_spend_30_vs_90."
16952,"frequency_orders, monetary_total, orders_last_30d","orders_last_60d, recency_days, trend_orders_30_vs_90","Main churn-risk drivers: frequency_orders, monetary_total, orders_last_30d. Main factors reducing churn risk: orders_last_60d, recency_days, trend_orders_30_vs_90."
16954,"trend_orders_30_vs_90, monetary_total, spend_last_90d","recency_days, trend_spend_30_vs_90, frequency_orders","Main churn-risk drivers: trend_orders_30_vs_90, monetary_total, spend_last_90d. Main factors reducing churn risk: recency_days, trend_spend_30_vs_90, frequency_orders."
16955,"monetary_total, orders_last_60d, spend_last_90d","spend_last_60d, frequency_orders, trend_orders_30_vs_90","Main churn-risk drivers: monetary_total, orders_last_60d, spend_last_90d. Main factors reducing churn risk: spend_last_60d, frequency_orders, trend_orders_30_vs_90."
16957,"frequency_orders, monetary_total, orders_last_60d","spend_last_60d, trend_orders_30_vs_90, orders_last_30d","Main churn-risk drivers: frequency_orders, monetary_total, orders_last_60d. Main factors reducing churn risk: spend_last_60d, trend_orders_30_vs_90, orders_last_30d."
16960,"frequency_orders, monetary_total, orders_last_60d","spend_last_60d, trend_orders_30_vs_90, monetary_mean","Main churn-risk drivers: frequency_orders, monetary_total, orders_last_60d. Main factors reducing churn risk: spend_last_60d, trend_orders_30_vs_90, monetary_mean."
16961,"frequency_orders, monetary_total, orders_last_30d","recency_days, trend_orders_30_vs_90, orders_last_60d","Main churn-risk drivers: frequency_orders, monetary_total, orders_last_30d. Main factors reducing churn risk: recency_days, trend_orders_30_vs_90, orders_last_60d."
16963,"frequency_orders, monetary_total, orders_last_60d","spend_last_60d, trend_orders_30_vs_90, orders_last_30d","Main churn-risk drivers: frequency_orders, monetary_total, orders_last_60d. Main factors reducing churn risk: spend_last_60d, trend_orders_30_vs_90, orders_last_30d."
16965,"frequency_orders, monetary_total, orders_last_60d","spend_last_60d, trend_orders_30_vs_90, monetary_mean","Main churn-risk drivers: frequency_orders, monetary_total, orders_last_60d. Main factors reducing churn risk: spend_last_60d, trend_orders_30_vs_90, monetary_mean."
16966,"orders_last_60d, trend_orders_30_vs_90, spend_last_90d","trend_spend_30_vs_90, spend_last_60d, frequency_orders","Main churn-risk drivers: orders_last_60d, trend_orders_30_vs_90, spend_last_90d. Main factors reducing churn risk: trend_spend_30_vs_90, spend_last_60d, frequency_orders."
16967,"frequency_orders, monetary_total, orders_last_60d","spend_last_60d, trend_orders_30_vs_90, monetary_mean","Main churn-risk drivers: frequency_orders, monetary_total, orders_last_60d. Main factors reducing churn risk: spend_last_60d, trend_orders_30_vs_90, monetary_mean."
16968,"frequency_orders, monetary_total, orders_last_30d","recency_days, trend_orders_30_vs_90, orders_last_60d","Main churn-risk drivers: frequency_orders, monetary_total, orders_last_30d. Main factors reducing churn risk: recency_days, trend_orders_30_vs_90, orders_last_60d."
16969,"frequency_orders, monetary_total, trend_orders_30_vs_90","recency_days, trend_spend_30_vs_90, spend_last_60d","Main churn-risk drivers: frequency_orders, monetary_total, trend_orders_30_vs_90. Main factors reducing churn risk: recency_days, trend_spend_30_vs_90, spend_last_60d."
16976,"frequency_orders, monetary_total, recency_days","spend_last_60d, trend_orders_30_vs_90, orders_last_30d","Main churn-risk drivers: frequency_orders, monetary_total, recency_days. Main factors reducing churn risk: spend_last_60d, trend_orders_30_vs_90, orders_last_30d."
16979,"frequency_orders, monetary_total, trend_orders_30_vs_90","trend_spend_30_vs_90, recency_days, orders_last_30d","Main churn-risk drivers: frequency_orders, monetary_total, trend_orders_30_vs_90. Main factors reducing churn risk: trend_spend_30_vs_90, recency_days, orders_last_30d."
16980,"frequency_orders, orders_last_60d, recency_days","spend_last_60d, trend_orders_30_vs_90, monetary_mean","Main churn-risk drivers: frequency_orders, orders_last_60d, recency_days. Main factors reducing churn risk: spend_last_60d, trend_orders_30_vs_90, monetary_mean."
16983,"orders_last_30d, monetary_total, trend_spend_30_vs_90","frequency_orders, recency_days, trend_orders_30_vs_90","Main churn-risk drivers: orders_last_30d, monetary_total, trend_spend_30_vs_90. Main factors reducing churn risk: frequency_orders, recency_days, trend_orders_30_vs_90."
16984,"spend_last_60d, frequency_orders, trend_orders_30_vs_90","spend_last_90d, monetary_total, recency_days","Main churn-risk drivers: spend_last_60d, frequency_orders, trend_orders_30_vs_90. Main factors reducing churn risk: spend_last_90d, monetary_total, recency_days."
16985,"orders_last_60d, trend_orders_30_vs_90","frequency_orders, monetary_total, trend_spend_30_vs_90","Main churn-risk drivers: orders_last_60d, trend_orders_30_vs_90. Main factors reducing churn risk: frequency_orders, monetary_total, trend_spend_30_vs_90."
16987,"orders_last_60d, monetary_total, trend_orders_30_vs_90","trend_spend_30_vs_90, spend_last_60d, monetary_mean","Main churn-risk drivers: orders_last_60d, monetary_total, trend_orders_30_vs_90. Main factors reducing churn risk: trend_spend_30_vs_90, spend_last_60d, monetary_mean."
16989,"frequency_orders, monetary_total, orders_last_30d","recency_days, trend_spend_30_vs_90, spend_last_60d","Main churn-risk drivers: frequency_orders, monetary_total, orders_last_30d. Main factors reducing churn risk: recency_days, trend_spend_30_vs_90, spend_last_60d."
16990,"frequency_orders, monetary_total, orders_last_60d","spend_last_60d, trend_orders_30_vs_90, orders_last_30d","Main churn-risk drivers: frequency_orders, monetary_total, orders_last_60d. Main factors reducing churn risk: spend_last_60d, trend_orders_30_vs_90, orders_last_30d."
16992,"monetary_total, frequency_orders, orders_last_30d","recency_days, trend_orders_30_vs_90, orders_last_60d","Main churn-risk drivers: monetary_total, frequency_orders, orders_last_30d. Main factors reducing churn risk: recency_days, trend_orders_30_vs_90, orders_last_60d."
16996,"monetary_total, trend_orders_30_vs_90, spend_last_90d","frequency_orders, recency_days, trend_spend_30_vs_90","Main churn-risk drivers: monetary_total, trend_orders_30_vs_90, spend_last_90d. Main factors reducing churn risk: frequency_orders, recency_days, trend_spend_30_vs_90."
16997,"recency_days, orders_last_60d, monetary_total","spend_last_60d, trend_orders_30_vs_90, orders_last_30d","Main churn-risk drivers: recency_days, orders_last_60d, monetary_total. Main factors reducing churn risk: spend_last_60d, trend_orders_30_vs_90, orders_last_30d."
16998,"monetary_total, trend_orders_30_vs_90, spend_last_90d","spend_last_60d, frequency_orders, recency_days","Main churn-risk drivers: monetary_total, trend_orders_30_vs_90, spend_last_90d. Main factors reducing churn risk: spend_last_60d, frequency_orders, recency_days."
17001,"orders_last_30d, spend_last_60d, orders_last_90d","frequency_orders, orders_last_60d, recency_days","Main churn-risk drivers: orders_last_30d, spend_last_60d, orders_last_90d. Main factors reducing churn risk: frequency_orders, orders_last_60d, recency_days."
17002,"frequency_orders, orders_last_60d, monetary_total","spend_last_60d, trend_orders_30_vs_90, orders_last_30d","Main churn-risk drivers: frequency_orders, orders_last_60d, monetary_total. Main factors reducing churn risk: spend_last_60d, trend_orders_30_vs_90, orders_last_30d."
17004,"frequency_orders, spend_last_60d, monetary_total","recency_days, trend_orders_30_vs_90, spend_last_90d","Main churn-risk drivers: frequency_orders, spend_last_60d, monetary_total. Main factors reducing churn risk: recency_days, trend_orders_30_vs_90, spend_last_90d."
17007,"monetary_total, orders_last_60d, trend_orders_30_vs_90","frequency_orders, trend_spend_30_vs_90, spend_last_60d","Main churn-risk drivers: monetary_total, orders_last_60d, trend_orders_30_vs_90. Main factors reducing churn risk: frequency_orders, trend_spend_30_vs_90, spend_last_60d."
17015,"frequency_orders, monetary_total, orders_last_60d","spend_last_60d, trend_orders_30_vs_90, monetary_mean","Main churn-risk drivers: frequency_orders, monetary_total, orders_last_60d. Main factors reducing churn risk: spend_last_60d, trend_orders_30_vs_90, monetary_mean."
17017,"orders_last_60d, trend_orders_30_vs_90, orders_last_90d","frequency_orders, monetary_total, trend_spend_30_vs_90","Main churn-risk drivers: orders_last_60d, trend_orders_30_vs_90, orders_last_90d. Main factors reducing churn risk: frequency_orders, monetary_total, trend_spend_30_vs_90."
17018,"frequency_orders, recency_days, monetary_total","spend_last_60d, trend_orders_30_vs_90, orders_last_30d","Main churn-risk drivers: frequency_orders, recency_days, monetary_total. Main factors reducing churn risk: spend_last_60d, trend_orders_30_vs_90, orders_last_30d."
17019,"recency_days, orders_last_60d, monetary_total","spend_last_60d, trend_orders_30_vs_90, monetary_mean","Main churn-risk drivers: recency_days, orders_last_60d, monetary_total. Main factors reducing churn risk: spend_last_60d, trend_orders_30_vs_90, monetary_mean."
17024,"frequency_orders, monetary_total, spend_last_90d","recency_days, spend_last_60d, orders_last_60d","Main churn-risk drivers: frequency_orders, monetary_total, spend_last_90d. Main factors reducing churn risk: recency_days, spend_last_60d, orders_last_60d."
17025,"recency_days, frequency_orders, monetary_total","spend_last_60d, trend_orders_30_vs_90, orders_last_30d","Main churn-risk drivers: recency_days, frequency_orders, monetary_total. Main factors reducing churn risk: spend_last_60d, trend_orders_30_vs_90, orders_last_30d."
17026,"frequency_orders, monetary_total, orders_last_60d","spend_last_60d, trend_orders_30_vs_90, orders_last_30d","Main churn-risk drivers: frequency_orders, monetary_total, orders_last_60d. Main factors reducing churn risk: spend_last_60d, trend_orders_30_vs_90, orders_last_30d."
17027,"orders_last_60d, monetary_total, trend_orders_30_vs_90","trend_spend_30_vs_90, spend_last_60d, frequency_orders","Main churn-risk drivers: orders_last_60d, monetary_total, trend_orders_30_vs_90. Main factors reducing churn risk: trend_spend_30_vs_90, spend_last_60d, frequency_orders."
17029,"monetary_mean, frequency_orders, monetary_median","recency_days, trend_orders_30_vs_90, orders_last_60d","Main churn-risk drivers: monetary_mean, frequency_orders, monetary_median. Main factors reducing churn risk: recency_days, trend_orders_30_vs_90, orders_last_60d."
17031,"frequency_orders, monetary_total, orders_last_60d","trend_spend_30_vs_90, spend_last_60d, recency_days","Main churn-risk drivers: frequency_orders, monetary_total, orders_last_60d. Main factors reducing churn risk: trend_spend_30_vs_90, spend_last_60d, recency_days."
17033,"frequency_orders, monetary_total, orders_last_60d","spend_last_60d, trend_orders_30_vs_90, orders_last_30d","Main churn-risk drivers: frequency_orders, monetary_total, orders_last_60d. Main factors reducing churn risk: spend_last_60d, trend_orders_30_vs_90, orders_last_30d."
17034,"frequency_orders, monetary_total, recency_days","spend_last_60d, trend_orders_30_vs_90, orders_last_30d","Main churn-risk drivers: frequency_orders, monetary_total, recency_days. Main factors reducing churn risk: spend_last_60d, trend_orders_30_vs_90, orders_last_30d."
17035,"frequency_orders, monetary_total, orders_last_60d","spend_last_60d, trend_orders_30_vs_90, orders_last_30d","Main churn-risk drivers: frequency_orders, monetary_total, orders_last_60d. Main factors reducing churn risk: spend_last_60d, trend_orders_30_vs_90, orders_last_30d."
17040,"frequency_orders, monetary_total, trend_orders_30_vs_90","recency_days, trend_spend_30_vs_90, orders_last_30d","Main churn-risk drivers: frequency_orders, monetary_total, trend_orders_30_vs_90. Main factors reducing churn risk: recency_days, trend_spend_30_vs_90, orders_last_30d."
17041,"frequency_orders, monetary_total, orders_last_30d","recency_days, trend_orders_30_vs_90, orders_last_60d","Main churn-risk drivers: frequency_orders, monetary_total, orders_last_30d. Main factors reducing churn risk: recency_days, trend_orders_30_vs_90, orders_last_60d."
17042,"trend_orders_30_vs_90, monetary_total, spend_last_90d","recency_days, trend_spend_30_vs_90, frequency_orders","Main churn-risk drivers: trend_orders_30_vs_90, monetary_total, spend_last_90d. Main factors reducing churn risk: recency_days, trend_spend_30_vs_90, frequency_orders."
17043,"frequency_orders, monetary_total, orders_last_60d","trend_spend_30_vs_90, spend_last_60d, monetary_mean","Main churn-risk drivers: frequency_orders, monetary_total, orders_last_60d. Main factors reducing churn risk: trend_spend_30_vs_90, spend_last_60d, monetary_mean."
17045,"monetary_total, frequency_orders, orders_last_30d","recency_days, monetary_mean, orders_last_60d","Main churn-risk drivers: monetary_total, frequency_orders, orders_last_30d. Main factors reducing churn risk: recency_days, monetary_mean, orders_last_60d."
17046,"frequency_orders, orders_last_60d, monetary_total","trend_spend_30_vs_90, spend_last_60d, recency_days","Main churn-risk drivers: frequency_orders, orders_last_60d, monetary_total. Main factors reducing churn risk: trend_spend_30_vs_90, spend_last_60d, recency_days."
17047,"frequency_orders, orders_last_60d, monetary_total","spend_last_60d, trend_orders_30_vs_90, orders_last_30d","Main churn-risk drivers: frequency_orders, orders_last_60d, monetary_total. Main factors reducing churn risk: spend_last_60d, trend_orders_30_vs_90, orders_last_30d."
17048,"monetary_total, frequency_orders, orders_last_30d","recency_days, trend_orders_30_vs_90, spend_last_60d","Main churn-risk drivers: monetary_total, frequency_orders, orders_last_30d. Main factors reducing churn risk: recency_days, trend_orders_30_vs_90, spend_last_60d."
17049,"orders_last_30d, trend_orders_30_vs_90, orders_last_90d","frequency_orders, monetary_total, recency_days","Main churn-risk drivers: orders_last_30d, trend_orders_30_vs_90, orders_last_90d. Main factors reducing churn risk: frequency_orders, monetary_total, recency_days."
17050,"orders_last_30d, trend_spend_30_vs_90, spend_last_60d","frequency_orders, monetary_total, recency_days","Main churn-risk drivers: orders_last_30d, trend_spend_30_vs_90, spend_last_60d. Main factors reducing churn risk: frequency_orders, monetary_total, recency_days."
17051,"frequency_orders, monetary_total, orders_last_60d","spend_last_60d, trend_orders_30_vs_90, monetary_mean","Main churn-risk drivers: frequency_orders, monetary_total, orders_last_60d. Main factors reducing churn risk: spend_last_60d, trend_orders_30_vs_90, monetary_mean."
17053,"frequency_orders, monetary_total, trend_orders_30_vs_90","recency_days, trend_spend_30_vs_90, orders_last_30d","Main churn-risk drivers: frequency_orders, monetary_total, trend_orders_30_vs_90. Main factors reducing churn risk: recency_days, trend_spend_30_vs_90, orders_last_30d."
17054,"trend_orders_30_vs_90, monetary_total, spend_last_90d","recency_days, trend_spend_30_vs_90, frequency_orders","Main churn-risk drivers: trend_orders_30_vs_90, monetary_total, spend_last_90d. Main factors reducing churn risk: recency_days, trend_spend_30_vs_90, frequency_orders."
17058,"frequency_orders, orders_last_60d, monetary_total","spend_last_60d, trend_orders_30_vs_90, orders_last_30d","Main churn-risk drivers: frequency_orders, orders_last_60d, monetary_total. Main factors reducing churn risk: spend_last_60d, trend_orders_30_vs_90, orders_last_30d."
17059,"spend_last_60d, orders_last_30d, trend_spend_30_vs_90","recency_days, monetary_total, frequency_orders","Main churn-risk drivers: spend_last_60d, orders_last_30d, trend_spend_30_vs_90. Main factors reducing churn risk: recency_days, monetary_total, frequency_orders."
17060,"frequency_orders, monetary_total, recency_days","spend_last_60d, trend_orders_30_vs_90, orders_last_30d","Main churn-risk drivers: frequency_orders, monetary_total, recency_days. Main factors reducing churn risk: spend_last_60d, trend_orders_30_vs_90, orders_last_30d."
17061,"spend_last_60d, trend_orders_30_vs_90, orders_last_30d","frequency_orders, monetary_total, orders_last_60d","Main churn-risk drivers: spend_last_60d, trend_orders_30_vs_90, orders_last_30d. Main factors reducing churn risk: frequency_orders, monetary_total, orders_last_60d."
17062,"recency_days, monetary_total, orders_last_60d","spend_last_60d, frequency_orders, trend_orders_30_vs_90","Main churn-risk drivers: recency_days, monetary_total, orders_last_60d. Main factors reducing churn risk: spend_last_60d, frequency_orders, trend_orders_30_vs_90."
17063,"orders_last_60d, monetary_total, trend_orders_30_vs_90","trend_spend_30_vs_90, spend_last_60d, frequency_orders","Main churn-risk drivers: orders_last_60d, monetary_total, trend_orders_30_vs_90. Main factors reducing churn risk: trend_spend_30_vs_90, spend_last_60d, frequency_orders."
17064,"frequency_orders, monetary_total, orders_last_60d","spend_last_60d, trend_orders_30_vs_90, monetary_mean","Main churn-risk drivers: frequency_orders, monetary_total, orders_last_60d. Main factors reducing churn risk: spend_last_60d, trend_orders_30_vs_90, monetary_mean."
17068,"orders_last_30d, spend_last_60d, trend_orders_30_vs_90","frequency_orders, orders_last_60d, monetary_total","Main churn-risk drivers: orders_last_30d, spend_last_60d, trend_orders_30_vs_90. Main factors reducing churn risk: frequency_orders, orders_last_60d, monetary_total."
17069,"orders_last_60d, trend_orders_30_vs_90, monetary_total","frequency_orders, trend_spend_30_vs_90, spend_last_60d","Main churn-risk drivers: orders_last_60d, trend_orders_30_vs_90, monetary_total. Main factors reducing churn risk: frequency_orders, trend_spend_30_vs_90, spend_last_60d."
17070,"frequency_orders, monetary_total, orders_last_30d","recency_days, trend_orders_30_vs_90, monetary_mean","Main churn-risk drivers: frequency_orders, monetary_total, orders_last_30d. Main factors reducing churn risk: recency_days, trend_orders_30_vs_90, monetary_mean."
17071,"trend_orders_30_vs_90, monetary_total, spend_last_90d","frequency_orders, orders_last_60d, recency_days","Main churn-risk drivers: trend_orders_30_vs_90, monetary_total, spend_last_90d. Main factors reducing churn risk: frequency_orders, orders_last_60d, recency_days."
17073,"frequency_orders, monetary_total, orders_last_30d","recency_days, trend_orders_30_vs_90, monetary_mean","Main churn-risk drivers: frequency_orders, monetary_total, orders_last_30d. Main factors reducing churn risk: recency_days, trend_orders_30_vs_90, monetary_mean."
17075,"orders_last_60d, monetary_total, recency_days","spend_last_60d, trend_orders_30_vs_90, monetary_mean","Main churn-risk drivers: orders_last_60d, monetary_total, recency_days. Main factors reducing churn risk: spend_last_60d, trend_orders_30_vs_90, monetary_mean."
17076,"frequency_orders, monetary_total, recency_days","spend_last_60d, trend_orders_30_vs_90, orders_last_30d","Main churn-risk drivers: frequency_orders, monetary_total, recency_days. Main factors reducing churn risk: spend_last_60d, trend_orders_30_vs_90, orders_last_30d."
17080,"frequency_orders, monetary_total, recency_days","spend_last_60d, trend_orders_30_vs_90, orders_last_30d","Main churn-risk drivers: frequency_orders, monetary_total, recency_days. Main factors reducing churn risk: spend_last_60d, trend_orders_30_vs_90, orders_last_30d."
17082,"frequency_orders, recency_days, orders_last_60d","spend_last_60d, trend_orders_30_vs_90, orders_last_30d","Main churn-risk drivers: frequency_orders, recency_days, orders_last_60d. Main factors reducing churn risk: spend_last_60d, trend_orders_30_vs_90, orders_last_30d."
17083,"frequency_orders, orders_last_30d, trend_spend_30_vs_90","recency_days, trend_orders_30_vs_90, orders_last_60d","Main churn-risk drivers: frequency_orders, orders_last_30d, trend_spend_30_vs_90. Main factors reducing churn risk: recency_days, trend_orders_30_vs_90, orders_last_60d."
17085,"trend_orders_30_vs_90, spend_last_90d, monetary_total","frequency_orders, recency_days, trend_spend_30_vs_90","Main churn-risk drivers: trend_orders_30_vs_90, spend_last_90d, monetary_total. Main factors reducing churn risk: frequency_orders, recency_days, trend_spend_30_vs_90."
17088,"frequency_orders, orders_last_60d, spend_last_90d","spend_last_60d, trend_orders_30_vs_90, orders_last_30d","Main churn-risk drivers: frequency_orders, orders_last_60d, spend_last_90d. Main factors reducing churn risk: spend_last_60d, trend_orders_30_vs_90, orders_last_30d."
17090,"monetary_total, orders_last_30d, trend_spend_30_vs_90","recency_days, frequency_orders, trend_orders_30_vs_90","Main churn-risk drivers: monetary_total, orders_last_30d, trend_spend_30_vs_90. Main factors reducing churn risk: recency_days, frequency_orders, trend_orders_30_vs_90."
17091,"orders_last_30d, spend_last_60d, trend_spend_30_vs_90","frequency_orders, orders_last_60d, recency_days","Main churn-risk drivers: orders_last_30d, spend_last_60d, trend_spend_30_vs_90. Main factors reducing churn risk: frequency_orders, orders_last_60d, recency_days."
17092,"frequency_orders, monetary_total, trend_orders_30_vs_90","recency_days, trend_spend_30_vs_90, monetary_mean","Main churn-risk drivers: frequency_orders, monetary_total, trend_orders_30_vs_90. Main factors reducing churn risk: recency_days, trend_spend_30_vs_90, monetary_mean."
17094,"frequency_orders, recency_days, monetary_total","spend_last_60d, trend_orders_30_vs_90, orders_last_30d","Main churn-risk drivers: frequency_orders, recency_days, monetary_total. Main factors reducing churn risk: spend_last_60d, trend_orders_30_vs_90, orders_last_30d."
17095,"frequency_orders, recency_days, monetary_total","spend_last_60d, trend_orders_30_vs_90, orders_last_30d","Main churn-risk drivers: frequency_orders, recency_days, monetary_total. Main factors reducing churn risk: spend_last_60d, trend_orders_30_vs_90, orders_last_30d."
17096,"frequency_orders, monetary_total, trend_orders_30_vs_90","recency_days, trend_spend_30_vs_90, orders_last_30d","Main churn-risk drivers: frequency_orders, monetary_total, trend_orders_30_vs_90. Main factors reducing churn risk: recency_days, trend_spend_30_vs_90, orders_last_30d."
17097,"orders_last_30d, monetary_total, trend_spend_30_vs_90","orders_last_60d, frequency_orders, recency_days","Main churn-risk drivers: orders_last_30d, monetary_total, trend_spend_30_vs_90. Main factors reducing churn risk: orders_last_60d, frequency_orders, recency_days."
17101,"frequency_orders, monetary_total, orders_last_60d","trend_spend_30_vs_90, spend_last_60d, monetary_mean","Main churn-risk drivers: frequency_orders, monetary_total, orders_last_60d. Main factors reducing churn risk: trend_spend_30_vs_90, spend_last_60d, monetary_mean."
17102,"frequency_orders, monetary_total, recency_days","spend_last_60d, trend_orders_30_vs_90, orders_last_30d","Main churn-risk drivers: frequency_orders, monetary_total, recency_days. Main factors reducing churn risk: spend_last_60d, trend_orders_30_vs_90, orders_last_30d."
17105,"frequency_orders, orders_last_60d, monetary_total","trend_spend_30_vs_90, spend_last_60d, recency_days","Main churn-risk drivers: frequency_orders, orders_last_60d, monetary_total. Main factors reducing churn risk: trend_spend_30_vs_90, spend_last_60d, recency_days."
17107,"orders_last_60d, frequency_orders, trend_orders_30_vs_90","monetary_total, spend_last_90d, trend_spend_30_vs_90","Main churn-risk drivers: orders_last_60d, frequency_orders, trend_orders_30_vs_90. Main factors reducing churn risk: monetary_total, spend_last_90d, trend_spend_30_vs_90."
17109,"frequency_orders, monetary_total, orders_last_60d","spend_last_60d, trend_orders_30_vs_90, monetary_mean","Main churn-risk drivers: frequency_orders, monetary_total, orders_last_60d. Main factors reducing churn risk: spend_last_60d, trend_orders_30_vs_90, monetary_mean."
17110,"frequency_orders, monetary_total, orders_last_60d","trend_spend_30_vs_90, spend_last_60d, monetary_mean","Main churn-risk drivers: frequency_orders, monetary_total, orders_last_60d. Main factors reducing churn risk: trend_spend_30_vs_90, spend_last_60d, monetary_mean."
17114,"monetary_total, trend_orders_30_vs_90, spend_last_90d","frequency_orders, recency_days, trend_spend_30_vs_90","Main churn-risk drivers: monetary_total, trend_orders_30_vs_90, spend_last_90d. Main factors reducing churn risk: frequency_orders, recency_days, trend_spend_30_vs_90."
17115,"frequency_orders, monetary_total, orders_last_60d","spend_last_60d, trend_orders_30_vs_90, orders_last_30d","Main churn-risk drivers: frequency_orders, monetary_total, orders_last_60d. Main factors reducing churn risk: spend_last_60d, trend_orders_30_vs_90, orders_last_30d."
17117,"frequency_orders, monetary_total, recency_days","spend_last_60d, trend_orders_30_vs_90, monetary_mean","Main churn-risk drivers: frequency_orders, monetary_total, recency_days. Main factors reducing churn risk: spend_last_60d, trend_orders_30_vs_90, monetary_mean."
17118,"frequency_orders, recency_days, monetary_total","spend_last_60d, trend_orders_30_vs_90, orders_last_30d","Main churn-risk drivers: frequency_orders, recency_days, monetary_total. Main factors reducing churn risk: spend_last_60d, trend_orders_30_vs_90, orders_last_30d."
17120,"frequency_orders, monetary_total, orders_last_60d","spend_last_60d, trend_orders_30_vs_90, orders_last_30d","Main churn-risk drivers: frequency_orders, monetary_total, orders_last_60d. Main factors reducing churn risk: spend_last_60d, trend_orders_30_vs_90, orders_last_30d."
17122,"frequency_orders, monetary_total, orders_last_30d","recency_days, trend_orders_30_vs_90, spend_last_60d","Main churn-risk drivers: frequency_orders, monetary_total, orders_last_30d. Main factors reducing churn risk: recency_days, trend_orders_30_vs_90, spend_last_60d."
17123,"frequency_orders, monetary_total, orders_last_60d","trend_spend_30_vs_90, spend_last_60d, recency_days","Main churn-risk drivers: frequency_orders, monetary_total, orders_last_60d. Main factors reducing churn risk: trend_spend_30_vs_90, spend_last_60d, recency_days."
17124,"frequency_orders, monetary_total, orders_last_60d","spend_last_60d, trend_orders_30_vs_90, monetary_mean","Main churn-risk drivers: frequency_orders, monetary_total, orders_last_60d. Main factors reducing churn risk: spend_last_60d, trend_orders_30_vs_90, monetary_mean."
17126,"orders_last_60d, trend_orders_30_vs_90, monetary_total","frequency_orders, trend_spend_30_vs_90, spend_last_60d","Main churn-risk drivers: orders_last_60d, trend_orders_30_vs_90, monetary_total. Main factors reducing churn risk: frequency_orders, trend_spend_30_vs_90, spend_last_60d."
17128,"frequency_orders, recency_days, monetary_total","spend_last_60d, trend_orders_30_vs_90, monetary_mean","Main churn-risk drivers: frequency_orders, recency_days, monetary_total. Main factors reducing churn risk: spend_last_60d, trend_orders_30_vs_90, monetary_mean."
17133,"orders_last_60d, monetary_mean, frequency_orders","monetary_total, spend_last_60d, trend_orders_30_vs_90","Main churn-risk drivers: orders_last_60d, monetary_mean, frequency_orders. Main factors reducing churn risk: monetary_total, spend_last_60d, trend_orders_30_vs_90."
17134,"frequency_orders, monetary_total, orders_last_30d","recency_days, trend_orders_30_vs_90, spend_last_60d","Main churn-risk drivers: frequency_orders, monetary_total, orders_last_30d. Main factors reducing churn risk: recency_days, trend_orders_30_vs_90, spend_last_60d."
17135,"frequency_orders, recency_days, monetary_total","spend_last_60d, trend_orders_30_vs_90, orders_last_30d","Main churn-risk drivers: frequency_orders, recency_days, monetary_total. Main factors reducing churn risk: spend_last_60d, trend_orders_30_vs_90, orders_last_30d."
17138,"frequency_orders, monetary_total, recency_days","spend_last_60d, trend_orders_30_vs_90, orders_last_30d","Main churn-risk drivers: frequency_orders, monetary_total, recency_days. Main factors reducing churn risk: spend_last_60d, trend_orders_30_vs_90, orders_last_30d."
17139,"spend_last_60d, trend_orders_30_vs_90, orders_last_90d","monetary_total, frequency_orders, spend_last_90d","Main churn-risk drivers: spend_last_60d, trend_orders_30_vs_90, orders_last_90d. Main factors reducing churn risk: monetary_total, frequency_orders, spend_last_90d."
17140,"frequency_orders, monetary_total, orders_last_60d","spend_last_60d, trend_orders_30_vs_90, orders_last_30d","Main churn-risk drivers: frequency_orders, monetary_total, orders_last_60d. Main factors reducing churn risk: spend_last_60d, trend_orders_30_vs_90, orders_last_30d."
17142,"frequency_orders, monetary_total, orders_last_60d","spend_last_60d, trend_orders_30_vs_90, orders_last_30d","Main churn-risk drivers: frequency_orders, monetary_total, orders_last_60d. Main factors reducing churn risk: spend_last_60d, trend_orders_30_vs_90, orders_last_30d."
17146,"monetary_total, frequency_orders, orders_last_30d","recency_days, trend_orders_30_vs_90, orders_last_60d","Main churn-risk drivers: monetary_total, frequency_orders, orders_last_30d. Main factors reducing churn risk: recency_days, trend_orders_30_vs_90, orders_last_60d."
17147,"frequency_orders, orders_last_60d, monetary_total","spend_last_60d, trend_orders_30_vs_90, orders_last_30d","Main churn-risk drivers: frequency_orders, orders_last_60d, monetary_total. Main factors reducing churn risk: spend_last_60d, trend_orders_30_vs_90, orders_last_30d."
17152,"orders_last_60d, frequency_orders, spend_last_90d","spend_last_60d, trend_orders_30_vs_90, orders_last_30d","Main churn-risk drivers: orders_last_60d, frequency_orders, spend_last_90d. Main factors reducing churn risk: spend_last_60d, trend_orders_30_vs_90, orders_last_30d."
17155,"frequency_orders, monetary_total, orders_last_60d","trend_spend_30_vs_90, spend_last_60d, orders_last_30d","Main churn-risk drivers: frequency_orders, monetary_total, orders_last_60d. Main factors reducing churn risk: trend_spend_30_vs_90, spend_last_60d, orders_last_30d."
17157,"frequency_orders, monetary_total, orders_last_60d","trend_spend_30_vs_90, spend_last_60d, orders_last_30d","Main churn-risk drivers: frequency_orders, monetary_total, orders_last_60d. Main factors reducing churn risk: trend_spend_30_vs_90, spend_last_60d, orders_last_30d."
17158,"frequency_orders, orders_last_60d, monetary_total","spend_last_60d, trend_orders_30_vs_90, orders_last_30d","Main churn-risk drivers: frequency_orders, orders_last_60d, monetary_total. Main factors reducing churn risk: spend_last_60d, trend_orders_30_vs_90, orders_last_30d."
17159,"frequency_orders, monetary_total, orders_last_60d","trend_spend_30_vs_90, spend_last_60d, orders_last_30d","Main churn-risk drivers: frequency_orders, monetary_total, orders_last_60d. Main factors reducing churn risk: trend_spend_30_vs_90, spend_last_60d, orders_last_30d."
17160,"spend_last_60d, trend_orders_30_vs_90, orders_last_30d","frequency_orders, orders_last_60d, monetary_total","Main churn-risk drivers: spend_last_60d, trend_orders_30_vs_90, orders_last_30d. Main factors reducing churn risk: frequency_orders, orders_last_60d, monetary_total."
17162,"trend_orders_30_vs_90, spend_last_90d, monetary_total","frequency_orders, recency_days, trend_spend_30_vs_90","Main churn-risk drivers: trend_orders_30_vs_90, spend_last_90d, monetary_total. Main factors reducing churn risk: frequency_orders, recency_days, trend_spend_30_vs_90."
17164,"orders_last_60d, frequency_orders, trend_orders_30_vs_90","trend_spend_30_vs_90, spend_last_60d, recency_days","Main churn-risk drivers: orders_last_60d, frequency_orders, trend_orders_30_vs_90. Main factors reducing churn risk: trend_spend_30_vs_90, spend_last_60d, recency_days."
17165,"frequency_orders, monetary_total, recency_days","spend_last_60d, trend_orders_30_vs_90, orders_last_30d","Main churn-risk drivers: frequency_orders, monetary_total, recency_days. Main factors reducing churn risk: spend_last_60d, trend_orders_30_vs_90, orders_last_30d."
17166,"frequency_orders, monetary_total, orders_last_60d","spend_last_60d, trend_orders_30_vs_90, monetary_mean","Main churn-risk drivers: frequency_orders, monetary_total, orders_last_60d. Main factors reducing churn risk: spend_last_60d, trend_orders_30_vs_90, monetary_mean."
17169,"frequency_orders, monetary_total, orders_last_60d","spend_last_60d, trend_orders_30_vs_90, orders_last_30d","Main churn-risk drivers: frequency_orders, monetary_total, orders_last_60d. Main factors reducing churn risk: spend_last_60d, trend_orders_30_vs_90, orders_last_30d."
17171,"frequency_orders, recency_days, monetary_total","spend_last_60d, trend_orders_30_vs_90, monetary_mean","Main churn-risk drivers: frequency_orders, recency_days, monetary_total. Main factors reducing churn risk: spend_last_60d, trend_orders_30_vs_90, monetary_mean."
17173,"frequency_orders, spend_last_60d, monetary_total","orders_last_60d, recency_days, spend_last_90d","Main churn-risk drivers: frequency_orders, spend_last_60d, monetary_total. Main factors reducing churn risk: orders_last_60d, recency_days, spend_last_90d."
17174,"frequency_orders, monetary_total, orders_last_60d","spend_last_60d, trend_orders_30_vs_90, monetary_mean","Main churn-risk drivers: frequency_orders, monetary_total, orders_last_60d. Main factors reducing churn risk: spend_last_60d, trend_orders_30_vs_90, monetary_mean."
17175,"frequency_orders, trend_orders_30_vs_90, monetary_total","recency_days, trend_spend_30_vs_90, orders_last_30d","Main churn-risk drivers: frequency_orders, trend_orders_30_vs_90, monetary_total. Main factors reducing churn risk: recency_days, trend_spend_30_vs_90, orders_last_30d."
17176,"frequency_orders, monetary_total, orders_last_60d","spend_last_60d, trend_orders_30_vs_90, orders_last_30d","Main churn-risk drivers: frequency_orders, monetary_total, orders_last_60d. Main factors reducing churn risk: spend_last_60d, trend_orders_30_vs_90, orders_last_30d."
17179,"orders_last_60d, monetary_total, frequency_orders","trend_spend_30_vs_90, spend_last_60d, monetary_mean","Main churn-risk drivers: orders_last_60d, monetary_total, frequency_orders. Main factors reducing churn risk: trend_spend_30_vs_90, spend_last_60d, monetary_mean."
17180,"monetary_total, orders_last_60d, recency_days","spend_last_60d, trend_orders_30_vs_90, monetary_mean","Main churn-risk drivers: monetary_total, orders_last_60d, recency_days. Main factors reducing churn risk: spend_last_60d, trend_orders_30_vs_90, monetary_mean."
17181,"frequency_orders, recency_days, monetary_total","spend_last_60d, trend_orders_30_vs_90, orders_last_30d","Main churn-risk drivers: frequency_orders, recency_days, monetary_total. Main factors reducing churn risk: spend_last_60d, trend_orders_30_vs_90, orders_last_30d."
17183,"frequency_orders, monetary_total, orders_last_30d","recency_days, trend_orders_30_vs_90, orders_last_60d","Main churn-risk drivers: frequency_orders, monetary_total, orders_last_30d. Main factors reducing churn risk: recency_days, trend_orders_30_vs_90, orders_last_60d."
17187,"frequency_orders, monetary_total, orders_last_60d","spend_last_60d, trend_orders_30_vs_90, orders_last_30d","Main churn-risk drivers: frequency_orders, monetary_total, orders_last_60d. Main factors reducing churn risk: spend_last_60d, trend_orders_30_vs_90, orders_last_30d."
17188,"orders_last_60d, trend_orders_30_vs_90, spend_last_90d","frequency_orders, trend_spend_30_vs_90, spend_last_60d","Main churn-risk drivers: orders_last_60d, trend_orders_30_vs_90, spend_last_90d. Main factors reducing churn risk: frequency_orders, trend_spend_30_vs_90, spend_last_60d."
17189,"frequency_orders, monetary_total, orders_last_30d","recency_days, trend_orders_30_vs_90, monetary_mean","Main churn-risk drivers: frequency_orders, monetary_total, orders_last_30d. Main factors reducing churn risk: recency_days, trend_orders_30_vs_90, monetary_mean."
17190,"frequency_orders, monetary_total, orders_last_60d","spend_last_60d, trend_orders_30_vs_90, orders_last_30d","Main churn-risk drivers: frequency_orders, monetary_total, orders_last_60d. Main factors reducing churn risk: spend_last_60d, trend_orders_30_vs_90, orders_last_30d."
17191,"orders_last_30d, trend_spend_30_vs_90, spend_last_90d","frequency_orders, recency_days, trend_orders_30_vs_90","Main churn-risk drivers: orders_last_30d, trend_spend_30_vs_90, spend_last_90d. Main factors reducing churn risk: frequency_orders, recency_days, trend_orders_30_vs_90."
17193,"frequency_orders, monetary_total, orders_last_60d","trend_spend_30_vs_90, spend_last_60d, orders_last_30d","Main churn-risk drivers: frequency_orders, monetary_total, orders_last_60d. Main factors reducing churn risk: trend_spend_30_vs_90, spend_last_60d, orders_last_30d."
17194,"frequency_orders, monetary_total, recency_days","spend_last_60d, trend_orders_30_vs_90, monetary_mean","Main churn-risk drivers: frequency_orders, monetary_total, recency_days. Main factors reducing churn risk: spend_last_60d, trend_orders_30_vs_90, monetary_mean."
17198,"recency_days, frequency_orders, monetary_total","spend_last_60d, trend_orders_30_vs_90, monetary_mean","Main churn-risk drivers: recency_days, frequency_orders, monetary_total. Main factors reducing churn risk: spend_last_60d, trend_orders_30_vs_90, monetary_mean."
17204,"orders_last_60d, trend_orders_30_vs_90, spend_last_90d","trend_spend_30_vs_90, spend_last_60d, frequency_orders","Main churn-risk drivers: orders_last_60d, trend_orders_30_vs_90, spend_last_90d. Main factors reducing churn risk: trend_spend_30_vs_90, spend_last_60d, frequency_orders."
17211,"orders_last_60d, trend_orders_30_vs_90, spend_last_90d","frequency_orders, trend_spend_30_vs_90, spend_last_60d","Main churn-risk drivers: orders_last_60d, trend_orders_30_vs_90, spend_last_90d. Main factors reducing churn risk: frequency_orders, trend_spend_30_vs_90, spend_last_60d."
17212,"frequency_orders, monetary_total, orders_last_60d","spend_last_60d, trend_orders_30_vs_90, orders_last_30d","Main churn-risk drivers: frequency_orders, monetary_total, orders_last_60d. Main factors reducing churn risk: spend_last_60d, trend_orders_30_vs_90, orders_last_30d."
17213,"trend_orders_30_vs_90, spend_last_60d, orders_last_90d","frequency_orders, orders_last_60d, recency_days","Main churn-risk drivers: trend_orders_30_vs_90, spend_last_60d, orders_last_90d. Main factors reducing churn risk: frequency_orders, orders_last_60d, recency_days."
17214,"monetary_total, orders_last_60d, recency_days","spend_last_60d, frequency_orders, trend_orders_30_vs_90","Main churn-risk drivers: monetary_total, orders_last_60d, recency_days. Main factors reducing churn risk: spend_last_60d, frequency_orders, trend_orders_30_vs_90."
17217,"frequency_orders, monetary_total, orders_last_60d","spend_last_60d, trend_orders_30_vs_90, monetary_mean","Main churn-risk drivers: frequency_orders, monetary_total, orders_last_60d. Main factors reducing churn risk: spend_last_60d, trend_orders_30_vs_90, monetary_mean."
17218,"orders_last_60d, monetary_total, spend_last_90d","frequency_orders, spend_last_60d, trend_orders_30_vs_90","Main churn-risk drivers: orders_last_60d, monetary_total, spend_last_90d. Main factors reducing churn risk: frequency_orders, spend_last_60d, trend_orders_30_vs_90."
17220,"orders_last_30d, trend_orders_30_vs_90, orders_last_90d","frequency_orders, orders_last_60d, recency_days","Main churn-risk drivers: orders_last_30d, trend_orders_30_vs_90, orders_last_90d. Main factors reducing churn risk: frequency_orders, orders_last_60d, recency_days."
17223,"recency_days, frequency_orders, monetary_total","spend_last_60d, trend_orders_30_vs_90, monetary_mean","Main churn-risk drivers: recency_days, frequency_orders, monetary_total. Main factors reducing churn risk: spend_last_60d, trend_orders_30_vs_90, monetary_mean."
17226,"frequency_orders, recency_days, monetary_total","spend_last_60d, trend_orders_30_vs_90, orders_last_30d","Main churn-risk drivers: frequency_orders, recency_days, monetary_total. Main factors reducing churn risk: spend_last_60d, trend_orders_30_vs_90, orders_last_30d."
17227,"monetary_total, orders_last_60d, frequency_orders","trend_spend_30_vs_90, spend_last_60d, orders_last_30d","Main churn-risk drivers: monetary_total, orders_last_60d, frequency_orders. Main factors reducing churn risk: trend_spend_30_vs_90, spend_last_60d, orders_last_30d."
17228,"orders_last_60d, monetary_total, spend_last_90d","spend_last_60d, frequency_orders, trend_orders_30_vs_90","Main churn-risk drivers: orders_last_60d, monetary_total, spend_last_90d. Main factors reducing churn risk: spend_last_60d, frequency_orders, trend_orders_30_vs_90."
17229,"frequency_orders, monetary_total, orders_last_30d","orders_last_60d, recency_days, monetary_mean","Main churn-risk drivers: frequency_orders, monetary_total, orders_last_30d. Main factors reducing churn risk: orders_last_60d, recency_days, monetary_mean."
17230,"recency_days, orders_last_60d, spend_last_90d","frequency_orders, monetary_total, spend_last_60d","Main churn-risk drivers: recency_days, orders_last_60d, spend_last_90d. Main factors reducing churn risk: frequency_orders, monetary_total, spend_last_60d."
17231,"trend_orders_30_vs_90, spend_last_90d","frequency_orders, recency_days, trend_spend_30_vs_90","Main churn-risk drivers: trend_orders_30_vs_90, spend_last_90d. Main factors reducing churn risk: frequency_orders, recency_days, trend_spend_30_vs_90."
17234,"frequency_orders, monetary_total, orders_last_60d","spend_last_60d, trend_orders_30_vs_90, monetary_mean","Main churn-risk drivers: frequency_orders, monetary_total, orders_last_60d. Main factors reducing churn risk: spend_last_60d, trend_orders_30_vs_90, monetary_mean."
17235,"frequency_orders, recency_days, monetary_total","spend_last_60d, trend_orders_30_vs_90, orders_last_30d","Main churn-risk drivers: frequency_orders, recency_days, monetary_total. Main factors reducing churn risk: spend_last_60d, trend_orders_30_vs_90, orders_last_30d."
17236,"orders_last_60d, monetary_total, trend_orders_30_vs_90","frequency_orders, trend_spend_30_vs_90, spend_last_60d","Main churn-risk drivers: orders_last_60d, monetary_total, trend_orders_30_vs_90. Main factors reducing churn risk: frequency_orders, trend_spend_30_vs_90, spend_last_60d."
17238,"trend_orders_30_vs_90, spend_last_90d, orders_last_90d","frequency_orders, recency_days, trend_spend_30_vs_90","Main churn-risk drivers: trend_orders_30_vs_90, spend_last_90d, orders_last_90d. Main factors reducing churn risk: frequency_orders, recency_days, trend_spend_30_vs_90."
17239,"frequency_orders, recency_days, monetary_total","spend_last_60d, trend_orders_30_vs_90, orders_last_30d","Main churn-risk drivers: frequency_orders, recency_days, monetary_total. Main factors reducing churn risk: spend_last_60d, trend_orders_30_vs_90, orders_last_30d."
17242,"frequency_orders, monetary_total, orders_last_30d","recency_days, spend_last_90d, orders_last_60d","Main churn-risk drivers: frequency_orders, monetary_total, orders_last_30d. Main factors reducing churn risk: recency_days, spend_last_90d, orders_last_60d."
17243,"orders_last_30d, spend_last_60d, trend_orders_30_vs_90","frequency_orders, monetary_total, orders_last_60d","Main churn-risk drivers: orders_last_30d, spend_last_60d, trend_orders_30_vs_90. Main factors reducing churn risk: frequency_orders, monetary_total, orders_last_60d."
17245,"frequency_orders, monetary_total, orders_last_60d","spend_last_60d, trend_orders_30_vs_90, orders_last_30d","Main churn-risk drivers: frequency_orders, monetary_total, orders_last_60d. Main factors reducing churn risk: spend_last_60d, trend_orders_30_vs_90, orders_last_30d."
17248,"frequency_orders, monetary_total, orders_last_30d","recency_days, trend_orders_30_vs_90, monetary_mean","Main churn-risk drivers: frequency_orders, monetary_total, orders_last_30d. Main factors reducing churn risk: recency_days, trend_orders_30_vs_90, monetary_mean."
17250,"frequency_orders, monetary_total, recency_days","spend_last_60d, trend_orders_30_vs_90, monetary_mean","Main churn-risk drivers: frequency_orders, monetary_total, recency_days. Main factors reducing churn risk: spend_last_60d, trend_orders_30_vs_90, monetary_mean."
17251,"frequency_orders, recency_days, monetary_total","spend_last_60d, trend_orders_30_vs_90, monetary_mean","Main churn-risk drivers: frequency_orders, recency_days, monetary_total. Main factors reducing churn risk: spend_last_60d, trend_orders_30_vs_90, monetary_mean."
17252,"frequency_orders, monetary_total, spend_last_90d","recency_days, spend_last_60d, trend_orders_30_vs_90","Main churn-risk drivers: frequency_orders, monetary_total, spend_last_90d. Main factors reducing churn risk: recency_days, spend_last_60d, trend_orders_30_vs_90."
17255,"frequency_orders, recency_days, monetary_total","spend_last_60d, trend_orders_30_vs_90, monetary_mean","Main churn-risk drivers: frequency_orders, recency_days, monetary_total. Main factors reducing churn risk: spend_last_60d, trend_orders_30_vs_90, monetary_mean."
17256,"frequency_orders, monetary_total, orders_last_30d","recency_days, trend_orders_30_vs_90, spend_last_60d","Main churn-risk drivers: frequency_orders, monetary_total, orders_last_30d. Main factors reducing churn risk: recency_days, trend_orders_30_vs_90, spend_last_60d."
17259,"frequency_orders, monetary_total, trend_orders_30_vs_90","trend_spend_30_vs_90, recency_days, monetary_mean","Main churn-risk drivers: frequency_orders, monetary_total, trend_orders_30_vs_90. Main factors reducing churn risk: trend_spend_30_vs_90, recency_days, monetary_mean."
17262,"orders_last_60d, monetary_total, recency_days","spend_last_60d, frequency_orders, trend_orders_30_vs_90","Main churn-risk drivers: orders_last_60d, monetary_total, recency_days. Main factors reducing churn risk: spend_last_60d, frequency_orders, trend_orders_30_vs_90."
17263,"frequency_orders, monetary_total, orders_last_60d","spend_last_60d, trend_orders_30_vs_90, monetary_mean","Main churn-risk drivers: frequency_orders, monetary_total, orders_last_60d. Main factors reducing churn risk: spend_last_60d, trend_orders_30_vs_90, monetary_mean."
17265,"frequency_orders, monetary_total, trend_orders_30_vs_90","recency_days, trend_spend_30_vs_90, monetary_mean","Main churn-risk drivers: frequency_orders, monetary_total, trend_orders_30_vs_90. Main factors reducing churn risk: recency_days, trend_spend_30_vs_90, monetary_mean."
17266,"frequency_orders, monetary_total, trend_orders_30_vs_90","trend_spend_30_vs_90, recency_days, spend_last_60d","Main churn-risk drivers: frequency_orders, monetary_total, trend_orders_30_vs_90. Main factors reducing churn risk: trend_spend_30_vs_90, recency_days, spend_last_60d."
17267,"frequency_orders, monetary_total, trend_orders_30_vs_90","orders_last_60d, recency_days, trend_spend_30_vs_90","Main churn-risk drivers: frequency_orders, monetary_total, trend_orders_30_vs_90. Main factors reducing churn risk: orders_last_60d, recency_days, trend_spend_30_vs_90."
17268,"monetary_total, orders_last_30d, monetary_median","orders_last_60d, recency_days, frequency_orders","Main churn-risk drivers: monetary_total, orders_last_30d, monetary_median. Main factors reducing churn risk: orders_last_60d, recency_days, frequency_orders."
17272,"frequency_orders, orders_last_60d, spend_last_90d","spend_last_60d, trend_orders_30_vs_90, orders_last_30d","Main churn-risk drivers: frequency_orders, orders_last_60d, spend_last_90d. Main factors reducing churn risk: spend_last_60d, trend_orders_30_vs_90, orders_last_30d."
17277,"frequency_orders, orders_last_60d, recency_days","spend_last_60d, trend_orders_30_vs_90, orders_last_30d","Main churn-risk drivers: frequency_orders, orders_last_60d, recency_days. Main factors reducing churn risk: spend_last_60d, trend_orders_30_vs_90, orders_last_30d."
17278,"frequency_orders, monetary_total, orders_last_60d","spend_last_60d, trend_orders_30_vs_90, orders_last_30d","Main churn-risk drivers: frequency_orders, monetary_total, orders_last_60d. Main factors reducing churn risk: spend_last_60d, trend_orders_30_vs_90, orders_last_30d."
17282,"trend_orders_30_vs_90, frequency_orders, spend_last_60d","recency_days, trend_spend_30_vs_90, spend_last_90d","Main churn-risk drivers: trend_orders_30_vs_90, frequency_orders, spend_last_60d. Main factors reducing churn risk: recency_days, trend_spend_30_vs_90, spend_last_90d."
17284,"trend_orders_30_vs_90, orders_last_90d, monetary_total","frequency_orders, recency_days, trend_spend_30_vs_90","Main churn-risk drivers: trend_orders_30_vs_90, orders_last_90d, monetary_total. Main factors reducing churn risk: frequency_orders, recency_days, trend_spend_30_vs_90."
17287,"monetary_total, trend_orders_30_vs_90, spend_last_90d","frequency_orders, recency_days, trend_spend_30_vs_90","Main churn-risk drivers: monetary_total, trend_orders_30_vs_90, spend_last_90d. Main factors reducing churn risk: frequency_orders, recency_days, trend_spend_30_vs_90."
17288,"orders_last_60d, monetary_total, spend_last_90d","frequency_orders, spend_last_60d, trend_orders_30_vs_90","Main churn-risk drivers: orders_last_60d, monetary_total, spend_last_90d. Main factors reducing churn risk: frequency_orders, spend_last_60d, trend_orders_30_vs_90."
17289,"frequency_orders, monetary_total, orders_last_60d","trend_spend_30_vs_90, spend_last_60d, monetary_mean","Main churn-risk drivers: frequency_orders, monetary_total, orders_last_60d. Main factors reducing churn risk: trend_spend_30_vs_90, spend_last_60d, monetary_mean."
17291,"monetary_mean, frequency_orders, monetary_median","spend_last_60d, trend_orders_30_vs_90, orders_last_30d","Main churn-risk drivers: monetary_mean, frequency_orders, monetary_median. Main factors reducing churn risk: spend_last_60d, trend_orders_30_vs_90, orders_last_30d."
17293,"orders_last_30d, monetary_total, spend_last_90d","frequency_orders, orders_last_60d, recency_days","Main churn-risk drivers: orders_last_30d, monetary_total, spend_last_90d. Main factors reducing churn risk: frequency_orders, orders_last_60d, recency_days."
17298,"frequency_orders, monetary_total, orders_last_30d","orders_last_60d, recency_days, monetary_mean","Main churn-risk drivers: frequency_orders, monetary_total, orders_last_30d. Main factors reducing churn risk: orders_last_60d, recency_days, monetary_mean."
17299,"frequency_orders, monetary_total, orders_last_30d","recency_days, spend_last_60d, monetary_mean","Main churn-risk drivers: frequency_orders, monetary_total, orders_last_30d. Main factors reducing churn risk: recency_days, spend_last_60d, monetary_mean."
17302,"monetary_total, frequency_orders, trend_orders_30_vs_90","recency_days, trend_spend_30_vs_90, monetary_mean","Main churn-risk drivers: monetary_total, frequency_orders, trend_orders_30_vs_90. Main factors reducing churn risk: recency_days, trend_spend_30_vs_90, monetary_mean."
17303,"frequency_orders, recency_days, monetary_total","spend_last_60d, trend_orders_30_vs_90, monetary_mean","Main churn-risk drivers: frequency_orders, recency_days, monetary_total. Main factors reducing churn risk: spend_last_60d, trend_orders_30_vs_90, monetary_mean."
17306,"spend_last_60d, trend_orders_30_vs_90, orders_last_30d","frequency_orders, monetary_total, orders_last_60d","Main churn-risk drivers: spend_last_60d, trend_orders_30_vs_90, orders_last_30d. Main factors reducing churn risk: frequency_orders, monetary_total, orders_last_60d."
17309,"frequency_orders, monetary_total, orders_last_30d","recency_days, trend_orders_30_vs_90, spend_last_60d","Main churn-risk drivers: frequency_orders, monetary_total, orders_last_30d. Main factors reducing churn risk: recency_days, trend_orders_30_vs_90, spend_last_60d."
17311,"frequency_orders, recency_days, monetary_total","spend_last_60d, trend_orders_30_vs_90, orders_last_30d","Main churn-risk drivers: frequency_orders, recency_days, monetary_total. Main factors reducing churn risk: spend_last_60d, trend_orders_30_vs_90, orders_last_30d."
17312,"trend_orders_30_vs_90, monetary_total, frequency_orders","recency_days, trend_spend_30_vs_90, orders_last_30d","Main churn-risk drivers: trend_orders_30_vs_90, monetary_total, frequency_orders. Main factors reducing churn risk: recency_days, trend_spend_30_vs_90, orders_last_30d."
17314,"trend_orders_30_vs_90, monetary_total, orders_last_90d","frequency_orders, trend_spend_30_vs_90, recency_days","Main churn-risk drivers: trend_orders_30_vs_90, monetary_total, orders_last_90d. Main factors reducing churn risk: frequency_orders, trend_spend_30_vs_90, recency_days."
17315,"orders_last_30d, spend_last_60d, orders_last_90d","frequency_orders, orders_last_60d, monetary_total","Main churn-risk drivers: orders_last_30d, spend_last_60d, orders_last_90d. Main factors reducing churn risk: frequency_orders, orders_last_60d, monetary_total."
17320,"frequency_orders, orders_last_30d, monetary_total","recency_days, trend_orders_30_vs_90, orders_last_60d","Main churn-risk drivers: frequency_orders, orders_last_30d, monetary_total. Main factors reducing churn risk: recency_days, trend_orders_30_vs_90, orders_last_60d."
17323,"monetary_total, trend_orders_30_vs_90, spend_last_90d","recency_days, trend_spend_30_vs_90, frequency_orders","Main churn-risk drivers: monetary_total, trend_orders_30_vs_90, spend_last_90d. Main factors reducing churn risk: recency_days, trend_spend_30_vs_90, frequency_orders."
17324,"recency_days, frequency_orders, orders_last_60d","spend_last_60d, trend_orders_30_vs_90, orders_last_30d","Main churn-risk drivers: recency_days, frequency_orders, orders_last_60d. Main factors reducing churn risk: spend_last_60d, trend_orders_30_vs_90, orders_last_30d."
17325,"frequency_orders, monetary_total, recency_days","spend_last_60d, trend_orders_30_vs_90, orders_last_30d","Main churn-risk drivers: frequency_orders, monetary_total, recency_days. Main factors reducing churn risk: spend_last_60d, trend_orders_30_vs_90, orders_last_30d."
17329,"frequency_orders, recency_days, monetary_total","spend_last_60d, trend_orders_30_vs_90, monetary_mean","Main churn-risk drivers: frequency_orders, recency_days, monetary_total. Main factors reducing churn risk: spend_last_60d, trend_orders_30_vs_90, monetary_mean."
17331,"frequency_orders, monetary_total, monetary_mean","recency_days, trend_spend_30_vs_90, spend_last_60d","Main churn-risk drivers: frequency_orders, monetary_total, monetary_mean. Main factors reducing churn risk: recency_days, trend_spend_30_vs_90, spend_last_60d."
17334,"frequency_orders, recency_days, monetary_total","spend_last_60d, trend_orders_30_vs_90, orders_last_30d","Main churn-risk drivers: frequency_orders, recency_days, monetary_total. Main factors reducing churn risk: spend_last_60d, trend_orders_30_vs_90, orders_last_30d."
17337,"orders_last_60d, trend_orders_30_vs_90, spend_last_90d","spend_last_60d, trend_spend_30_vs_90, frequency_orders","Main churn-risk drivers: orders_last_60d, trend_orders_30_vs_90, spend_last_90d. Main factors reducing churn risk: spend_last_60d, trend_spend_30_vs_90, frequency_orders."
17338,"spend_last_60d, orders_last_30d, trend_orders_30_vs_90","frequency_orders, monetary_total, recency_days","Main churn-risk drivers: spend_last_60d, orders_last_30d, trend_orders_30_vs_90. Main factors reducing churn risk: frequency_orders, monetary_total, recency_days."
17339,"frequency_orders, monetary_total, orders_last_30d","recency_days, trend_orders_30_vs_90, orders_last_60d","Main churn-risk drivers: frequency_orders, monetary_total, orders_last_30d. Main factors reducing churn risk: recency_days, trend_orders_30_vs_90, orders_last_60d."
17340,"trend_orders_30_vs_90, orders_last_30d, spend_last_60d","monetary_total, frequency_orders, spend_last_90d","Main churn-risk drivers: trend_orders_30_vs_90, orders_last_30d, spend_last_60d. Main factors reducing churn risk: monetary_total, frequency_orders, spend_last_90d."
17341,"orders_last_60d, monetary_total, trend_orders_30_vs_90","trend_spend_30_vs_90, spend_last_60d, recency_days","Main churn-risk drivers: orders_last_60d, monetary_total, trend_orders_30_vs_90. Main factors reducing churn risk: trend_spend_30_vs_90, spend_last_60d, recency_days."
17343,"frequency_orders, recency_days, monetary_total","spend_last_60d, trend_orders_30_vs_90, monetary_mean","Main churn-risk drivers: frequency_orders, recency_days, monetary_total. Main factors reducing churn risk: spend_last_60d, trend_orders_30_vs_90, monetary_mean."
17345,"monetary_total, frequency_orders, orders_last_30d","recency_days, trend_orders_30_vs_90, monetary_mean","Main churn-risk drivers: monetary_total, frequency_orders, orders_last_30d. Main factors reducing churn risk: recency_days, trend_orders_30_vs_90, monetary_mean."
17346,"orders_last_30d, monetary_total, spend_last_90d","frequency_orders, recency_days, monetary_mean","Main churn-risk drivers: orders_last_30d, monetary_total, spend_last_90d. Main factors reducing churn risk: frequency_orders, recency_days, monetary_mean."
17348,"frequency_orders, recency_days, monetary_total","spend_last_60d, trend_orders_30_vs_90, monetary_mean","Main churn-risk drivers: frequency_orders, recency_days, monetary_total. Main factors reducing churn risk: spend_last_60d, trend_orders_30_vs_90, monetary_mean."
17349,"frequency_orders, monetary_total, orders_last_60d","trend_spend_30_vs_90, spend_last_60d, monetary_mean","Main churn-risk drivers: frequency_orders, monetary_total, orders_last_60d. Main factors reducing churn risk: trend_spend_30_vs_90, spend_last_60d, monetary_mean."
17351,"frequency_orders, monetary_total, orders_last_60d","trend_spend_30_vs_90, spend_last_60d, orders_last_30d","Main churn-risk drivers: frequency_orders, monetary_total, orders_last_60d. Main factors reducing churn risk: trend_spend_30_vs_90, spend_last_60d, orders_last_30d."
17353,"frequency_orders, monetary_mean, monetary_median","spend_last_90d, recency_days, trend_spend_30_vs_90","Main churn-risk drivers: frequency_orders, monetary_mean, monetary_median. Main factors reducing churn risk: spend_last_90d, recency_days, trend_spend_30_vs_90."
17356,"frequency_orders, recency_days, monetary_total","spend_last_60d, trend_orders_30_vs_90, monetary_mean","Main churn-risk drivers: frequency_orders, recency_days, monetary_total. Main factors reducing churn risk: spend_last_60d, trend_orders_30_vs_90, monetary_mean."
17358,"frequency_orders, recency_days, monetary_total","spend_last_60d, trend_orders_30_vs_90, monetary_mean","Main churn-risk drivers: frequency_orders, recency_days, monetary_total. Main factors reducing churn risk: spend_last_60d, trend_orders_30_vs_90, monetary_mean."
17360,"frequency_orders, monetary_total, orders_last_60d","spend_last_60d, trend_orders_30_vs_90, monetary_mean","Main churn-risk drivers: frequency_orders, monetary_total, orders_last_60d. Main factors reducing churn risk: spend_last_60d, trend_orders_30_vs_90, monetary_mean."
17361,"frequency_orders, monetary_total, orders_last_60d","spend_last_60d, trend_orders_30_vs_90, orders_last_30d","Main churn-risk drivers: frequency_orders, monetary_total, orders_last_60d. Main factors reducing churn risk: spend_last_60d, trend_orders_30_vs_90, orders_last_30d."
17362,"frequency_orders, monetary_total, orders_last_60d","spend_last_60d, trend_orders_30_vs_90, monetary_mean","Main churn-risk drivers: frequency_orders, monetary_total, orders_last_60d. Main factors reducing churn risk: spend_last_60d, trend_orders_30_vs_90, monetary_mean."
17364,"trend_orders_30_vs_90, spend_last_60d, spend_last_90d","frequency_orders, monetary_total, recency_days","Main churn-risk drivers: trend_orders_30_vs_90, spend_last_60d, spend_last_90d. Main factors reducing churn risk: frequency_orders, monetary_total, recency_days."
17365,"orders_last_60d, trend_orders_30_vs_90, spend_last_90d","frequency_orders, monetary_total, trend_spend_30_vs_90","Main churn-risk drivers: orders_last_60d, trend_orders_30_vs_90, spend_last_90d. Main factors reducing churn risk: frequency_orders, monetary_total, trend_spend_30_vs_90."
17367,"frequency_orders, monetary_total, orders_last_60d","spend_last_60d, trend_orders_30_vs_90, monetary_mean","Main churn-risk drivers: frequency_orders, monetary_total, orders_last_60d. Main factors reducing churn risk: spend_last_60d, trend_orders_30_vs_90, monetary_mean."
17368,"trend_orders_30_vs_90, orders_last_30d, orders_last_90d","frequency_orders, recency_days, trend_spend_30_vs_90","Main churn-risk drivers: trend_orders_30_vs_90, orders_last_30d, orders_last_90d. Main factors reducing churn risk: frequency_orders, recency_days, trend_spend_30_vs_90."
17370,"frequency_orders, monetary_total, orders_last_30d","recency_days, spend_last_60d, monetary_mean","Main churn-risk drivers: frequency_orders, monetary_total, orders_last_30d. Main factors reducing churn risk: recency_days, spend_last_60d, monetary_mean."
17371,"frequency_orders, recency_days, monetary_total","spend_last_60d, trend_orders_30_vs_90, monetary_mean","Main churn-risk drivers: frequency_orders, recency_days, monetary_total. Main factors reducing churn risk: spend_last_60d, trend_orders_30_vs_90, monetary_mean."
17372,"orders_last_60d, monetary_total, trend_orders_30_vs_90","frequency_orders, trend_spend_30_vs_90, spend_last_60d","Main churn-risk drivers: orders_last_60d, monetary_total, trend_orders_30_vs_90. Main factors reducing churn risk: frequency_orders, trend_spend_30_vs_90, spend_last_60d."
17373,"frequency_orders, monetary_total, trend_orders_30_vs_90","recency_days, trend_spend_30_vs_90, spend_last_60d","Main churn-risk drivers: frequency_orders, monetary_total, trend_orders_30_vs_90. Main factors reducing churn risk: recency_days, trend_spend_30_vs_90, spend_last_60d."
17374,"frequency_orders, monetary_total, orders_last_60d","spend_last_60d, trend_orders_30_vs_90, orders_last_30d","Main churn-risk drivers: frequency_orders, monetary_total, orders_last_60d. Main factors reducing churn risk: spend_last_60d, trend_orders_30_vs_90, orders_last_30d."
17375,"monetary_total, orders_last_60d, frequency_orders","spend_last_60d, trend_orders_30_vs_90, monetary_mean","Main churn-risk drivers: monetary_total, orders_last_60d, frequency_orders. Main factors reducing churn risk: spend_last_60d, trend_orders_30_vs_90, monetary_mean."
17376,"frequency_orders, recency_days, monetary_total","spend_last_60d, trend_orders_30_vs_90, monetary_mean","Main churn-risk drivers: frequency_orders, recency_days, monetary_total. Main factors reducing churn risk: spend_last_60d, trend_orders_30_vs_90, monetary_mean."
17377,"trend_orders_30_vs_90, spend_last_90d, orders_last_90d","frequency_orders, recency_days, trend_spend_30_vs_90","Main churn-risk drivers: trend_orders_30_vs_90, spend_last_90d, orders_last_90d. Main factors reducing churn risk: frequency_orders, recency_days, trend_spend_30_vs_90."
17381,"spend_last_60d, orders_last_30d, trend_orders_30_vs_90","frequency_orders, monetary_total, orders_last_60d","Main churn-risk drivers: spend_last_60d, orders_last_30d, trend_orders_30_vs_90. Main factors reducing churn risk: frequency_orders, monetary_total, orders_last_60d."
17384,"frequency_orders, monetary_total, orders_last_60d","spend_last_60d, trend_orders_30_vs_90, orders_last_30d","Main churn-risk drivers: frequency_orders, monetary_total, orders_last_60d. Main factors reducing churn risk: spend_last_60d, trend_orders_30_vs_90, orders_last_30d."
17386,"orders_last_30d, spend_last_60d, monetary_mean","orders_last_60d, frequency_orders, recency_days","Main churn-risk drivers: orders_last_30d, spend_last_60d, monetary_mean. Main factors reducing churn risk: orders_last_60d, frequency_orders, recency_days."
17388,"monetary_total, frequency_orders, trend_orders_30_vs_90","recency_days, trend_spend_30_vs_90, orders_last_30d","Main churn-risk drivers: monetary_total, frequency_orders, trend_orders_30_vs_90. Main factors reducing churn risk: recency_days, trend_spend_30_vs_90, orders_last_30d."
17389,"spend_last_60d, trend_orders_30_vs_90, orders_last_90d","frequency_orders, orders_last_60d, monetary_total","Main churn-risk drivers: spend_last_60d, trend_orders_30_vs_90, orders_last_90d. Main factors reducing churn risk: frequency_orders, orders_last_60d, monetary_total."
17391,"frequency_orders, monetary_total, orders_last_60d","trend_spend_30_vs_90, spend_last_60d, recency_days","Main churn-risk drivers: frequency_orders, monetary_total, orders_last_60d. Main factors reducing churn risk: trend_spend_30_vs_90, spend_last_60d, recency_days."
17392,"frequency_orders, recency_days, monetary_total","spend_last_60d, trend_orders_30_vs_90, monetary_mean","Main churn-risk drivers: frequency_orders, recency_days, monetary_total. Main factors reducing churn risk: spend_last_60d, trend_orders_30_vs_90, monetary_mean."
17394,"frequency_orders, monetary_total, orders_last_60d","spend_last_60d, trend_orders_30_vs_90, orders_last_30d","Main churn-risk drivers: frequency_orders, monetary_total, orders_last_60d. Main factors reducing churn risk: spend_last_60d, trend_orders_30_vs_90, orders_last_30d."
17396,"spend_last_60d, monetary_mean, trend_orders_30_vs_90","orders_last_60d, spend_last_90d, monetary_total","Main churn-risk drivers: spend_last_60d, monetary_mean, trend_orders_30_vs_90. Main factors reducing churn risk: orders_last_60d, spend_last_90d, monetary_total."
17398,"monetary_total, frequency_orders, orders_last_30d","recency_days, trend_orders_30_vs_90, spend_last_60d","Main churn-risk drivers: monetary_total, frequency_orders, orders_last_30d. Main factors reducing churn risk: recency_days, trend_orders_30_vs_90, spend_last_60d."
17400,"spend_last_60d, trend_orders_30_vs_90","frequency_orders, recency_days, trend_spend_30_vs_90","Main churn-risk drivers: spend_last_60d, trend_orders_30_vs_90. Main factors reducing churn risk: frequency_orders, recency_days, trend_spend_30_vs_90."
17402,"orders_last_30d, spend_last_60d, trend_spend_30_vs_90","frequency_orders, orders_last_60d, recency_days","Main churn-risk drivers: orders_last_30d, spend_last_60d, trend_spend_30_vs_90. Main factors reducing churn risk: frequency_orders, orders_last_60d, recency_days."
17404,"spend_last_60d, trend_orders_30_vs_90, monetary_mean","monetary_total, frequency_orders, spend_last_90d","Main churn-risk drivers: spend_last_60d, trend_orders_30_vs_90, monetary_mean. Main factors reducing churn risk: monetary_total, frequency_orders, spend_last_90d."
17405,"frequency_orders, monetary_total, trend_orders_30_vs_90","trend_spend_30_vs_90, recency_days, monetary_mean","Main churn-risk drivers: frequency_orders, monetary_total, trend_orders_30_vs_90. Main factors reducing churn risk: trend_spend_30_vs_90, recency_days, monetary_mean."
17406,"recency_days, orders_last_60d, frequency_orders","monetary_total, spend_last_60d, trend_orders_30_vs_90","Main churn-risk drivers: recency_days, orders_last_60d, frequency_orders. Main factors reducing churn risk: monetary_total, spend_last_60d, trend_orders_30_vs_90."
17408,"frequency_orders, monetary_total, orders_last_60d","spend_last_60d, trend_spend_30_vs_90, recency_days","Main churn-risk drivers: frequency_orders, monetary_total, orders_last_60d. Main factors reducing churn risk: spend_last_60d, trend_spend_30_vs_90, recency_days."
17409,"frequency_orders, orders_last_60d, monetary_total","spend_last_60d, trend_orders_30_vs_90, orders_last_30d","Main churn-risk drivers: frequency_orders, orders_last_60d, monetary_total. Main factors reducing churn risk: spend_last_60d, trend_orders_30_vs_90, orders_last_30d."
17410,"frequency_orders, monetary_total, orders_last_30d","recency_days, trend_orders_30_vs_90, spend_last_60d","Main churn-risk drivers: frequency_orders, monetary_total, orders_last_30d. Main factors reducing churn risk: recency_days, trend_orders_30_vs_90, spend_last_60d."
17411,"frequency_orders, monetary_total, recency_days","spend_last_60d, trend_orders_30_vs_90, orders_last_30d","Main churn-risk drivers: frequency_orders, monetary_total, recency_days. Main factors reducing churn risk: spend_last_60d, trend_orders_30_vs_90, orders_last_30d."
17412,"orders_last_60d, monetary_total, spend_last_90d","spend_last_60d, frequency_orders, trend_orders_30_vs_90","Main churn-risk drivers: orders_last_60d, monetary_total, spend_last_90d. Main factors reducing churn risk: spend_last_60d, frequency_orders, trend_orders_30_vs_90."
17414,"frequency_orders, monetary_total, orders_last_60d","spend_last_60d, trend_orders_30_vs_90, orders_last_30d","Main churn-risk drivers: frequency_orders, monetary_total, orders_last_60d. Main factors reducing churn risk: spend_last_60d, trend_orders_30_vs_90, orders_last_30d."
17416,"spend_last_60d, orders_last_30d, trend_orders_30_vs_90","monetary_total, frequency_orders, spend_last_90d","Main churn-risk drivers: spend_last_60d, orders_last_30d, trend_orders_30_vs_90. Main factors reducing churn risk: monetary_total, frequency_orders, spend_last_90d."
17418,"frequency_orders, recency_days, monetary_total","spend_last_60d, trend_orders_30_vs_90, monetary_mean","Main churn-risk drivers: frequency_orders, recency_days, monetary_total. Main factors reducing churn risk: spend_last_60d, trend_orders_30_vs_90, monetary_mean."
17419,"trend_orders_30_vs_90, spend_last_60d","frequency_orders, monetary_total, recency_days","Main churn-risk drivers: trend_orders_30_vs_90, spend_last_60d. Main factors reducing churn risk: frequency_orders, monetary_total, recency_days."
17420,"frequency_orders, monetary_total, orders_last_60d","trend_spend_30_vs_90, spend_last_60d, orders_last_30d","Main churn-risk drivers: frequency_orders, monetary_total, orders_last_60d. Main factors reducing churn risk: trend_spend_30_vs_90, spend_last_60d, orders_last_30d."
17422,"trend_orders_30_vs_90, spend_last_60d, orders_last_30d","frequency_orders, orders_last_60d, recency_days","Main churn-risk drivers: trend_orders_30_vs_90, spend_last_60d, orders_last_30d. Main factors reducing churn risk: frequency_orders, orders_last_60d, recency_days."
17423,"frequency_orders, monetary_total, orders_last_60d","spend_last_60d, trend_orders_30_vs_90, orders_last_30d","Main churn-risk drivers: frequency_orders, monetary_total, orders_last_60d. Main factors reducing churn risk: spend_last_60d, trend_orders_30_vs_90, orders_last_30d."
17426,"spend_last_60d, trend_orders_30_vs_90, orders_last_30d","monetary_total, spend_last_90d, recency_days","Main churn-risk drivers: spend_last_60d, trend_orders_30_vs_90, orders_last_30d. Main factors reducing churn risk: monetary_total, spend_last_90d, recency_days."
17428,"spend_last_60d, trend_orders_30_vs_90, orders_last_30d","frequency_orders, monetary_total, spend_last_90d","Main churn-risk drivers: spend_last_60d, trend_orders_30_vs_90, orders_last_30d. Main factors reducing churn risk: frequency_orders, monetary_total, spend_last_90d."
17429,"monetary_total, frequency_orders, trend_orders_30_vs_90","recency_days, trend_spend_30_vs_90, spend_last_60d","Main churn-risk drivers: monetary_total, frequency_orders, trend_orders_30_vs_90. Main factors reducing churn risk: recency_days, trend_spend_30_vs_90, spend_last_60d."
17430,"frequency_orders, recency_days, monetary_total","spend_last_60d, trend_orders_30_vs_90, orders_last_30d","Main churn-risk drivers: frequency_orders, recency_days, monetary_total. Main factors reducing churn risk: spend_last_60d, trend_orders_30_vs_90, orders_last_30d."
17431,"frequency_orders, recency_days, monetary_total","spend_last_60d, trend_orders_30_vs_90, monetary_mean","Main churn-risk drivers: frequency_orders, recency_days, monetary_total. Main factors reducing churn risk: spend_last_60d, trend_orders_30_vs_90, monetary_mean."
17436,"frequency_orders, monetary_total, orders_last_60d","spend_last_60d, trend_orders_30_vs_90, orders_last_30d","Main churn-risk drivers: frequency_orders, monetary_total, orders_last_60d. Main factors reducing churn risk: spend_last_60d, trend_orders_30_vs_90, orders_last_30d."
17438,"frequency_orders, monetary_total, orders_last_60d","spend_last_60d, trend_orders_30_vs_90, orders_last_30d","Main churn-risk drivers: frequency_orders, monetary_total, orders_last_60d. Main factors reducing churn risk: spend_last_60d, trend_orders_30_vs_90, orders_last_30d."
17440,"monetary_total, orders_last_60d, frequency_orders","trend_spend_30_vs_90, spend_last_60d, recency_days","Main churn-risk drivers: monetary_total, orders_last_60d, frequency_orders. Main factors reducing churn risk: trend_spend_30_vs_90, spend_last_60d, recency_days."
17442,"spend_last_60d, trend_orders_30_vs_90, orders_last_30d","frequency_orders, orders_last_60d, recency_days","Main churn-risk drivers: spend_last_60d, trend_orders_30_vs_90, orders_last_30d. Main factors reducing churn risk: frequency_orders, orders_last_60d, recency_days."
17443,"monetary_mean, frequency_orders, monetary_median","spend_last_60d, trend_orders_30_vs_90, orders_last_30d","Main churn-risk drivers: monetary_mean, frequency_orders, monetary_median. Main factors reducing churn risk: spend_last_60d, trend_orders_30_vs_90, orders_last_30d."
17444,"trend_orders_30_vs_90, frequency_orders, spend_last_60d","spend_last_90d, monetary_total, trend_spend_30_vs_90","Main churn-risk drivers: trend_orders_30_vs_90, frequency_orders, spend_last_60d. Main factors reducing churn risk: spend_last_90d, monetary_total, trend_spend_30_vs_90."
17446,"frequency_orders, monetary_total, orders_last_60d","trend_spend_30_vs_90, spend_last_60d, monetary_mean","Main churn-risk drivers: frequency_orders, monetary_total, orders_last_60d. Main factors reducing churn risk: trend_spend_30_vs_90, spend_last_60d, monetary_mean."
17449,"orders_last_30d, trend_spend_30_vs_90, spend_last_90d","recency_days, frequency_orders, trend_orders_30_vs_90","Main churn-risk drivers: orders_last_30d, trend_spend_30_vs_90, spend_last_90d. Main factors reducing churn risk: recency_days, frequency_orders, trend_orders_30_vs_90."
17450,"spend_last_60d, spend_last_30d, orders_last_30d","monetary_total, spend_last_90d, frequency_orders","Main churn-risk drivers: spend_last_60d, spend_last_30d, orders_last_30d. Main factors reducing churn risk: monetary_total, spend_last_90d, frequency_orders."
17451,"frequency_orders, monetary_total, orders_last_30d","recency_days, trend_orders_30_vs_90, monetary_mean","Main churn-risk drivers: frequency_orders, monetary_total, orders_last_30d. Main factors reducing churn risk: recency_days, trend_orders_30_vs_90, monetary_mean."
17454,"monetary_total, orders_last_60d, spend_last_90d","spend_last_60d, frequency_orders, trend_orders_30_vs_90","Main churn-risk drivers: monetary_total, orders_last_60d, spend_last_90d. Main factors reducing churn risk: spend_last_60d, frequency_orders, trend_orders_30_vs_90."
17455,"frequency_orders, monetary_total, orders_last_60d","spend_last_60d, trend_orders_30_vs_90, orders_last_30d","Main churn-risk drivers: frequency_orders, monetary_total, orders_last_60d. Main factors reducing churn risk: spend_last_60d, trend_orders_30_vs_90, orders_last_30d."
17456,"frequency_orders, recency_days, monetary_total","spend_last_60d, trend_orders_30_vs_90, monetary_mean","Main churn-risk drivers: frequency_orders, recency_days, monetary_total. Main factors reducing churn risk: spend_last_60d, trend_orders_30_vs_90, monetary_mean."
17457,"trend_orders_30_vs_90, spend_last_90d, monetary_mean","frequency_orders, recency_days, trend_spend_30_vs_90","Main churn-risk drivers: trend_orders_30_vs_90, spend_last_90d, monetary_mean. Main factors reducing churn risk: frequency_orders, recency_days, trend_spend_30_vs_90."
17460,"monetary_total, orders_last_30d, spend_last_90d","frequency_orders, recency_days, trend_orders_30_vs_90","Main churn-risk drivers: monetary_total, orders_last_30d, spend_last_90d. Main factors reducing churn risk: frequency_orders, recency_days, trend_orders_30_vs_90."
17462,"frequency_orders, recency_days, monetary_total","spend_last_60d, trend_orders_30_vs_90, orders_last_30d","Main churn-risk drivers: frequency_orders, recency_days, monetary_total. Main factors reducing churn risk: spend_last_60d, trend_orders_30_vs_90, orders_last_30d."
17463,"orders_last_60d, frequency_orders, trend_orders_30_vs_90","trend_spend_30_vs_90, spend_last_60d, monetary_mean","Main churn-risk drivers: orders_last_60d, frequency_orders, trend_orders_30_vs_90. Main factors reducing churn risk: trend_spend_30_vs_90, spend_last_60d, monetary_mean."
17464,"frequency_orders, monetary_total, orders_last_60d","trend_spend_30_vs_90, spend_last_60d, recency_days","Main churn-risk drivers: frequency_orders, monetary_total, orders_last_60d. Main factors reducing churn risk: trend_spend_30_vs_90, spend_last_60d, recency_days."
17469,"frequency_orders, monetary_total, orders_last_30d","recency_days, orders_last_60d, monetary_mean","Main churn-risk drivers: frequency_orders, monetary_total, orders_last_30d. Main factors reducing churn risk: recency_days, orders_last_60d, monetary_mean."
17470,"monetary_total, trend_orders_30_vs_90, spend_last_90d","recency_days, trend_spend_30_vs_90, frequency_orders","Main churn-risk drivers: monetary_total, trend_orders_30_vs_90, spend_last_90d. Main factors reducing churn risk: recency_days, trend_spend_30_vs_90, frequency_orders."
17472,"orders_last_60d, monetary_total, frequency_orders","spend_last_60d, trend_orders_30_vs_90, monetary_mean","Main churn-risk drivers: orders_last_60d, monetary_total, frequency_orders. Main factors reducing churn risk: spend_last_60d, trend_orders_30_vs_90, monetary_mean."
17481,"frequency_orders, monetary_total, orders_last_30d","recency_days, trend_orders_30_vs_90, monetary_mean","Main churn-risk drivers: frequency_orders, monetary_total, orders_last_30d. Main factors reducing churn risk: recency_days, trend_orders_30_vs_90, monetary_mean."
17483,"frequency_orders, monetary_total, trend_orders_30_vs_90","recency_days, trend_spend_30_vs_90, spend_last_60d","Main churn-risk drivers: frequency_orders, monetary_total, trend_orders_30_vs_90. Main factors reducing churn risk: recency_days, trend_spend_30_vs_90, spend_last_60d."
17486,"frequency_orders, monetary_total, recency_days","spend_last_60d, trend_orders_30_vs_90, orders_last_30d","Main churn-risk drivers: frequency_orders, monetary_total, recency_days. Main factors reducing churn risk: spend_last_60d, trend_orders_30_vs_90, orders_last_30d."
17489,"frequency_orders, monetary_total, orders_last_60d","spend_last_60d, trend_orders_30_vs_90, monetary_mean","Main churn-risk drivers: frequency_orders, monetary_total, orders_last_60d. Main factors reducing churn risk: spend_last_60d, trend_orders_30_vs_90, monetary_mean."
17490,"frequency_orders, monetary_total, orders_last_60d","trend_spend_30_vs_90, spend_last_60d, orders_last_30d","Main churn-risk drivers: frequency_orders, monetary_total, orders_last_60d. Main factors reducing churn risk: trend_spend_30_vs_90, spend_last_60d, orders_last_30d."
17491,"spend_last_60d, orders_last_30d, trend_orders_30_vs_90","frequency_orders, orders_last_60d, recency_days","Main churn-risk drivers: spend_last_60d, orders_last_30d, trend_orders_30_vs_90. Main factors reducing churn risk: frequency_orders, orders_last_60d, recency_days."
17492,"frequency_orders, monetary_total, orders_last_60d","spend_last_60d, trend_orders_30_vs_90, orders_last_30d","Main churn-risk drivers: frequency_orders, monetary_total, orders_last_60d. Main factors reducing churn risk: spend_last_60d, trend_orders_30_vs_90, orders_last_30d."
17496,"frequency_orders, recency_days, monetary_total","spend_last_60d, trend_orders_30_vs_90, orders_last_30d","Main churn-risk drivers: frequency_orders, recency_days, monetary_total. Main factors reducing churn risk: spend_last_60d, trend_orders_30_vs_90, orders_last_30d."
17499,"frequency_orders, recency_days, orders_last_60d","spend_last_60d, trend_orders_30_vs_90, orders_last_30d","Main churn-risk drivers: frequency_orders, recency_days, orders_last_60d. Main factors reducing churn risk: spend_last_60d, trend_orders_30_vs_90, orders_last_30d."
17501,"frequency_orders, monetary_total, orders_last_60d","spend_last_60d, trend_orders_30_vs_90, orders_last_30d","Main churn-risk drivers: frequency_orders, monetary_total, orders_last_60d. Main factors reducing churn risk: spend_last_60d, trend_orders_30_vs_90, orders_last_30d."
17504,"orders_last_60d, spend_last_90d, trend_spend_30_vs_90","frequency_orders, monetary_total, spend_last_60d","Main churn-risk drivers: orders_last_60d, spend_last_90d, trend_spend_30_vs_90. Main factors reducing churn risk: frequency_orders, monetary_total, spend_last_60d."
17505,"frequency_orders, orders_last_60d, trend_orders_30_vs_90","trend_spend_30_vs_90, spend_last_60d, recency_days","Main churn-risk drivers: frequency_orders, orders_last_60d, trend_orders_30_vs_90. Main factors reducing churn risk: trend_spend_30_vs_90, spend_last_60d, recency_days."
17507,"frequency_orders, recency_days, monetary_total","spend_last_60d, trend_orders_30_vs_90, monetary_mean","Main churn-risk drivers: frequency_orders, recency_days, monetary_total. Main factors reducing churn risk: spend_last_60d, trend_orders_30_vs_90, monetary_mean."
17508,"frequency_orders, recency_days, monetary_total","spend_last_60d, trend_orders_30_vs_90, orders_last_30d","Main churn-risk drivers: frequency_orders, recency_days, monetary_total. Main factors reducing churn risk: spend_last_60d, trend_orders_30_vs_90, orders_last_30d."
17511,"spend_last_60d, spend_last_30d, orders_last_30d","monetary_total, spend_last_90d, frequency_orders","Main churn-risk drivers: spend_last_60d, spend_last_30d, orders_last_30d. Main factors reducing churn risk: monetary_total, spend_last_90d, frequency_orders."
17512,"trend_orders_30_vs_90, orders_last_90d","frequency_orders, recency_days, trend_spend_30_vs_90","Main churn-risk drivers: trend_orders_30_vs_90, orders_last_90d. Main factors reducing churn risk: frequency_orders, recency_days, trend_spend_30_vs_90."
17514,"frequency_orders, monetary_total, trend_orders_30_vs_90","recency_days, trend_spend_30_vs_90, monetary_mean","Main churn-risk drivers: frequency_orders, monetary_total, trend_orders_30_vs_90. Main factors reducing churn risk: recency_days, trend_spend_30_vs_90, monetary_mean."
17515,"monetary_total, orders_last_60d, frequency_orders","spend_last_60d, trend_orders_30_vs_90, monetary_mean","Main churn-risk drivers: monetary_total, orders_last_60d, frequency_orders. Main factors reducing churn risk: spend_last_60d, trend_orders_30_vs_90, monetary_mean."
17516,"monetary_total, orders_last_30d, spend_last_90d","recency_days, frequency_orders, trend_orders_30_vs_90","Main churn-risk drivers: monetary_total, orders_last_30d, spend_last_90d. Main factors reducing churn risk: recency_days, frequency_orders, trend_orders_30_vs_90."
17517,"frequency_orders, recency_days, monetary_total","spend_last_60d, trend_orders_30_vs_90, monetary_mean","Main churn-risk drivers: frequency_orders, recency_days, monetary_total. Main factors reducing churn risk: spend_last_60d, trend_orders_30_vs_90, monetary_mean."
17519,"trend_orders_30_vs_90, monetary_total, orders_last_90d","frequency_orders, recency_days, trend_spend_30_vs_90","Main churn-risk drivers: trend_orders_30_vs_90, monetary_total, orders_last_90d. Main factors reducing churn risk: frequency_orders, recency_days, trend_spend_30_vs_90."
17521,"frequency_orders, monetary_total, orders_last_60d","spend_last_60d, trend_orders_30_vs_90, orders_last_30d","Main churn-risk drivers: frequency_orders, monetary_total, orders_last_60d. Main factors reducing churn risk: spend_last_60d, trend_orders_30_vs_90, orders_last_30d."
17522,"monetary_total, trend_orders_30_vs_90, spend_last_90d","recency_days, trend_spend_30_vs_90, frequency_orders","Main churn-risk drivers: monetary_total, trend_orders_30_vs_90, spend_last_90d. Main factors reducing churn risk: recency_days, trend_spend_30_vs_90, frequency_orders."
17524,"frequency_orders, recency_days, monetary_total","spend_last_60d, trend_orders_30_vs_90, orders_last_30d","Main churn-risk drivers: frequency_orders, recency_days, monetary_total. Main factors reducing churn risk: spend_last_60d, trend_orders_30_vs_90, orders_last_30d."
17525,"frequency_orders, recency_days, monetary_total","spend_last_60d, trend_orders_30_vs_90, orders_last_30d","Main churn-risk drivers: frequency_orders, recency_days, monetary_total. Main factors reducing churn risk: spend_last_60d, trend_orders_30_vs_90, orders_last_30d."
17526,"recency_days, orders_last_60d, monetary_total","spend_last_60d, trend_orders_30_vs_90, orders_last_30d","Main churn-risk drivers: recency_days, orders_last_60d, monetary_total. Main factors reducing churn risk: spend_last_60d, trend_orders_30_vs_90, orders_last_30d."
17527,"frequency_orders, monetary_total, orders_last_30d","recency_days, trend_orders_30_vs_90, orders_last_60d","Main churn-risk drivers: frequency_orders, monetary_total, orders_last_30d. Main factors reducing churn risk: recency_days, trend_orders_30_vs_90, orders_last_60d."
17530,"orders_last_60d, spend_last_90d, trend_spend_30_vs_90","frequency_orders, spend_last_60d, trend_orders_30_vs_90","Main churn-risk drivers: orders_last_60d, spend_last_90d, trend_spend_30_vs_90. Main factors reducing churn risk: frequency_orders, spend_last_60d, trend_orders_30_vs_90."
17531,"frequency_orders, monetary_total, orders_last_60d","spend_last_60d, trend_orders_30_vs_90, orders_last_30d","Main churn-risk drivers: frequency_orders, monetary_total, orders_last_60d. Main factors reducing churn risk: spend_last_60d, trend_orders_30_vs_90, orders_last_30d."
17535,"frequency_orders, monetary_total, recency_days","spend_last_60d, trend_orders_30_vs_90, monetary_mean","Main churn-risk drivers: frequency_orders, monetary_total, recency_days. Main factors reducing churn risk: spend_last_60d, trend_orders_30_vs_90, monetary_mean."
17536,"frequency_orders, monetary_total, orders_last_60d","trend_spend_30_vs_90, spend_last_60d, orders_last_30d","Main churn-risk drivers: frequency_orders, monetary_total, orders_last_60d. Main factors reducing churn risk: trend_spend_30_vs_90, spend_last_60d, orders_last_30d."
17537,"frequency_orders, recency_days, orders_last_60d","spend_last_60d, trend_orders_30_vs_90, monetary_mean","Main churn-risk drivers: frequency_orders, recency_days, orders_last_60d. Main factors reducing churn risk: spend_last_60d, trend_orders_30_vs_90, monetary_mean."
17540,"frequency_orders, recency_days, monetary_total","spend_last_60d, trend_orders_30_vs_90, orders_last_30d","Main churn-risk drivers: frequency_orders, recency_days, monetary_total. Main factors reducing churn risk: spend_last_60d, trend_orders_30_vs_90, orders_last_30d."
17542,"frequency_orders, monetary_total, recency_days","spend_last_60d, trend_orders_30_vs_90, monetary_mean","Main churn-risk drivers: frequency_orders, monetary_total, recency_days. Main factors reducing churn risk: spend_last_60d, trend_orders_30_vs_90, monetary_mean."
17548,"frequency_orders, monetary_total, orders_last_60d","spend_last_60d, trend_orders_30_vs_90, orders_last_30d","Main churn-risk drivers: frequency_orders, monetary_total, orders_last_60d. Main factors reducing churn risk: spend_last_60d, trend_orders_30_vs_90, orders_last_30d."
17550,"monetary_total, orders_last_60d, frequency_orders","spend_last_60d, trend_orders_30_vs_90, monetary_mean","Main churn-risk drivers: monetary_total, orders_last_60d, frequency_orders. Main factors reducing churn risk: spend_last_60d, trend_orders_30_vs_90, monetary_mean."
17551,"frequency_orders, recency_days, monetary_total","spend_last_60d, trend_orders_30_vs_90, monetary_mean","Main churn-risk drivers: frequency_orders, recency_days, monetary_total. Main factors reducing churn risk: spend_last_60d, trend_orders_30_vs_90, monetary_mean."
17552,"recency_days, frequency_orders, monetary_total","spend_last_60d, trend_orders_30_vs_90, orders_last_30d","Main churn-risk drivers: recency_days, frequency_orders, monetary_total. Main factors reducing churn risk: spend_last_60d, trend_orders_30_vs_90, orders_last_30d."
17553,"monetary_mean, monetary_median, frequency_orders","spend_last_90d, recency_days, trend_spend_30_vs_90","Main churn-risk drivers: monetary_mean, monetary_median, frequency_orders. Main factors reducing churn risk: spend_last_90d, recency_days, trend_spend_30_vs_90."
17554,"frequency_orders, spend_last_60d, trend_orders_30_vs_90","orders_last_60d, recency_days, spend_last_90d","Main churn-risk drivers: frequency_orders, spend_last_60d, trend_orders_30_vs_90. Main factors reducing churn risk: orders_last_60d, recency_days, spend_last_90d."
17555,"frequency_orders, recency_days, monetary_total","spend_last_60d, trend_orders_30_vs_90, monetary_mean","Main churn-risk drivers: frequency_orders, recency_days, monetary_total. Main factors reducing churn risk: spend_last_60d, trend_orders_30_vs_90, monetary_mean."
17556,"frequency_orders, monetary_total, orders_last_60d","spend_last_60d, trend_orders_30_vs_90, orders_last_30d","Main churn-risk drivers: frequency_orders, monetary_total, orders_last_60d. Main factors reducing churn risk: spend_last_60d, trend_orders_30_vs_90, orders_last_30d."
17560,"monetary_total, orders_last_30d, trend_orders_30_vs_90","recency_days, frequency_orders, spend_last_60d","Main churn-risk drivers: monetary_total, orders_last_30d, trend_orders_30_vs_90. Main factors reducing churn risk: recency_days, frequency_orders, spend_last_60d."
17562,"monetary_total, trend_orders_30_vs_90, orders_last_30d","orders_last_60d, recency_days, frequency_orders","Main churn-risk drivers: monetary_total, trend_orders_30_vs_90, orders_last_30d. Main factors reducing churn risk: orders_last_60d, recency_days, frequency_orders."
17567,"spend_last_60d, orders_last_30d, trend_orders_30_vs_90","frequency_orders, orders_last_60d, monetary_total","Main churn-risk drivers: spend_last_60d, orders_last_30d, trend_orders_30_vs_90. Main factors reducing churn risk: frequency_orders, orders_last_60d, monetary_total."
17569,"frequency_orders, recency_days, monetary_total","spend_last_60d, trend_orders_30_vs_90, monetary_mean","Main churn-risk drivers: frequency_orders, recency_days, monetary_total. Main factors reducing churn risk: spend_last_60d, trend_orders_30_vs_90, monetary_mean."
17571,"monetary_total, frequency_orders, trend_orders_30_vs_90","trend_spend_30_vs_90, recency_days, monetary_mean","Main churn-risk drivers: monetary_total, frequency_orders, trend_orders_30_vs_90. Main factors reducing churn risk: trend_spend_30_vs_90, recency_days, monetary_mean."
17572,"monetary_total, frequency_orders, spend_last_90d","recency_days, spend_last_60d, trend_orders_30_vs_90","Main churn-risk drivers: monetary_total, frequency_orders, spend_last_90d. Main factors reducing churn risk: recency_days, spend_last_60d, trend_orders_30_vs_90."
17573,"frequency_orders, monetary_total, orders_last_30d","recency_days, trend_orders_30_vs_90, spend_last_60d","Main churn-risk drivers: frequency_orders, monetary_total, orders_last_30d. Main factors reducing churn risk: recency_days, trend_orders_30_vs_90, spend_last_60d."
17574,"frequency_orders, monetary_total, orders_last_60d","spend_last_60d, trend_orders_30_vs_90, orders_last_30d","Main churn-risk drivers: frequency_orders, monetary_total, orders_last_60d. Main factors reducing churn risk: spend_last_60d, trend_orders_30_vs_90, orders_last_30d."
17576,"orders_last_30d, spend_last_60d, orders_last_90d","frequency_orders, orders_last_60d, recency_days","Main churn-risk drivers: orders_last_30d, spend_last_60d, orders_last_90d. Main factors reducing churn risk: frequency_orders, orders_last_60d, recency_days."
17578,"frequency_orders, monetary_total, orders_last_60d","spend_last_60d, trend_orders_30_vs_90, orders_last_30d","Main churn-risk drivers: frequency_orders, monetary_total, orders_last_60d. Main factors reducing churn risk: spend_last_60d, trend_orders_30_vs_90, orders_last_30d."
17579,"frequency_orders, monetary_total, trend_orders_30_vs_90","recency_days, trend_spend_30_vs_90, spend_last_60d","Main churn-risk drivers: frequency_orders, monetary_total, trend_orders_30_vs_90. Main factors reducing churn risk: recency_days, trend_spend_30_vs_90, spend_last_60d."
17580,"monetary_total, orders_last_60d, recency_days","spend_last_60d, trend_orders_30_vs_90, monetary_mean","Main churn-risk drivers: monetary_total, orders_last_60d, recency_days. Main factors reducing churn risk: spend_last_60d, trend_orders_30_vs_90, monetary_mean."
17581,"spend_last_60d, orders_last_30d, trend_orders_30_vs_90","frequency_orders, monetary_total, spend_last_90d","Main churn-risk drivers: spend_last_60d, orders_last_30d, trend_orders_30_vs_90. Main factors reducing churn risk: frequency_orders, monetary_total, spend_last_90d."
17582,"frequency_orders, monetary_total, orders_last_60d","spend_last_60d, trend_orders_30_vs_90, monetary_mean","Main churn-risk drivers: frequency_orders, monetary_total, orders_last_60d. Main factors reducing churn risk: spend_last_60d, trend_orders_30_vs_90, monetary_mean."
17584,"frequency_orders, monetary_total, spend_last_60d","recency_days, trend_spend_30_vs_90, orders_last_30d","Main churn-risk drivers: frequency_orders, monetary_total, spend_last_60d. Main factors reducing churn risk: recency_days, trend_spend_30_vs_90, orders_last_30d."
17585,"monetary_total, orders_last_30d, trend_orders_30_vs_90","recency_days, frequency_orders, monetary_mean","Main churn-risk drivers: monetary_total, orders_last_30d, trend_orders_30_vs_90. Main factors reducing churn risk: recency_days, frequency_orders, monetary_mean."
17588,"frequency_orders, orders_last_30d, monetary_total","recency_days, orders_last_60d, spend_last_90d","Main churn-risk drivers: frequency_orders, orders_last_30d, monetary_total. Main factors reducing churn risk: recency_days, orders_last_60d, spend_last_90d."
17589,"orders_last_60d, frequency_orders, trend_orders_30_vs_90","trend_spend_30_vs_90, spend_last_60d, recency_days","Main churn-risk drivers: orders_last_60d, frequency_orders, trend_orders_30_vs_90. Main factors reducing churn risk: trend_spend_30_vs_90, spend_last_60d, recency_days."
17591,"trend_orders_30_vs_90, spend_last_90d","frequency_orders, recency_days, trend_spend_30_vs_90","Main churn-risk drivers: trend_orders_30_vs_90, spend_last_90d. Main factors reducing churn risk: frequency_orders, recency_days, trend_spend_30_vs_90."
17593,"spend_last_60d, trend_orders_30_vs_90, orders_last_30d","spend_last_90d, monetary_total, orders_last_60d","Main churn-risk drivers: spend_last_60d, trend_orders_30_vs_90, orders_last_30d. Main factors reducing churn risk: spend_last_90d, monetary_total, orders_last_60d."
17594,"frequency_orders, monetary_total, orders_last_60d","spend_last_60d, trend_orders_30_vs_90, orders_last_30d","Main churn-risk drivers: frequency_orders, monetary_total, orders_last_60d. Main factors reducing churn risk: spend_last_60d, trend_orders_30_vs_90, orders_last_30d."
17596,"trend_orders_30_vs_90, spend_last_60d, spend_last_90d","recency_days, trend_spend_30_vs_90, frequency_orders","Main churn-risk drivers: trend_orders_30_vs_90, spend_last_60d, spend_last_90d. Main factors reducing churn risk: recency_days, trend_spend_30_vs_90, frequency_orders."
17597,"frequency_orders, orders_last_60d, spend_last_90d","spend_last_60d, trend_orders_30_vs_90, monetary_total","Main churn-risk drivers: frequency_orders, orders_last_60d, spend_last_90d. Main factors reducing churn risk: spend_last_60d, trend_orders_30_vs_90, monetary_total."
17601,"frequency_orders, monetary_total, orders_last_60d","spend_last_60d, trend_orders_30_vs_90, monetary_mean","Main churn-risk drivers: frequency_orders, monetary_total, orders_last_60d. Main factors reducing churn risk: spend_last_60d, trend_orders_30_vs_90, monetary_mean."
17602,"frequency_orders, monetary_total, trend_orders_30_vs_90","recency_days, trend_spend_30_vs_90, spend_last_60d","Main churn-risk drivers: frequency_orders, monetary_total, trend_orders_30_vs_90. Main factors reducing churn risk: recency_days, trend_spend_30_vs_90, spend_last_60d."
17604,"frequency_orders, monetary_total, orders_last_60d","spend_last_60d, trend_orders_30_vs_90, monetary_mean","Main churn-risk drivers: frequency_orders, monetary_total, orders_last_60d. Main factors reducing churn risk: spend_last_60d, trend_orders_30_vs_90, monetary_mean."
17609,"frequency_orders, recency_days, monetary_total","spend_last_60d, trend_orders_30_vs_90, monetary_mean","Main churn-risk drivers: frequency_orders, recency_days, monetary_total. Main factors reducing churn risk: spend_last_60d, trend_orders_30_vs_90, monetary_mean."
17611,"trend_orders_30_vs_90, orders_last_90d","frequency_orders, monetary_total, recency_days","Main churn-risk drivers: trend_orders_30_vs_90, orders_last_90d. Main factors reducing churn risk: frequency_orders, monetary_total, recency_days."
17612,"orders_last_30d, spend_last_60d, orders_last_90d","orders_last_60d, frequency_orders, recency_days","Main churn-risk drivers: orders_last_30d, spend_last_60d, orders_last_90d. Main factors reducing churn risk: orders_last_60d, frequency_orders, recency_days."
17613,"orders_last_30d, trend_orders_30_vs_90, spend_last_90d","frequency_orders, monetary_total, recency_days","Main churn-risk drivers: orders_last_30d, trend_orders_30_vs_90, spend_last_90d. Main factors reducing churn risk: frequency_orders, monetary_total, recency_days."
17615,"monetary_total, frequency_orders, trend_orders_30_vs_90","recency_days, trend_spend_30_vs_90, spend_last_60d","Main churn-risk drivers: monetary_total, frequency_orders, trend_orders_30_vs_90. Main factors reducing churn risk: recency_days, trend_spend_30_vs_90, spend_last_60d."
17616,"monetary_total, orders_last_60d, monetary_mean","trend_spend_30_vs_90, spend_last_60d, orders_last_30d","Main churn-risk drivers: monetary_total, orders_last_60d, monetary_mean. Main factors reducing churn risk: trend_spend_30_vs_90, spend_last_60d, orders_last_30d."
17618,"frequency_orders, orders_last_60d, monetary_total","spend_last_60d, trend_orders_30_vs_90, monetary_mean","Main churn-risk drivers: frequency_orders, orders_last_60d, monetary_total. Main factors reducing churn risk: spend_last_60d, trend_orders_30_vs_90, monetary_mean."
17619,"frequency_orders, recency_days, monetary_total","spend_last_60d, trend_orders_30_vs_90, monetary_mean","Main churn-risk drivers: frequency_orders, recency_days, monetary_total. Main factors reducing churn risk: spend_last_60d, trend_orders_30_vs_90, monetary_mean."
17621,"recency_days, frequency_orders, orders_last_60d","spend_last_60d, trend_orders_30_vs_90, orders_last_30d","Main churn-risk drivers: recency_days, frequency_orders, orders_last_60d. Main factors reducing churn risk: spend_last_60d, trend_orders_30_vs_90, orders_last_30d."
17624,"frequency_orders, monetary_total, orders_last_60d","spend_last_60d, trend_orders_30_vs_90, orders_last_30d","Main churn-risk drivers: frequency_orders, monetary_total, orders_last_60d. Main factors reducing churn risk: spend_last_60d, trend_orders_30_vs_90, orders_last_30d."
17625,"frequency_orders, trend_orders_30_vs_90, spend_last_60d","recency_days, trend_spend_30_vs_90, monetary_mean","Main churn-risk drivers: frequency_orders, trend_orders_30_vs_90, spend_last_60d. Main factors reducing churn risk: recency_days, trend_spend_30_vs_90, monetary_mean."
17629,"monetary_total, orders_last_30d, spend_last_90d","frequency_orders, recency_days, spend_last_60d","Main churn-risk drivers: monetary_total, orders_last_30d, spend_last_90d. Main factors reducing churn risk: frequency_orders, recency_days, spend_last_60d."
17630,"frequency_orders, monetary_total, orders_last_60d","trend_spend_30_vs_90, spend_last_60d, orders_last_30d","Main churn-risk drivers: frequency_orders, monetary_total, orders_last_60d. Main factors reducing churn risk: trend_spend_30_vs_90, spend_last_60d, orders_last_30d."
17631,"frequency_orders, monetary_total, trend_orders_30_vs_90","recency_days, trend_spend_30_vs_90, spend_last_60d","Main churn-risk drivers: frequency_orders, monetary_total, trend_orders_30_vs_90. Main factors reducing churn risk: recency_days, trend_spend_30_vs_90, spend_last_60d."
17633,"frequency_orders, orders_last_30d, monetary_total","orders_last_60d, recency_days, trend_orders_30_vs_90","Main churn-risk drivers: frequency_orders, orders_last_30d, monetary_total. Main factors reducing churn risk: orders_last_60d, recency_days, trend_orders_30_vs_90."
17634,"orders_last_30d, spend_last_90d, trend_orders_30_vs_90","frequency_orders, orders_last_60d, recency_days","Main churn-risk drivers: orders_last_30d, spend_last_90d, trend_orders_30_vs_90. Main factors reducing churn risk: frequency_orders, orders_last_60d, recency_days."
17637,"frequency_orders, monetary_total, orders_last_30d","recency_days, trend_orders_30_vs_90, monetary_mean","Main churn-risk drivers: frequency_orders, monetary_total, orders_last_30d. Main factors reducing churn risk: recency_days, trend_orders_30_vs_90, monetary_mean."
17639,"frequency_orders, monetary_total, recency_days","spend_last_60d, trend_orders_30_vs_90, orders_last_30d","Main churn-risk drivers: frequency_orders, monetary_total, recency_days. Main factors reducing churn risk: spend_last_60d, trend_orders_30_vs_90, orders_last_30d."
17642,"frequency_orders, monetary_total, orders_last_30d","recency_days, orders_last_60d, monetary_mean","Main churn-risk drivers: frequency_orders, monetary_total, orders_last_30d. Main factors reducing churn risk: recency_days, orders_last_60d, monetary_mean."
17643,"frequency_orders, recency_days, monetary_total","spend_last_60d, trend_orders_30_vs_90, monetary_mean","Main churn-risk drivers: frequency_orders, recency_days, monetary_total. Main factors reducing churn risk: spend_last_60d, trend_orders_30_vs_90, monetary_mean."
17644,"trend_orders_30_vs_90, orders_last_30d, spend_last_60d","frequency_orders, orders_last_60d, recency_days","Main churn-risk drivers: trend_orders_30_vs_90, orders_last_30d, spend_last_60d. Main factors reducing churn risk: frequency_orders, orders_last_60d, recency_days."
17646,"orders_last_60d, monetary_total, frequency_orders","spend_last_60d, trend_orders_30_vs_90, orders_last_30d","Main churn-risk drivers: orders_last_60d, monetary_total, frequency_orders. Main factors reducing churn risk: spend_last_60d, trend_orders_30_vs_90, orders_last_30d."
17648,"orders_last_60d, frequency_orders, monetary_total","spend_last_60d, trend_orders_30_vs_90, orders_last_30d","Main churn-risk drivers: orders_last_60d, frequency_orders, monetary_total. Main factors reducing churn risk: spend_last_60d, trend_orders_30_vs_90, orders_last_30d."
17649,"frequency_orders, monetary_total, spend_last_60d","recency_days, trend_spend_30_vs_90, spend_last_90d","Main churn-risk drivers: frequency_orders, monetary_total, spend_last_60d. Main factors reducing churn risk: recency_days, trend_spend_30_vs_90, spend_last_90d."
17651,"trend_orders_30_vs_90, orders_last_60d, monetary_total","trend_spend_30_vs_90, spend_last_60d, spend_last_90d","Main churn-risk drivers: trend_orders_30_vs_90, orders_last_60d, monetary_total. Main factors reducing churn risk: trend_spend_30_vs_90, spend_last_60d, spend_last_90d."
17652,"trend_orders_30_vs_90, orders_last_90d","frequency_orders, monetary_total, recency_days","Main churn-risk drivers: trend_orders_30_vs_90, orders_last_90d. Main factors reducing churn risk: frequency_orders, monetary_total, recency_days."
17653,"frequency_orders, monetary_total, orders_last_30d","orders_last_60d, recency_days, trend_orders_30_vs_90","Main churn-risk drivers: frequency_orders, monetary_total, orders_last_30d. Main factors reducing churn risk: orders_last_60d, recency_days, trend_orders_30_vs_90."
17654,"frequency_orders, monetary_total, recency_days","spend_last_60d, trend_orders_30_vs_90, monetary_mean","Main churn-risk drivers: frequency_orders, monetary_total, recency_days. Main factors reducing churn risk: spend_last_60d, trend_orders_30_vs_90, monetary_mean."
17655,"orders_last_30d, trend_spend_30_vs_90, spend_last_90d","frequency_orders, recency_days, trend_orders_30_vs_90","Main churn-risk drivers: orders_last_30d, trend_spend_30_vs_90, spend_last_90d. Main factors reducing churn risk: frequency_orders, recency_days, trend_orders_30_vs_90."
17656,"orders_last_30d, spend_last_60d, monetary_total","orders_last_60d, recency_days, spend_last_90d","Main churn-risk drivers: orders_last_30d, spend_last_60d, monetary_total. Main factors reducing churn risk: orders_last_60d, recency_days, spend_last_90d."
17658,"frequency_orders, monetary_total, orders_last_60d","spend_last_60d, trend_orders_30_vs_90, orders_last_30d","Main churn-risk drivers: frequency_orders, monetary_total, orders_last_60d. Main factors reducing churn risk: spend_last_60d, trend_orders_30_vs_90, orders_last_30d."
17659,"orders_last_30d, trend_orders_30_vs_90, orders_last_90d","frequency_orders, orders_last_60d, recency_days","Main churn-risk drivers: orders_last_30d, trend_orders_30_vs_90, orders_last_90d. Main factors reducing churn risk: frequency_orders, orders_last_60d, recency_days."
17660,"frequency_orders, monetary_total, trend_orders_30_vs_90","recency_days, trend_spend_30_vs_90, monetary_mean","Main churn-risk drivers: frequency_orders, monetary_total, trend_orders_30_vs_90. Main factors reducing churn risk: recency_days, trend_spend_30_vs_90, monetary_mean."
17663,"orders_last_60d, monetary_total, trend_orders_30_vs_90","trend_spend_30_vs_90, spend_last_60d, frequency_orders","Main churn-risk drivers: orders_last_60d, monetary_total, trend_orders_30_vs_90. Main factors reducing churn risk: trend_spend_30_vs_90, spend_last_60d, frequency_orders."
17664,"frequency_orders, monetary_total, orders_last_60d","spend_last_60d, trend_orders_30_vs_90, monetary_mean","Main churn-risk drivers: frequency_orders, monetary_total, orders_last_60d. Main factors reducing churn risk: spend_last_60d, trend_orders_30_vs_90, monetary_mean."
17667,"orders_last_60d, trend_orders_30_vs_90, spend_last_90d","trend_spend_30_vs_90, spend_last_60d, frequency_orders","Main churn-risk drivers: orders_last_60d, trend_orders_30_vs_90, spend_last_90d. Main factors reducing churn risk: trend_spend_30_vs_90, spend_last_60d, frequency_orders."
17669,"trend_orders_30_vs_90, orders_last_90d","frequency_orders, recency_days, monetary_total","Main churn-risk drivers: trend_orders_30_vs_90, orders_last_90d. Main factors reducing churn risk: frequency_orders, recency_days, monetary_total."
17670,"frequency_orders, monetary_total, orders_last_60d","spend_last_60d, trend_orders_30_vs_90, orders_last_30d","Main churn-risk drivers: frequency_orders, monetary_total, orders_last_60d. Main factors reducing churn risk: spend_last_60d, trend_orders_30_vs_90, orders_last_30d."
17671,"orders_last_60d, frequency_orders, monetary_total","trend_spend_30_vs_90, spend_last_60d, recency_days","Main churn-risk drivers: orders_last_60d, frequency_orders, monetary_total. Main factors reducing churn risk: trend_spend_30_vs_90, spend_last_60d, recency_days."
17672,"frequency_orders, recency_days, orders_last_60d","spend_last_60d, trend_orders_30_vs_90, orders_last_30d","Main churn-risk drivers: frequency_orders, recency_days, orders_last_60d. Main factors reducing churn risk: spend_last_60d, trend_orders_30_vs_90, orders_last_30d."
17673,"orders_last_60d, trend_orders_30_vs_90, monetary_total","trend_spend_30_vs_90, spend_last_60d, frequency_orders","Main churn-risk drivers: orders_last_60d, trend_orders_30_vs_90, monetary_total. Main factors reducing churn risk: trend_spend_30_vs_90, spend_last_60d, frequency_orders."
17674,"frequency_orders, recency_days, monetary_total","spend_last_60d, trend_orders_30_vs_90, orders_last_30d","Main churn-risk drivers: frequency_orders, recency_days, monetary_total. Main factors reducing churn risk: spend_last_60d, trend_orders_30_vs_90, orders_last_30d."
17675,"spend_last_60d, orders_last_30d, trend_orders_30_vs_90","frequency_orders, monetary_total, orders_last_60d","Main churn-risk drivers: spend_last_60d, orders_last_30d, trend_orders_30_vs_90. Main factors reducing churn risk: frequency_orders, monetary_total, orders_last_60d."
17676,"monetary_total, trend_orders_30_vs_90, orders_last_30d","orders_last_60d, recency_days, frequency_orders","Main churn-risk drivers: monetary_total, trend_orders_30_vs_90, orders_last_30d. Main factors reducing churn risk: orders_last_60d, recency_days, frequency_orders."
17677,"spend_last_60d, orders_last_30d, trend_orders_30_vs_90","frequency_orders, monetary_total, orders_last_60d","Main churn-risk drivers: spend_last_60d, orders_last_30d, trend_orders_30_vs_90. Main factors reducing churn risk: frequency_orders, monetary_total, orders_last_60d."
17678,"frequency_orders, monetary_total, recency_days","spend_last_60d, trend_orders_30_vs_90, orders_last_30d","Main churn-risk drivers: frequency_orders, monetary_total, recency_days. Main factors reducing churn risk: spend_last_60d, trend_orders_30_vs_90, orders_last_30d."
17682,"spend_last_60d, orders_last_30d, trend_orders_30_vs_90","frequency_orders, orders_last_60d, recency_days","Main churn-risk drivers: spend_last_60d, orders_last_30d, trend_orders_30_vs_90. Main factors reducing churn risk: frequency_orders, orders_last_60d, recency_days."
17685,"recency_days, orders_last_60d, spend_last_90d","frequency_orders, spend_last_60d, trend_orders_30_vs_90","Main churn-risk drivers: recency_days, orders_last_60d, spend_last_90d. Main factors reducing churn risk: frequency_orders, spend_last_60d, trend_orders_30_vs_90."
17686,"spend_last_60d, trend_orders_30_vs_90","monetary_total, frequency_orders, spend_last_90d","Main churn-risk drivers: spend_last_60d, trend_orders_30_vs_90. Main factors reducing churn risk: monetary_total, frequency_orders, spend_last_90d."
17690,"orders_last_30d, trend_spend_30_vs_90, spend_last_60d","frequency_orders, monetary_total, recency_days","Main churn-risk drivers: orders_last_30d, trend_spend_30_vs_90, spend_last_60d. Main factors reducing churn risk: frequency_orders, monetary_total, recency_days."
17691,"recency_days, frequency_orders, monetary_total","spend_last_60d, trend_orders_30_vs_90, monetary_mean","Main churn-risk drivers: recency_days, frequency_orders, monetary_total. Main factors reducing churn risk: spend_last_60d, trend_orders_30_vs_90, monetary_mean."
17692,"monetary_total, trend_orders_30_vs_90, spend_last_90d","recency_days, trend_spend_30_vs_90, frequency_orders","Main churn-risk drivers: monetary_total, trend_orders_30_vs_90, spend_last_90d. Main factors reducing churn risk: recency_days, trend_spend_30_vs_90, frequency_orders."
17693,"frequency_orders, monetary_total, trend_orders_30_vs_90","recency_days, trend_spend_30_vs_90, monetary_mean","Main churn-risk drivers: frequency_orders, monetary_total, trend_orders_30_vs_90. Main factors reducing churn risk: recency_days, trend_spend_30_vs_90, monetary_mean."
17694,"frequency_orders, monetary_total, trend_orders_30_vs_90","recency_days, trend_spend_30_vs_90, orders_last_30d","Main churn-risk drivers: frequency_orders, monetary_total, trend_orders_30_vs_90. Main factors reducing churn risk: recency_days, trend_spend_30_vs_90, orders_last_30d."
17695,"frequency_orders, monetary_total, trend_orders_30_vs_90","recency_days, trend_spend_30_vs_90, orders_last_30d","Main churn-risk drivers: frequency_orders, monetary_total, trend_orders_30_vs_90. Main factors reducing churn risk: recency_days, trend_spend_30_vs_90, orders_last_30d."
17696,"trend_orders_30_vs_90, orders_last_30d, spend_last_60d","frequency_orders, orders_last_60d, recency_days","Main churn-risk drivers: trend_orders_30_vs_90, orders_last_30d, spend_last_60d. Main factors reducing churn risk: frequency_orders, orders_last_60d, recency_days."
17697,"frequency_orders, monetary_total, orders_last_60d","spend_last_60d, trend_orders_30_vs_90, orders_last_30d","Main churn-risk drivers: frequency_orders, monetary_total, orders_last_60d. Main factors reducing churn risk: spend_last_60d, trend_orders_30_vs_90, orders_last_30d."
17698,"frequency_orders, monetary_total, recency_days","spend_last_60d, trend_orders_30_vs_90, orders_last_30d","Main churn-risk drivers: frequency_orders, monetary_total, recency_days. Main factors reducing churn risk: spend_last_60d, trend_orders_30_vs_90, orders_last_30d."
17700,"frequency_orders, orders_last_30d, trend_spend_30_vs_90","recency_days, trend_orders_30_vs_90, orders_last_60d","Main churn-risk drivers: frequency_orders, orders_last_30d, trend_spend_30_vs_90. Main factors reducing churn risk: recency_days, trend_orders_30_vs_90, orders_last_60d."
17701,"frequency_orders, monetary_total, orders_last_60d","spend_last_60d, trend_orders_30_vs_90, orders_last_30d","Main churn-risk drivers: frequency_orders, monetary_total, orders_last_60d. Main factors reducing churn risk: spend_last_60d, trend_orders_30_vs_90, orders_last_30d."
17702,"frequency_orders, orders_last_30d, monetary_total","recency_days, spend_last_90d, orders_last_60d","Main churn-risk drivers: frequency_orders, orders_last_30d, monetary_total. Main factors reducing churn risk: recency_days, spend_last_90d, orders_last_60d."
17703,"frequency_orders, monetary_total, orders_last_30d","orders_last_60d, recency_days, monetary_mean","Main churn-risk drivers: frequency_orders, monetary_total, orders_last_30d. Main factors reducing churn risk: orders_last_60d, recency_days, monetary_mean."
17704,"frequency_orders, orders_last_60d, monetary_total","trend_spend_30_vs_90, spend_last_60d, orders_last_30d","Main churn-risk drivers: frequency_orders, orders_last_60d, monetary_total. Main factors reducing churn risk: trend_spend_30_vs_90, spend_last_60d, orders_last_30d."
17705,"monetary_total, trend_orders_30_vs_90, orders_last_30d","frequency_orders, orders_last_60d, recency_days","Main churn-risk drivers: monetary_total, trend_orders_30_vs_90, orders_last_30d. Main factors reducing churn risk: frequency_orders, orders_last_60d, recency_days."
17706,"spend_last_60d, orders_last_30d, trend_orders_30_vs_90","frequency_orders, monetary_total, spend_last_90d","Main churn-risk drivers: spend_last_60d, orders_last_30d, trend_orders_30_vs_90. Main factors reducing churn risk: frequency_orders, monetary_total, spend_last_90d."
17707,"frequency_orders, monetary_total, orders_last_60d","spend_last_60d, trend_orders_30_vs_90, orders_last_30d","Main churn-risk drivers: frequency_orders, monetary_total, orders_last_60d. Main factors reducing churn risk: spend_last_60d, trend_orders_30_vs_90, orders_last_30d."
17708,"frequency_orders, monetary_total, orders_last_60d","spend_last_60d, trend_orders_30_vs_90, monetary_mean","Main churn-risk drivers: frequency_orders, monetary_total, orders_last_60d. Main factors reducing churn risk: spend_last_60d, trend_orders_30_vs_90, monetary_mean."
17709,"frequency_orders, monetary_total, orders_last_60d","trend_spend_30_vs_90, spend_last_60d, orders_last_30d","Main churn-risk drivers: frequency_orders, monetary_total, orders_last_60d. Main factors reducing churn risk: trend_spend_30_vs_90, spend_last_60d, orders_last_30d."
17711,"frequency_orders, recency_days, monetary_total","spend_last_60d, trend_orders_30_vs_90, orders_last_30d","Main churn-risk drivers: frequency_orders, recency_days, monetary_total. Main factors reducing churn risk: spend_last_60d, trend_orders_30_vs_90, orders_last_30d."
17714,"frequency_orders, recency_days, monetary_total","spend_last_60d, trend_orders_30_vs_90, monetary_mean","Main churn-risk drivers: frequency_orders, recency_days, monetary_total. Main factors reducing churn risk: spend_last_60d, trend_orders_30_vs_90, monetary_mean."
17715,"frequency_orders, monetary_mean, monetary_median","spend_last_60d, trend_orders_30_vs_90, orders_last_30d","Main churn-risk drivers: frequency_orders, monetary_mean, monetary_median. Main factors reducing churn risk: spend_last_60d, trend_orders_30_vs_90, orders_last_30d."
17716,"orders_last_30d, spend_last_60d, orders_last_90d","orders_last_60d, frequency_orders, monetary_total","Main churn-risk drivers: orders_last_30d, spend_last_60d, orders_last_90d. Main factors reducing churn risk: orders_last_60d, frequency_orders, monetary_total."
17718,"frequency_orders, monetary_total, orders_last_60d","spend_last_60d, trend_orders_30_vs_90, orders_last_30d","Main churn-risk drivers: frequency_orders, monetary_total, orders_last_60d. Main factors reducing churn risk: spend_last_60d, trend_orders_30_vs_90, orders_last_30d."
17719,"spend_last_60d, orders_last_30d, trend_orders_30_vs_90","frequency_orders, orders_last_60d, monetary_total","Main churn-risk drivers: spend_last_60d, orders_last_30d, trend_orders_30_vs_90. Main factors reducing churn risk: frequency_orders, orders_last_60d, monetary_total."
17720,"monetary_total, frequency_orders, orders_last_30d","recency_days, trend_orders_30_vs_90, orders_last_60d","Main churn-risk drivers: monetary_total, frequency_orders, orders_last_30d. Main factors reducing churn risk: recency_days, trend_orders_30_vs_90, orders_last_60d."
17722,"orders_last_30d, trend_spend_30_vs_90, spend_last_90d","recency_days, monetary_total, frequency_orders","Main churn-risk drivers: orders_last_30d, trend_spend_30_vs_90, spend_last_90d. Main factors reducing churn risk: recency_days, monetary_total, frequency_orders."
17723,"monetary_mean, monetary_median, trend_orders_30_vs_90","frequency_orders, monetary_total, spend_last_90d","Main churn-risk drivers: monetary_mean, monetary_median, trend_orders_30_vs_90. Main factors reducing churn risk: frequency_orders, monetary_total, spend_last_90d."
17724,"frequency_orders, monetary_total, trend_orders_30_vs_90","recency_days, trend_spend_30_vs_90, orders_last_30d","Main churn-risk drivers: frequency_orders, monetary_total, trend_orders_30_vs_90. Main factors reducing churn risk: recency_days, trend_spend_30_vs_90, orders_last_30d."
17725,"orders_last_30d, spend_last_60d, trend_orders_30_vs_90","frequency_orders, orders_last_60d, recency_days","Main churn-risk drivers: orders_last_30d, spend_last_60d, trend_orders_30_vs_90. Main factors reducing churn risk: frequency_orders, orders_last_60d, recency_days."
17730,"trend_orders_30_vs_90, spend_last_60d, orders_last_30d","frequency_orders, orders_last_60d, monetary_total","Main churn-risk drivers: trend_orders_30_vs_90, spend_last_60d, orders_last_30d. Main factors reducing churn risk: frequency_orders, orders_last_60d, monetary_total."
17731,"monetary_total, frequency_orders, trend_orders_30_vs_90","recency_days, trend_spend_30_vs_90, orders_last_30d","Main churn-risk drivers: monetary_total, frequency_orders, trend_orders_30_vs_90. Main factors reducing churn risk: recency_days, trend_spend_30_vs_90, orders_last_30d."
17732,"frequency_orders, recency_days, monetary_total","spend_last_60d, trend_orders_30_vs_90, orders_last_30d","Main churn-risk drivers: frequency_orders, recency_days, monetary_total. Main factors reducing churn risk: spend_last_60d, trend_orders_30_vs_90, orders_last_30d."
17733,"frequency_orders, monetary_total, recency_days","spend_last_60d, trend_orders_30_vs_90, orders_last_30d","Main churn-risk drivers: frequency_orders, monetary_total, recency_days. Main factors reducing churn risk: spend_last_60d, trend_orders_30_vs_90, orders_last_30d."
17734,"frequency_orders, monetary_total, trend_orders_30_vs_90","recency_days, trend_spend_30_vs_90, orders_last_30d","Main churn-risk drivers: frequency_orders, monetary_total, trend_orders_30_vs_90. Main factors reducing churn risk: recency_days, trend_spend_30_vs_90, orders_last_30d."
17735,"spend_last_60d, orders_last_30d, trend_orders_30_vs_90","frequency_orders, monetary_total, orders_last_60d","Main churn-risk drivers: spend_last_60d, orders_last_30d, trend_orders_30_vs_90. Main factors reducing churn risk: frequency_orders, monetary_total, orders_last_60d."
17736,"frequency_orders, monetary_total, orders_last_30d","recency_days, trend_orders_30_vs_90, monetary_mean","Main churn-risk drivers: frequency_orders, monetary_total, orders_last_30d. Main factors reducing churn risk: recency_days, trend_orders_30_vs_90, monetary_mean."
17738,"trend_orders_30_vs_90, spend_last_60d, frequency_orders","orders_last_60d, trend_spend_30_vs_90, recency_days","Main churn-risk drivers: trend_orders_30_vs_90, spend_last_60d, frequency_orders. Main factors reducing churn risk: orders_last_60d, trend_spend_30_vs_90, recency_days."
17739,"orders_last_60d, frequency_orders, monetary_total","spend_last_60d, trend_orders_30_vs_90, orders_last_30d","Main churn-risk drivers: orders_last_60d, frequency_orders, monetary_total. Main factors reducing churn risk: spend_last_60d, trend_orders_30_vs_90, orders_last_30d."
17742,"frequency_orders, monetary_total, spend_last_90d","recency_days, spend_last_60d, trend_orders_30_vs_90","Main churn-risk drivers: frequency_orders, monetary_total, spend_last_90d. Main factors reducing churn risk: recency_days, spend_last_60d, trend_orders_30_vs_90."
17744,"orders_last_60d, recency_days, spend_last_90d","spend_last_60d, frequency_orders, trend_orders_30_vs_90","Main churn-risk drivers: orders_last_60d, recency_days, spend_last_90d. Main factors reducing churn risk: spend_last_60d, frequency_orders, trend_orders_30_vs_90."
17746,"frequency_orders, monetary_total, orders_last_60d","spend_last_60d, trend_orders_30_vs_90, orders_last_30d","Main churn-risk drivers: frequency_orders, monetary_total, orders_last_60d. Main factors reducing churn risk: spend_last_60d, trend_orders_30_vs_90, orders_last_30d."
17747,"frequency_orders, monetary_total, orders_last_30d","recency_days, spend_last_60d, trend_orders_30_vs_90","Main churn-risk drivers: frequency_orders, monetary_total, orders_last_30d. Main factors reducing churn risk: recency_days, spend_last_60d, trend_orders_30_vs_90."
17749,"frequency_orders, orders_last_60d, monetary_total","trend_spend_30_vs_90, spend_last_60d, orders_last_30d","Main churn-risk drivers: frequency_orders, orders_last_60d, monetary_total. Main factors reducing churn risk: trend_spend_30_vs_90, spend_last_60d, orders_last_30d."
17750,"orders_last_30d, spend_last_60d, trend_orders_30_vs_90","orders_last_60d, frequency_orders, recency_days","Main churn-risk drivers: orders_last_30d, spend_last_60d, trend_orders_30_vs_90. Main factors reducing churn risk: orders_last_60d, frequency_orders, recency_days."
17752,"frequency_orders, recency_days, monetary_total","spend_last_60d, trend_orders_30_vs_90, orders_last_30d","Main churn-risk drivers: frequency_orders, recency_days, monetary_total. Main factors reducing churn risk: spend_last_60d, trend_orders_30_vs_90, orders_last_30d."
17754,"frequency_orders, monetary_total, trend_orders_30_vs_90","recency_days, trend_spend_30_vs_90, monetary_mean","Main churn-risk drivers: frequency_orders, monetary_total, trend_orders_30_vs_90. Main factors reducing churn risk: recency_days, trend_spend_30_vs_90, monetary_mean."
17757,"trend_orders_30_vs_90, orders_last_30d, orders_last_90d","frequency_orders, monetary_total, orders_last_60d","Main churn-risk drivers: trend_orders_30_vs_90, orders_last_30d, orders_last_90d. Main factors reducing churn risk: frequency_orders, monetary_total, orders_last_60d."
17758,"orders_last_60d, trend_orders_30_vs_90, monetary_total","trend_spend_30_vs_90, spend_last_60d, frequency_orders","Main churn-risk drivers: orders_last_60d, trend_orders_30_vs_90, monetary_total. Main factors reducing churn risk: trend_spend_30_vs_90, spend_last_60d, frequency_orders."
17759,"frequency_orders, monetary_total, orders_last_60d","trend_spend_30_vs_90, spend_last_60d, monetary_mean","Main churn-risk drivers: frequency_orders, monetary_total, orders_last_60d. Main factors reducing churn risk: trend_spend_30_vs_90, spend_last_60d, monetary_mean."
17760,"frequency_orders, recency_days, monetary_total","spend_last_60d, trend_orders_30_vs_90, orders_last_30d","Main churn-risk drivers: frequency_orders, recency_days, monetary_total. Main factors reducing churn risk: spend_last_60d, trend_orders_30_vs_90, orders_last_30d."
17763,"frequency_orders, monetary_total, recency_days","spend_last_60d, trend_orders_30_vs_90, monetary_mean","Main churn-risk drivers: frequency_orders, monetary_total, recency_days. Main factors reducing churn risk: spend_last_60d, trend_orders_30_vs_90, monetary_mean."
17764,"frequency_orders, monetary_total, orders_last_60d","spend_last_60d, trend_orders_30_vs_90, monetary_mean","Main churn-risk drivers: frequency_orders, monetary_total, orders_last_60d. Main factors reducing churn risk: spend_last_60d, trend_orders_30_vs_90, monetary_mean."
17765,"monetary_total, orders_last_60d, frequency_orders","trend_spend_30_vs_90, spend_last_60d, recency_days","Main churn-risk drivers: monetary_total, orders_last_60d, frequency_orders. Main factors reducing churn risk: trend_spend_30_vs_90, spend_last_60d, recency_days."
17768,"frequency_orders, monetary_total, orders_last_60d","trend_spend_30_vs_90, spend_last_60d, orders_last_30d","Main churn-risk drivers: frequency_orders, monetary_total, orders_last_60d. Main factors reducing churn risk: trend_spend_30_vs_90, spend_last_60d, orders_last_30d."
17769,"trend_orders_30_vs_90, orders_last_90d","recency_days, trend_spend_30_vs_90, frequency_orders","Main churn-risk drivers: trend_orders_30_vs_90, orders_last_90d. Main factors reducing churn risk: recency_days, trend_spend_30_vs_90, frequency_orders."
17770,"orders_last_60d, spend_last_90d, monetary_total","frequency_orders, spend_last_60d, trend_orders_30_vs_90","Main churn-risk drivers: orders_last_60d, spend_last_90d, monetary_total. Main factors reducing churn risk: frequency_orders, spend_last_60d, trend_orders_30_vs_90."
17771,"frequency_orders, recency_days, monetary_total","spend_last_60d, trend_orders_30_vs_90, monetary_mean","Main churn-risk drivers: frequency_orders, recency_days, monetary_total. Main factors reducing churn risk: spend_last_60d, trend_orders_30_vs_90, monetary_mean."
17774,"orders_last_30d, monetary_total, spend_last_60d","orders_last_60d, recency_days, frequency_orders","Main churn-risk drivers: orders_last_30d, monetary_total, spend_last_60d. Main factors reducing churn risk: orders_last_60d, recency_days, frequency_orders."
17775,"frequency_orders, monetary_total, orders_last_60d","spend_last_60d, trend_orders_30_vs_90, orders_last_30d","Main churn-risk drivers: frequency_orders, monetary_total, orders_last_60d. Main factors reducing churn risk: spend_last_60d, trend_orders_30_vs_90, orders_last_30d."
17777,"frequency_orders, monetary_total, orders_last_30d","recency_days, trend_orders_30_vs_90, monetary_mean","Main churn-risk drivers: frequency_orders, monetary_total, orders_last_30d. Main factors reducing churn risk: recency_days, trend_orders_30_vs_90, monetary_mean."
17779,"frequency_orders, monetary_total, trend_orders_30_vs_90","recency_days, trend_spend_30_vs_90, monetary_mean","Main churn-risk drivers: frequency_orders, monetary_total, trend_orders_30_vs_90. Main factors reducing churn risk: recency_days, trend_spend_30_vs_90, monetary_mean."
17781,"frequency_orders, monetary_total, orders_last_60d","trend_spend_30_vs_90, spend_last_60d, recency_days","Main churn-risk drivers: frequency_orders, monetary_total, orders_last_60d. Main factors reducing churn risk: trend_spend_30_vs_90, spend_last_60d, recency_days."
17783,"frequency_orders, monetary_total, orders_last_60d","spend_last_60d, trend_orders_30_vs_90, monetary_mean","Main churn-risk drivers: frequency_orders, monetary_total, orders_last_60d. Main factors reducing churn risk: spend_last_60d, trend_orders_30_vs_90, monetary_mean."
17786,"frequency_orders, recency_days, monetary_total","spend_last_60d, trend_orders_30_vs_90, monetary_mean","Main churn-risk drivers: frequency_orders, recency_days, monetary_total. Main factors reducing churn risk: spend_last_60d, trend_orders_30_vs_90, monetary_mean."
17787,"orders_last_60d, trend_orders_30_vs_90, spend_last_90d","trend_spend_30_vs_90, spend_last_60d, frequency_orders","Main churn-risk drivers: orders_last_60d, trend_orders_30_vs_90, spend_last_90d. Main factors reducing churn risk: trend_spend_30_vs_90, spend_last_60d, frequency_orders."
17788,"frequency_orders, monetary_total, trend_orders_30_vs_90","recency_days, spend_last_60d, trend_spend_30_vs_90","Main churn-risk drivers: frequency_orders, monetary_total, trend_orders_30_vs_90. Main factors reducing churn risk: recency_days, spend_last_60d, trend_spend_30_vs_90."
17789,"frequency_orders, monetary_total, recency_days","spend_last_60d, trend_orders_30_vs_90, orders_last_30d","Main churn-risk drivers: frequency_orders, monetary_total, recency_days. Main factors reducing churn risk: spend_last_60d, trend_orders_30_vs_90, orders_last_30d."
17790,"trend_orders_30_vs_90, orders_last_30d, monetary_total","frequency_orders, orders_last_60d, recency_days","Main churn-risk drivers: trend_orders_30_vs_90, orders_last_30d, monetary_total. Main factors reducing churn risk: frequency_orders, orders_last_60d, recency_days."
17795,"frequency_orders, monetary_total, orders_last_60d","trend_spend_30_vs_90, spend_last_60d, monetary_mean","Main churn-risk drivers: frequency_orders, monetary_total, orders_last_60d. Main factors reducing churn risk: trend_spend_30_vs_90, spend_last_60d, monetary_mean."
17796,"recency_days, orders_last_60d, monetary_total","spend_last_60d, trend_orders_30_vs_90, monetary_mean","Main churn-risk drivers: recency_days, orders_last_60d, monetary_total. Main factors reducing churn risk: spend_last_60d, trend_orders_30_vs_90, monetary_mean."
17797,"frequency_orders, monetary_total, orders_last_60d","spend_last_60d, trend_orders_30_vs_90, monetary_mean","Main churn-risk drivers: frequency_orders, monetary_total, orders_last_60d. Main factors reducing churn risk: spend_last_60d, trend_orders_30_vs_90, monetary_mean."
17799,"trend_orders_30_vs_90, orders_last_30d, orders_last_90d","frequency_orders, recency_days, monetary_total","Main churn-risk drivers: trend_orders_30_vs_90, orders_last_30d, orders_last_90d. Main factors reducing churn risk: frequency_orders, recency_days, monetary_total."
17800,"orders_last_30d, monetary_total, trend_orders_30_vs_90","frequency_orders, orders_last_60d, recency_days","Main churn-risk drivers: orders_last_30d, monetary_total, trend_orders_30_vs_90. Main factors reducing churn risk: frequency_orders, orders_last_60d, recency_days."
17802,"frequency_orders, orders_last_60d, monetary_total","trend_spend_30_vs_90, spend_last_60d, monetary_mean","Main churn-risk drivers: frequency_orders, orders_last_60d, monetary_total. Main factors reducing churn risk: trend_spend_30_vs_90, spend_last_60d, monetary_mean."
17809,"trend_orders_30_vs_90, spend_last_90d, monetary_mean","frequency_orders, monetary_total, recency_days","Main churn-risk drivers: trend_orders_30_vs_90, spend_last_90d, monetary_mean. Main factors reducing churn risk: frequency_orders, monetary_total, recency_days."
17811,"orders_last_30d, trend_orders_30_vs_90, orders_last_90d","frequency_orders, orders_last_60d, monetary_total","Main churn-risk drivers: orders_last_30d, trend_orders_30_vs_90, orders_last_90d. Main factors reducing churn risk: frequency_orders, orders_last_60d, monetary_total."
17812,"frequency_orders, recency_days, monetary_total","spend_last_60d, trend_orders_30_vs_90, monetary_mean","Main churn-risk drivers: frequency_orders, recency_days, monetary_total. Main factors reducing churn risk: spend_last_60d, trend_orders_30_vs_90, monetary_mean."
17816,"frequency_orders, monetary_total, recency_days","spend_last_60d, trend_orders_30_vs_90, monetary_mean","Main churn-risk drivers: frequency_orders, monetary_total, recency_days. Main factors reducing churn risk: spend_last_60d, trend_orders_30_vs_90, monetary_mean."
17817,"frequency_orders, monetary_total, recency_days","spend_last_60d, trend_orders_30_vs_90, orders_last_30d","Main churn-risk drivers: frequency_orders, monetary_total, recency_days. Main factors reducing churn risk: spend_last_60d, trend_orders_30_vs_90, orders_last_30d."
17819,"orders_last_60d, spend_last_90d, trend_spend_30_vs_90","frequency_orders, monetary_total, spend_last_60d","Main churn-risk drivers: orders_last_60d, spend_last_90d, trend_spend_30_vs_90. Main factors reducing churn risk: frequency_orders, monetary_total, spend_last_60d."
17827,"orders_last_60d, recency_days, spend_last_90d","spend_last_60d, frequency_orders, trend_orders_30_vs_90","Main churn-risk drivers: orders_last_60d, recency_days, spend_last_90d. Main factors reducing churn risk: spend_last_60d, frequency_orders, trend_orders_30_vs_90."
17828,"frequency_orders, monetary_total, orders_last_30d","recency_days, orders_last_60d, monetary_mean","Main churn-risk drivers: frequency_orders, monetary_total, orders_last_30d. Main factors reducing churn risk: recency_days, orders_last_60d, monetary_mean."
17829,"frequency_orders, recency_days, orders_last_60d","spend_last_60d, trend_orders_30_vs_90, orders_last_30d","Main churn-risk drivers: frequency_orders, recency_days, orders_last_60d. Main factors reducing churn risk: spend_last_60d, trend_orders_30_vs_90, orders_last_30d."
17830,"frequency_orders, monetary_total, recency_days","spend_last_60d, trend_orders_30_vs_90, orders_last_30d","Main churn-risk drivers: frequency_orders, monetary_total, recency_days. Main factors reducing churn risk: spend_last_60d, trend_orders_30_vs_90, orders_last_30d."
17837,"monetary_total, trend_orders_30_vs_90, frequency_orders","trend_spend_30_vs_90, recency_days, spend_last_60d","Main churn-risk drivers: monetary_total, trend_orders_30_vs_90, frequency_orders. Main factors reducing churn risk: trend_spend_30_vs_90, recency_days, spend_last_60d."
17838,"recency_days, orders_last_60d, frequency_orders","spend_last_60d, trend_orders_30_vs_90, orders_last_30d","Main churn-risk drivers: recency_days, orders_last_60d, frequency_orders. Main factors reducing churn risk: spend_last_60d, trend_orders_30_vs_90, orders_last_30d."
17841,"spend_last_60d, orders_last_30d, orders_last_90d","frequency_orders, orders_last_60d, monetary_total","Main churn-risk drivers: spend_last_60d, orders_last_30d, orders_last_90d. Main factors reducing churn risk: frequency_orders, orders_last_60d, monetary_total."
17843,"frequency_orders, recency_days, monetary_total","spend_last_60d, trend_orders_30_vs_90, monetary_mean","Main churn-risk drivers: frequency_orders, recency_days, monetary_total. Main factors reducing churn risk: spend_last_60d, trend_orders_30_vs_90, monetary_mean."
17844,"frequency_orders, monetary_total, spend_last_90d","recency_days, spend_last_60d, trend_orders_30_vs_90","Main churn-risk drivers: frequency_orders, monetary_total, spend_last_90d. Main factors reducing churn risk: recency_days, spend_last_60d, trend_orders_30_vs_90."
17848,"trend_orders_30_vs_90, monetary_total, orders_last_90d","frequency_orders, orders_last_60d, recency_days","Main churn-risk drivers: trend_orders_30_vs_90, monetary_total, orders_last_90d. Main factors reducing churn risk: frequency_orders, orders_last_60d, recency_days."
17849,"monetary_total, orders_last_60d, spend_last_90d","spend_last_60d, frequency_orders, trend_orders_30_vs_90","Main churn-risk drivers: monetary_total, orders_last_60d, spend_last_90d. Main factors reducing churn risk: spend_last_60d, frequency_orders, trend_orders_30_vs_90."
17850,"recency_days, orders_last_60d, spend_last_90d","frequency_orders, monetary_total, spend_last_60d","Main churn-risk drivers: recency_days, orders_last_60d, spend_last_90d. Main factors reducing churn risk: frequency_orders, monetary_total, spend_last_60d."
17854,"frequency_orders, monetary_total, orders_last_60d","spend_last_60d, trend_orders_30_vs_90, orders_last_30d","Main churn-risk drivers: frequency_orders, monetary_total, orders_last_60d. Main factors reducing churn risk: spend_last_60d, trend_orders_30_vs_90, orders_last_30d."
17855,"frequency_orders, recency_days, monetary_total","spend_last_60d, trend_orders_30_vs_90, monetary_mean","Main churn-risk drivers: frequency_orders, recency_days, monetary_total. Main factors reducing churn risk: spend_last_60d, trend_orders_30_vs_90, monetary_mean."
17856,"orders_last_60d, recency_days, frequency_orders","spend_last_60d, trend_orders_30_vs_90, orders_last_30d","Main churn-risk drivers: orders_last_60d, recency_days, frequency_orders. Main factors reducing churn risk: spend_last_60d, trend_orders_30_vs_90, orders_last_30d."
17857,"spend_last_60d, monetary_mean, monetary_median","monetary_total, frequency_orders, spend_last_90d","Main churn-risk drivers: spend_last_60d, monetary_mean, monetary_median. Main factors reducing churn risk: monetary_total, frequency_orders, spend_last_90d."
17858,"orders_last_30d, spend_last_60d, orders_last_90d","frequency_orders, monetary_total, orders_last_60d","Main churn-risk drivers: orders_last_30d, spend_last_60d, orders_last_90d. Main factors reducing churn risk: frequency_orders, monetary_total, orders_last_60d."
17859,"frequency_orders, recency_days, monetary_total","spend_last_60d, trend_orders_30_vs_90, monetary_mean","Main churn-risk drivers: frequency_orders, recency_days, monetary_total. Main factors reducing churn risk: spend_last_60d, trend_orders_30_vs_90, monetary_mean."
17860,"frequency_orders, recency_days, monetary_total","spend_last_60d, trend_orders_30_vs_90, monetary_mean","Main churn-risk drivers: frequency_orders, recency_days, monetary_total. Main factors reducing churn risk: spend_last_60d, trend_orders_30_vs_90, monetary_mean."
17861,"trend_orders_30_vs_90, monetary_total, orders_last_90d","frequency_orders, recency_days, trend_spend_30_vs_90","Main churn-risk drivers: trend_orders_30_vs_90, monetary_total, orders_last_90d. Main factors reducing churn risk: frequency_orders, recency_days, trend_spend_30_vs_90."
17862,"frequency_orders, recency_days, monetary_total","spend_last_60d, trend_orders_30_vs_90, orders_last_30d","Main churn-risk drivers: frequency_orders, recency_days, monetary_total. Main factors reducing churn risk: spend_last_60d, trend_orders_30_vs_90, orders_last_30d."
17863,"trend_orders_30_vs_90, spend_last_90d, spend_last_60d","trend_spend_30_vs_90, recency_days, frequency_orders","Main churn-risk drivers: trend_orders_30_vs_90, spend_last_90d, spend_last_60d. Main factors reducing churn risk: trend_spend_30_vs_90, recency_days, frequency_orders."
17864,"frequency_orders, monetary_total, recency_days","spend_last_60d, trend_orders_30_vs_90, monetary_mean","Main churn-risk drivers: frequency_orders, monetary_total, recency_days. Main factors reducing churn risk: spend_last_60d, trend_orders_30_vs_90, monetary_mean."
17865,"spend_last_60d, orders_last_30d, spend_last_30d","frequency_orders, monetary_total, orders_last_60d","Main churn-risk drivers: spend_last_60d, orders_last_30d, spend_last_30d. Main factors reducing churn risk: frequency_orders, monetary_total, orders_last_60d."
17866,"frequency_orders, monetary_total, trend_orders_30_vs_90","recency_days, trend_spend_30_vs_90, orders_last_30d","Main churn-risk drivers: frequency_orders, monetary_total, trend_orders_30_vs_90. Main factors reducing churn risk: recency_days, trend_spend_30_vs_90, orders_last_30d."
17867,"trend_orders_30_vs_90, monetary_total, monetary_mean","orders_last_60d, recency_days, trend_spend_30_vs_90","Main churn-risk drivers: trend_orders_30_vs_90, monetary_total, monetary_mean. Main factors reducing churn risk: orders_last_60d, recency_days, trend_spend_30_vs_90."
17869,"monetary_total, orders_last_30d, spend_last_90d","frequency_orders, orders_last_60d, recency_days","Main churn-risk drivers: monetary_total, orders_last_30d, spend_last_90d. Main factors reducing churn risk: frequency_orders, orders_last_60d, recency_days."
17870,"trend_orders_30_vs_90, monetary_total, orders_last_30d","orders_last_60d, frequency_orders, recency_days","Main churn-risk drivers: trend_orders_30_vs_90, monetary_total, orders_last_30d. Main factors reducing churn risk: orders_last_60d, frequency_orders, recency_days."
17871,"frequency_orders, monetary_total, orders_last_60d","spend_last_60d, trend_orders_30_vs_90, orders_last_30d","Main churn-risk drivers: frequency_orders, monetary_total, orders_last_60d. Main factors reducing churn risk: spend_last_60d, trend_orders_30_vs_90, orders_last_30d."
17873,"orders_last_60d, spend_last_90d, trend_spend_30_vs_90","spend_last_60d, frequency_orders, trend_orders_30_vs_90","Main churn-risk drivers: orders_last_60d, spend_last_90d, trend_spend_30_vs_90. Main factors reducing churn risk: spend_last_60d, frequency_orders, trend_orders_30_vs_90."
17874,"orders_last_60d, monetary_total, spend_last_90d","frequency_orders, spend_last_60d, trend_orders_30_vs_90","Main churn-risk drivers: orders_last_60d, monetary_total, spend_last_90d. Main factors reducing churn risk: frequency_orders, spend_last_60d, trend_orders_30_vs_90."
17877,"frequency_orders, monetary_total, orders_last_60d","trend_spend_30_vs_90, spend_last_60d, orders_last_30d","Main churn-risk drivers: frequency_orders, monetary_total, orders_last_60d. Main factors reducing churn risk: trend_spend_30_vs_90, spend_last_60d, orders_last_30d."
17879,"frequency_orders, monetary_total, orders_last_60d","trend_spend_30_vs_90, spend_last_60d, orders_last_30d","Main churn-risk drivers: frequency_orders, monetary_total, orders_last_60d. Main factors reducing churn risk: trend_spend_30_vs_90, spend_last_60d, orders_last_30d."
17880,"frequency_orders, recency_days, monetary_total","spend_last_60d, trend_orders_30_vs_90, orders_last_30d","Main churn-risk drivers: frequency_orders, recency_days, monetary_total. Main factors reducing churn risk: spend_last_60d, trend_orders_30_vs_90, orders_last_30d."
17881,"frequency_orders, recency_days, monetary_total","spend_last_60d, trend_orders_30_vs_90, orders_last_30d","Main churn-risk drivers: frequency_orders, recency_days, monetary_total. Main factors reducing churn risk: spend_last_60d, trend_orders_30_vs_90, orders_last_30d."
17883,"frequency_orders, monetary_total, orders_last_60d","spend_last_60d, trend_orders_30_vs_90, monetary_mean","Main churn-risk drivers: frequency_orders, monetary_total, orders_last_60d. Main factors reducing churn risk: spend_last_60d, trend_orders_30_vs_90, monetary_mean."
17884,"recency_days, monetary_total, orders_last_60d","spend_last_60d, trend_orders_30_vs_90, monetary_mean","Main churn-risk drivers: recency_days, monetary_total, orders_last_60d. Main factors reducing churn risk: spend_last_60d, trend_orders_30_vs_90, monetary_mean."
17886,"frequency_orders, monetary_total, orders_last_60d","spend_last_60d, trend_orders_30_vs_90, monetary_mean","Main churn-risk drivers: frequency_orders, monetary_total, orders_last_60d. Main factors reducing churn risk: spend_last_60d, trend_orders_30_vs_90, monetary_mean."
17887,"frequency_orders, monetary_total, trend_orders_30_vs_90","recency_days, trend_spend_30_vs_90, spend_last_60d","Main churn-risk drivers: frequency_orders, monetary_total, trend_orders_30_vs_90. Main factors reducing churn risk: recency_days, trend_spend_30_vs_90, spend_last_60d."
17888,"monetary_total, orders_last_60d, trend_orders_30_vs_90","trend_spend_30_vs_90, spend_last_60d, frequency_orders","Main churn-risk drivers: monetary_total, orders_last_60d, trend_orders_30_vs_90. Main factors reducing churn risk: trend_spend_30_vs_90, spend_last_60d, frequency_orders."
17889,"frequency_orders, monetary_total, orders_last_60d","spend_last_60d, trend_orders_30_vs_90, monetary_mean","Main churn-risk drivers: frequency_orders, monetary_total, orders_last_60d. Main factors reducing churn risk: spend_last_60d, trend_orders_30_vs_90, monetary_mean."
17890,"recency_days, frequency_orders, monetary_total","spend_last_60d, trend_orders_30_vs_90, monetary_mean","Main churn-risk drivers: recency_days, frequency_orders, monetary_total. Main factors reducing churn risk: spend_last_60d, trend_orders_30_vs_90, monetary_mean."
17891,"frequency_orders, monetary_total, orders_last_60d","trend_spend_30_vs_90, spend_last_60d, monetary_mean","Main churn-risk drivers: frequency_orders, monetary_total, orders_last_60d. Main factors reducing churn risk: trend_spend_30_vs_90, spend_last_60d, monetary_mean."
17892,"frequency_orders, monetary_total, orders_last_60d","trend_spend_30_vs_90, spend_last_60d, recency_days","Main churn-risk drivers: frequency_orders, monetary_total, orders_last_60d. Main factors reducing churn risk: trend_spend_30_vs_90, spend_last_60d, recency_days."
17893,"frequency_orders, monetary_total, orders_last_60d","spend_last_60d, trend_orders_30_vs_90, monetary_mean","Main churn-risk drivers: frequency_orders, monetary_total, orders_last_60d. Main factors reducing churn risk: spend_last_60d, trend_orders_30_vs_90, monetary_mean."
17894,"monetary_total, orders_last_30d, spend_last_90d","frequency_orders, recency_days, trend_orders_30_vs_90","Main churn-risk drivers: monetary_total, orders_last_30d, spend_last_90d. Main factors reducing churn risk: frequency_orders, recency_days, trend_orders_30_vs_90."
17897,"monetary_total, orders_last_60d, frequency_orders","trend_spend_30_vs_90, spend_last_60d, monetary_mean","Main churn-risk drivers: monetary_total, orders_last_60d, frequency_orders. Main factors reducing churn risk: trend_spend_30_vs_90, spend_last_60d, monetary_mean."
17898,"frequency_orders, monetary_total, orders_last_60d","spend_last_60d, trend_orders_30_vs_90, monetary_mean","Main churn-risk drivers: frequency_orders, monetary_total, orders_last_60d. Main factors reducing churn risk: spend_last_60d, trend_orders_30_vs_90, monetary_mean."
17899,"frequency_orders, monetary_total, orders_last_60d","trend_spend_30_vs_90, spend_last_60d, recency_days","Main churn-risk drivers: frequency_orders, monetary_total, orders_last_60d. Main factors reducing churn risk: trend_spend_30_vs_90, spend_last_60d, recency_days."
17900,"frequency_orders, monetary_total, orders_last_60d","spend_last_60d, trend_orders_30_vs_90, orders_last_30d","Main churn-risk drivers: frequency_orders, monetary_total, orders_last_60d. Main factors reducing churn risk: spend_last_60d, trend_orders_30_vs_90, orders_last_30d."
17905,"orders_last_60d, monetary_total, frequency_orders","trend_spend_30_vs_90, spend_last_60d, recency_days","Main churn-risk drivers: orders_last_60d, monetary_total, frequency_orders. Main factors reducing churn risk: trend_spend_30_vs_90, spend_last_60d, recency_days."
17906,"frequency_orders, monetary_total, orders_last_60d","spend_last_60d, trend_orders_30_vs_90, monetary_mean","Main churn-risk drivers: frequency_orders, monetary_total, orders_last_60d. Main factors reducing churn risk: spend_last_60d, trend_orders_30_vs_90, monetary_mean."
17908,"frequency_orders, recency_days, monetary_total","spend_last_60d, trend_orders_30_vs_90, monetary_mean","Main churn-risk drivers: frequency_orders, recency_days, monetary_total. Main factors reducing churn risk: spend_last_60d, trend_orders_30_vs_90, monetary_mean."
17912,"recency_days, monetary_total, orders_last_60d","frequency_orders, spend_last_60d, trend_orders_30_vs_90","Main churn-risk drivers: recency_days, monetary_total, orders_last_60d. Main factors reducing churn risk: frequency_orders, spend_last_60d, trend_orders_30_vs_90."
17913,"frequency_orders, recency_days, monetary_total","spend_last_60d, trend_orders_30_vs_90, monetary_mean","Main churn-risk drivers: frequency_orders, recency_days, monetary_total. Main factors reducing churn risk: spend_last_60d, trend_orders_30_vs_90, monetary_mean."
17917,"frequency_orders, monetary_total, orders_last_60d","spend_last_60d, trend_orders_30_vs_90, monetary_mean","Main churn-risk drivers: frequency_orders, monetary_total, orders_last_60d. Main factors reducing churn risk: spend_last_60d, trend_orders_30_vs_90, monetary_mean."
17920,"trend_orders_30_vs_90, orders_last_30d, spend_last_60d","frequency_orders, orders_last_60d, recency_days","Main churn-risk drivers: trend_orders_30_vs_90, orders_last_30d, spend_last_60d. Main factors reducing churn risk: frequency_orders, orders_last_60d, recency_days."
17921,"monetary_total, trend_orders_30_vs_90, frequency_orders","trend_spend_30_vs_90, recency_days, monetary_mean","Main churn-risk drivers: monetary_total, trend_orders_30_vs_90, frequency_orders. Main factors reducing churn risk: trend_spend_30_vs_90, recency_days, monetary_mean."
17923,"frequency_orders, monetary_total, recency_days","spend_last_60d, trend_orders_30_vs_90, orders_last_30d","Main churn-risk drivers: frequency_orders, monetary_total, recency_days. Main factors reducing churn risk: spend_last_60d, trend_orders_30_vs_90, orders_last_30d."
17924,"frequency_orders, recency_days, monetary_total","spend_last_60d, trend_orders_30_vs_90, orders_last_30d","Main churn-risk drivers: frequency_orders, recency_days, monetary_total. Main factors reducing churn risk: spend_last_60d, trend_orders_30_vs_90, orders_last_30d."
17925,"frequency_orders, recency_days, monetary_total","spend_last_60d, trend_orders_30_vs_90, orders_last_30d","Main churn-risk drivers: frequency_orders, recency_days, monetary_total. Main factors reducing churn risk: spend_last_60d, trend_orders_30_vs_90, orders_last_30d."
17926,"frequency_orders, monetary_total, trend_orders_30_vs_90","recency_days, trend_spend_30_vs_90, orders_last_30d","Main churn-risk drivers: frequency_orders, monetary_total, trend_orders_30_vs_90. Main factors reducing churn risk: recency_days, trend_spend_30_vs_90, orders_last_30d."
17928,"frequency_orders, monetary_total, orders_last_60d","spend_last_60d, trend_orders_30_vs_90, monetary_mean","Main churn-risk drivers: frequency_orders, monetary_total, orders_last_60d. Main factors reducing churn risk: spend_last_60d, trend_orders_30_vs_90, monetary_mean."
17929,"monetary_total, monetary_mean, frequency_orders","recency_days, trend_orders_30_vs_90, orders_last_60d","Main churn-risk drivers: monetary_total, monetary_mean, frequency_orders. Main factors reducing churn risk: recency_days, trend_orders_30_vs_90, orders_last_60d."
17930,"frequency_orders, orders_last_60d, monetary_total","trend_spend_30_vs_90, spend_last_60d, recency_days","Main churn-risk drivers: frequency_orders, orders_last_60d, monetary_total. Main factors reducing churn risk: trend_spend_30_vs_90, spend_last_60d, recency_days."
17931,"frequency_orders, monetary_total, trend_orders_30_vs_90","recency_days, trend_spend_30_vs_90, spend_last_60d","Main churn-risk drivers: frequency_orders, monetary_total, trend_orders_30_vs_90. Main factors reducing churn risk: recency_days, trend_spend_30_vs_90, spend_last_60d."
17932,"frequency_orders, orders_last_60d, monetary_total","trend_spend_30_vs_90, spend_last_60d, monetary_mean","Main churn-risk drivers: frequency_orders, orders_last_60d, monetary_total. Main factors reducing churn risk: trend_spend_30_vs_90, spend_last_60d, monetary_mean."
17935,"frequency_orders, monetary_total, trend_orders_30_vs_90","orders_last_60d, recency_days, trend_spend_30_vs_90","Main churn-risk drivers: frequency_orders, monetary_total, trend_orders_30_vs_90. Main factors reducing churn risk: orders_last_60d, recency_days, trend_spend_30_vs_90."
17937,"orders_last_30d, trend_spend_30_vs_90, monetary_mean","monetary_total, frequency_orders, recency_days","Main churn-risk drivers: orders_last_30d, trend_spend_30_vs_90, monetary_mean. Main factors reducing churn risk: monetary_total, frequency_orders, recency_days."
17939,"frequency_orders, monetary_total, orders_last_60d","trend_spend_30_vs_90, spend_last_60d, recency_days","Main churn-risk drivers: frequency_orders, monetary_total, orders_last_60d. Main factors reducing churn risk: trend_spend_30_vs_90, spend_last_60d, recency_days."
17940,"monetary_mean, trend_orders_30_vs_90, orders_last_30d","frequency_orders, monetary_total, orders_last_60d","Main churn-risk drivers: monetary_mean, trend_orders_30_vs_90, orders_last_30d. Main factors reducing churn risk: frequency_orders, monetary_total, orders_last_60d."
17941,"frequency_orders, monetary_total, monetary_mean","recency_days, trend_spend_30_vs_90, orders_last_30d","Main churn-risk drivers: frequency_orders, monetary_total, monetary_mean. Main factors reducing churn risk: recency_days, trend_spend_30_vs_90, orders_last_30d."
17946,"frequency_orders, monetary_total, orders_last_60d","spend_last_60d, trend_orders_30_vs_90, monetary_mean","Main churn-risk drivers: frequency_orders, monetary_total, orders_last_60d. Main factors reducing churn risk: spend_last_60d, trend_orders_30_vs_90, monetary_mean."
17948,"frequency_orders, monetary_mean, monetary_median","trend_spend_30_vs_90, recency_days, orders_last_30d","Main churn-risk drivers: frequency_orders, monetary_mean, monetary_median. Main factors reducing churn risk: trend_spend_30_vs_90, recency_days, orders_last_30d."
17949,"spend_last_60d, orders_last_30d, monetary_mean","monetary_total, spend_last_90d, frequency_orders","Main churn-risk drivers: spend_last_60d, orders_last_30d, monetary_mean. Main factors reducing churn risk: monetary_total, spend_last_90d, frequency_orders."
17950,"recency_days, frequency_orders, monetary_total","spend_last_60d, trend_orders_30_vs_90, monetary_mean","Main churn-risk drivers: recency_days, frequency_orders, monetary_total. Main factors reducing churn risk: spend_last_60d, trend_orders_30_vs_90, monetary_mean."
17951,"recency_days, frequency_orders, monetary_total","spend_last_60d, trend_orders_30_vs_90, orders_last_30d","Main churn-risk drivers: recency_days, frequency_orders, monetary_total. Main factors reducing churn risk: spend_last_60d, trend_orders_30_vs_90, orders_last_30d."
17954,"trend_orders_30_vs_90, spend_last_90d, orders_last_90d","frequency_orders, recency_days, trend_spend_30_vs_90","Main churn-risk drivers: trend_orders_30_vs_90, spend_last_90d, orders_last_90d. Main factors reducing churn risk: frequency_orders, recency_days, trend_spend_30_vs_90."
17955,"monetary_total, orders_last_60d, spend_last_90d","spend_last_60d, frequency_orders, trend_orders_30_vs_90","Main churn-risk drivers: monetary_total, orders_last_60d, spend_last_90d. Main factors reducing churn risk: spend_last_60d, frequency_orders, trend_orders_30_vs_90."
17956,"frequency_orders, monetary_total, orders_last_60d","spend_last_60d, trend_orders_30_vs_90, monetary_mean","Main churn-risk drivers: frequency_orders, monetary_total, orders_last_60d. Main factors reducing churn risk: spend_last_60d, trend_orders_30_vs_90, monetary_mean."
17958,"frequency_orders, monetary_total, orders_last_30d","recency_days, trend_orders_30_vs_90, orders_last_60d","Main churn-risk drivers: frequency_orders, monetary_total, orders_last_30d. Main factors reducing churn risk: recency_days, trend_orders_30_vs_90, orders_last_60d."
17960,"frequency_orders, monetary_total, orders_last_60d","trend_spend_30_vs_90, spend_last_60d, monetary_mean","Main churn-risk drivers: frequency_orders, monetary_total, orders_last_60d. Main factors reducing churn risk: trend_spend_30_vs_90, spend_last_60d, monetary_mean."
17961,"trend_orders_30_vs_90, orders_last_90d, monetary_total","frequency_orders, orders_last_60d, recency_days","Main churn-risk drivers: trend_orders_30_vs_90, orders_last_90d, monetary_total. Main factors reducing churn risk: frequency_orders, orders_last_60d, recency_days."
17962,"frequency_orders, monetary_total, trend_orders_30_vs_90","recency_days, trend_spend_30_vs_90, spend_last_60d","Main churn-risk drivers: frequency_orders, monetary_total, trend_orders_30_vs_90. Main factors reducing churn risk: recency_days, trend_spend_30_vs_90, spend_last_60d."
17964,"frequency_orders, recency_days, monetary_total","spend_last_60d, trend_orders_30_vs_90, monetary_mean","Main churn-risk drivers: frequency_orders, recency_days, monetary_total. Main factors reducing churn risk: spend_last_60d, trend_orders_30_vs_90, monetary_mean."
17965,"orders_last_30d, trend_orders_30_vs_90, spend_last_60d","frequency_orders, orders_last_60d, recency_days","Main churn-risk drivers: orders_last_30d, trend_orders_30_vs_90, spend_last_60d. Main factors reducing churn risk: frequency_orders, orders_last_60d, recency_days."
17966,"monetary_total, orders_last_60d, trend_orders_30_vs_90","trend_spend_30_vs_90, spend_last_60d, frequency_orders","Main churn-risk drivers: monetary_total, orders_last_60d, trend_orders_30_vs_90. Main factors reducing churn risk: trend_spend_30_vs_90, spend_last_60d, frequency_orders."
17967,"frequency_orders, recency_days, monetary_total","spend_last_60d, trend_orders_30_vs_90, monetary_mean","Main churn-risk drivers: frequency_orders, recency_days, monetary_total. Main factors reducing churn risk: spend_last_60d, trend_orders_30_vs_90, monetary_mean."
17968,"frequency_orders, recency_days, monetary_total","spend_last_60d, trend_orders_30_vs_90, monetary_mean","Main churn-risk drivers: frequency_orders, recency_days, monetary_total. Main factors reducing churn risk: spend_last_60d, trend_orders_30_vs_90, monetary_mean."
17969,"frequency_orders, monetary_total, orders_last_60d","trend_spend_30_vs_90, spend_last_60d, orders_last_30d","Main churn-risk drivers: frequency_orders, monetary_total, orders_last_60d. Main factors reducing churn risk: trend_spend_30_vs_90, spend_last_60d, orders_last_30d."
17970,"frequency_orders, monetary_total, orders_last_60d","spend_last_60d, trend_orders_30_vs_90, orders_last_30d","Main churn-risk drivers: frequency_orders, monetary_total, orders_last_60d. Main factors reducing churn risk: spend_last_60d, trend_orders_30_vs_90, orders_last_30d."
17972,"frequency_orders, monetary_total, orders_last_60d","spend_last_60d, trend_orders_30_vs_90, monetary_mean","Main churn-risk drivers: frequency_orders, monetary_total, orders_last_60d. Main factors reducing churn risk: spend_last_60d, trend_orders_30_vs_90, monetary_mean."
17974,"frequency_orders, monetary_total, orders_last_60d","spend_last_60d, trend_orders_30_vs_90, monetary_mean","Main churn-risk drivers: frequency_orders, monetary_total, orders_last_60d. Main factors reducing churn risk: spend_last_60d, trend_orders_30_vs_90, monetary_mean."
17975,"spend_last_60d, trend_orders_30_vs_90, orders_last_30d","frequency_orders, orders_last_60d, monetary_total","Main churn-risk drivers: spend_last_60d, trend_orders_30_vs_90, orders_last_30d. Main factors reducing churn risk: frequency_orders, orders_last_60d, monetary_total."
17976,"frequency_orders, recency_days, monetary_total","spend_last_60d, trend_orders_30_vs_90, monetary_mean","Main churn-risk drivers: frequency_orders, recency_days, monetary_total. Main factors reducing churn risk: spend_last_60d, trend_orders_30_vs_90, monetary_mean."
17978,"frequency_orders, recency_days, monetary_total","spend_last_60d, trend_orders_30_vs_90, orders_last_30d","Main churn-risk drivers: frequency_orders, recency_days, monetary_total. Main factors reducing churn risk: spend_last_60d, trend_orders_30_vs_90, orders_last_30d."
17979,"monetary_total, orders_last_60d, frequency_orders","trend_spend_30_vs_90, spend_last_60d, monetary_mean","Main churn-risk drivers: monetary_total, orders_last_60d, frequency_orders. Main factors reducing churn risk: trend_spend_30_vs_90, spend_last_60d, monetary_mean."
17980,"orders_last_60d, monetary_total, frequency_orders","trend_spend_30_vs_90, spend_last_60d, orders_last_30d","Main churn-risk drivers: orders_last_60d, monetary_total, frequency_orders. Main factors reducing churn risk: trend_spend_30_vs_90, spend_last_60d, orders_last_30d."
17984,"frequency_orders, monetary_total, trend_orders_30_vs_90","recency_days, trend_spend_30_vs_90, monetary_mean","Main churn-risk drivers: frequency_orders, monetary_total, trend_orders_30_vs_90. Main factors reducing churn risk: recency_days, trend_spend_30_vs_90, monetary_mean."
17987,"frequency_orders, monetary_total, orders_last_60d","spend_last_60d, trend_orders_30_vs_90, monetary_mean","Main churn-risk drivers: frequency_orders, monetary_total, orders_last_60d. Main factors reducing churn risk: spend_last_60d, trend_orders_30_vs_90, monetary_mean."
17988,"orders_last_30d, monetary_total, spend_last_90d","orders_last_60d, frequency_orders, recency_days","Main churn-risk drivers: orders_last_30d, monetary_total, spend_last_90d. Main factors reducing churn risk: orders_last_60d, frequency_orders, recency_days."
17990,"orders_last_60d, monetary_total, recency_days","spend_last_60d, trend_orders_30_vs_90, orders_last_30d","Main churn-risk drivers: orders_last_60d, monetary_total, recency_days. Main factors reducing churn risk: spend_last_60d, trend_orders_30_vs_90, orders_last_30d."
17991,"frequency_orders, monetary_total, orders_last_60d","spend_last_60d, trend_orders_30_vs_90, monetary_median","Main churn-risk drivers: frequency_orders, monetary_total, orders_last_60d. Main factors reducing churn risk: spend_last_60d, trend_orders_30_vs_90, monetary_median."
17994,"monetary_total, trend_orders_30_vs_90, spend_last_90d","recency_days, trend_spend_30_vs_90, frequency_orders","Main churn-risk drivers: monetary_total, trend_orders_30_vs_90, spend_last_90d. Main factors reducing churn risk: recency_days, trend_spend_30_vs_90, frequency_orders."
17995,"frequency_orders, monetary_total, recency_days","spend_last_60d, trend_orders_30_vs_90, orders_last_30d","Main churn-risk drivers: frequency_orders, monetary_total, recency_days. Main factors reducing churn risk: spend_last_60d, trend_orders_30_vs_90, orders_last_30d."
17997,"orders_last_30d, trend_orders_30_vs_90, orders_last_90d","orders_last_60d, frequency_orders, recency_days","Main churn-risk drivers: orders_last_30d, trend_orders_30_vs_90, orders_last_90d. Main factors reducing churn risk: orders_last_60d, frequency_orders, recency_days."
17999,"frequency_orders, recency_days, monetary_total","spend_last_60d, trend_orders_30_vs_90, monetary_mean","Main churn-risk drivers: frequency_orders, recency_days, monetary_total. Main factors reducing churn risk: spend_last_60d, trend_orders_30_vs_90, monetary_mean."
18004,"frequency_orders, recency_days, monetary_total","spend_last_60d, trend_orders_30_vs_90, monetary_mean","Main churn-risk drivers: frequency_orders, recency_days, monetary_total. Main factors reducing churn risk: spend_last_60d, trend_orders_30_vs_90, monetary_mean."
18008,"orders_last_60d, spend_last_90d, trend_spend_30_vs_90","frequency_orders, spend_last_60d, monetary_total","Main churn-risk drivers: orders_last_60d, spend_last_90d, trend_spend_30_vs_90. Main factors reducing churn risk: frequency_orders, spend_last_60d, monetary_total."
18009,"frequency_orders, monetary_total, orders_last_60d","spend_last_60d, trend_orders_30_vs_90, monetary_mean","Main churn-risk drivers: frequency_orders, monetary_total, orders_last_60d. Main factors reducing churn risk: spend_last_60d, trend_orders_30_vs_90, monetary_mean."
18010,"frequency_orders, monetary_total, orders_last_60d","spend_last_60d, trend_orders_30_vs_90, monetary_mean","Main churn-risk drivers: frequency_orders, monetary_total, orders_last_60d. Main factors reducing churn risk: spend_last_60d, trend_orders_30_vs_90, monetary_mean."
18011,"frequency_orders, recency_days, monetary_total","spend_last_60d, trend_orders_30_vs_90, monetary_mean","Main churn-risk drivers: frequency_orders, recency_days, monetary_total. Main factors reducing churn risk: spend_last_60d, trend_orders_30_vs_90, monetary_mean."
18013,"frequency_orders, monetary_total, orders_last_60d","trend_spend_30_vs_90, spend_last_60d, recency_days","Main churn-risk drivers: frequency_orders, monetary_total, orders_last_60d. Main factors reducing churn risk: trend_spend_30_vs_90, spend_last_60d, recency_days."
18016,"monetary_total, orders_last_60d, frequency_orders","spend_last_60d, trend_orders_30_vs_90, monetary_mean","Main churn-risk drivers: monetary_total, orders_last_60d, frequency_orders. Main factors reducing churn risk: spend_last_60d, trend_orders_30_vs_90, monetary_mean."
18017,"frequency_orders, monetary_total, orders_last_60d","trend_spend_30_vs_90, spend_last_60d, orders_last_30d","Main churn-risk drivers: frequency_orders, monetary_total, orders_last_60d. Main factors reducing churn risk: trend_spend_30_vs_90, spend_last_60d, orders_last_30d."
18018,"frequency_orders, monetary_total, orders_last_30d","recency_days, trend_orders_30_vs_90, spend_last_60d","Main churn-risk drivers: frequency_orders, monetary_total, orders_last_30d. Main factors reducing churn risk: recency_days, trend_orders_30_vs_90, spend_last_60d."
18024,"frequency_orders, monetary_total, orders_last_60d","trend_spend_30_vs_90, spend_last_60d, recency_days","Main churn-risk drivers: frequency_orders, monetary_total, orders_last_60d. Main factors reducing churn risk: trend_spend_30_vs_90, spend_last_60d, recency_days."
18027,"frequency_orders, monetary_total, orders_last_30d","recency_days, trend_orders_30_vs_90, spend_last_60d","Main churn-risk drivers: frequency_orders, monetary_total, orders_last_30d. Main factors reducing churn risk: recency_days, trend_orders_30_vs_90, spend_last_60d."
18032,"frequency_orders, recency_days, monetary_total","spend_last_60d, trend_orders_30_vs_90, monetary_mean","Main churn-risk drivers: frequency_orders, recency_days, monetary_total. Main factors reducing churn risk: spend_last_60d, trend_orders_30_vs_90, monetary_mean."
18036,"frequency_orders, monetary_total, orders_last_30d","recency_days, trend_orders_30_vs_90, monetary_mean","Main churn-risk drivers: frequency_orders, monetary_total, orders_last_30d. Main factors reducing churn risk: recency_days, trend_orders_30_vs_90, monetary_mean."
18037,"monetary_total, orders_last_60d, trend_orders_30_vs_90","frequency_orders, spend_last_60d, trend_spend_30_vs_90","Main churn-risk drivers: monetary_total, orders_last_60d, trend_orders_30_vs_90. Main factors reducing churn risk: frequency_orders, spend_last_60d, trend_spend_30_vs_90."
18040,"frequency_orders, monetary_total, orders_last_60d","spend_last_60d, trend_orders_30_vs_90, orders_last_30d","Main churn-risk drivers: frequency_orders, monetary_total, orders_last_60d. Main factors reducing churn risk: spend_last_60d, trend_orders_30_vs_90, orders_last_30d."
18041,"orders_last_30d, trend_orders_30_vs_90, spend_last_90d","frequency_orders, orders_last_60d, monetary_total","Main churn-risk drivers: orders_last_30d, trend_orders_30_vs_90, spend_last_90d. Main factors reducing churn risk: frequency_orders, orders_last_60d, monetary_total."
18043,"frequency_orders, monetary_total, orders_last_60d","spend_last_60d, trend_orders_30_vs_90, monetary_mean","Main churn-risk drivers: frequency_orders, monetary_total, orders_last_60d. Main factors reducing churn risk: spend_last_60d, trend_orders_30_vs_90, monetary_mean."
18044,"orders_last_60d, monetary_total, trend_orders_30_vs_90","frequency_orders, trend_spend_30_vs_90, spend_last_60d","Main churn-risk drivers: orders_last_60d, monetary_total, trend_orders_30_vs_90. Main factors reducing churn risk: frequency_orders, trend_spend_30_vs_90, spend_last_60d."
18048,"frequency_orders, monetary_total, orders_last_60d","spend_last_60d, trend_orders_30_vs_90, orders_last_30d","Main churn-risk drivers: frequency_orders, monetary_total, orders_last_60d. Main factors reducing churn risk: spend_last_60d, trend_orders_30_vs_90, orders_last_30d."
18050,"frequency_orders, recency_days, monetary_total","spend_last_60d, trend_orders_30_vs_90, monetary_mean","Main churn-risk drivers: frequency_orders, recency_days, monetary_total. Main factors reducing churn risk: spend_last_60d, trend_orders_30_vs_90, monetary_mean."
18055,"trend_orders_30_vs_90, spend_last_90d","frequency_orders, monetary_total, recency_days","Main churn-risk drivers: trend_orders_30_vs_90, spend_last_90d. Main factors reducing churn risk: frequency_orders, monetary_total, recency_days."
18056,"frequency_orders, recency_days, monetary_total","spend_last_60d, trend_orders_30_vs_90, orders_last_30d","Main churn-risk drivers: frequency_orders, recency_days, monetary_total. Main factors reducing churn risk: spend_last_60d, trend_orders_30_vs_90, orders_last_30d."
18061,"orders_last_30d, trend_orders_30_vs_90, spend_last_90d","frequency_orders, recency_days, orders_last_60d","Main churn-risk drivers: orders_last_30d, trend_orders_30_vs_90, spend_last_90d. Main factors reducing churn risk: frequency_orders, recency_days, orders_last_60d."
18062,"orders_last_60d, monetary_total, frequency_orders","trend_spend_30_vs_90, spend_last_60d, orders_last_30d","Main churn-risk drivers: orders_last_60d, monetary_total, frequency_orders. Main factors reducing churn risk: trend_spend_30_vs_90, spend_last_60d, orders_last_30d."
18064,"frequency_orders, monetary_total, monetary_median","recency_days, trend_spend_30_vs_90, orders_last_30d","Main churn-risk drivers: frequency_orders, monetary_total, monetary_median. Main factors reducing churn risk: recency_days, trend_spend_30_vs_90, orders_last_30d."
18065,"orders_last_60d, spend_last_90d, trend_spend_30_vs_90","frequency_orders, spend_last_60d, trend_orders_30_vs_90","Main churn-risk drivers: orders_last_60d, spend_last_90d, trend_spend_30_vs_90. Main factors reducing churn risk: frequency_orders, spend_last_60d, trend_orders_30_vs_90."
18068,"frequency_orders, monetary_total, recency_days","spend_last_60d, trend_orders_30_vs_90, orders_last_30d","Main churn-risk drivers: frequency_orders, monetary_total, recency_days. Main factors reducing churn risk: spend_last_60d, trend_orders_30_vs_90, orders_last_30d."
18069,"orders_last_60d, monetary_total, frequency_orders","trend_spend_30_vs_90, spend_last_60d, monetary_mean","Main churn-risk drivers: orders_last_60d, monetary_total, frequency_orders. Main factors reducing churn risk: trend_spend_30_vs_90, spend_last_60d, monetary_mean."
18071,"frequency_orders, monetary_total, orders_last_60d","spend_last_60d, trend_orders_30_vs_90, orders_last_30d","Main churn-risk drivers: frequency_orders, monetary_total, orders_last_60d. Main factors reducing churn risk: spend_last_60d, trend_orders_30_vs_90, orders_last_30d."
18072,"frequency_orders, monetary_total, orders_last_60d","spend_last_60d, trend_orders_30_vs_90, monetary_mean","Main churn-risk drivers: frequency_orders, monetary_total, orders_last_60d. Main factors reducing churn risk: spend_last_60d, trend_orders_30_vs_90, monetary_mean."
18073,"spend_last_60d, trend_orders_30_vs_90, orders_last_90d","frequency_orders, orders_last_60d, spend_last_90d","Main churn-risk drivers: spend_last_60d, trend_orders_30_vs_90, orders_last_90d. Main factors reducing churn risk: frequency_orders, orders_last_60d, spend_last_90d."
18074,"frequency_orders, recency_days, monetary_total","spend_last_60d, trend_orders_30_vs_90, orders_last_30d","Main churn-risk drivers: frequency_orders, recency_days, monetary_total. Main factors reducing churn risk: spend_last_60d, trend_orders_30_vs_90, orders_last_30d."
18075,"orders_last_30d, trend_orders_30_vs_90, orders_last_90d","frequency_orders, recency_days, monetary_total","Main churn-risk drivers: orders_last_30d, trend_orders_30_vs_90, orders_last_90d. Main factors reducing churn risk: frequency_orders, recency_days, monetary_total."
18077,"orders_last_30d, spend_last_60d, orders_last_90d","frequency_orders, orders_last_60d, recency_days","Main churn-risk drivers: orders_last_30d, spend_last_60d, orders_last_90d. Main factors reducing churn risk: frequency_orders, orders_last_60d, recency_days."
18078,"frequency_orders, monetary_total, orders_last_60d","spend_last_60d, trend_orders_30_vs_90, monetary_mean","Main churn-risk drivers: frequency_orders, monetary_total, orders_last_60d. Main factors reducing churn risk: spend_last_60d, trend_orders_30_vs_90, monetary_mean."
18079,"frequency_orders, trend_orders_30_vs_90, spend_last_60d","recency_days, monetary_total, trend_spend_30_vs_90","Main churn-risk drivers: frequency_orders, trend_orders_30_vs_90, spend_last_60d. Main factors reducing churn risk: recency_days, monetary_total, trend_spend_30_vs_90."
18080,"monetary_mean, monetary_median, frequency_orders","spend_last_60d, trend_orders_30_vs_90, orders_last_30d","Main churn-risk drivers: monetary_mean, monetary_median, frequency_orders. Main factors reducing churn risk: spend_last_60d, trend_orders_30_vs_90, orders_last_30d."
18081,"frequency_orders, monetary_total, orders_last_30d","orders_last_60d, recency_days, monetary_mean","Main churn-risk drivers: frequency_orders, monetary_total, orders_last_30d. Main factors reducing churn risk: orders_last_60d, recency_days, monetary_mean."
18085,"recency_days, frequency_orders, orders_last_60d","spend_last_60d, trend_orders_30_vs_90, orders_last_30d","Main churn-risk drivers: recency_days, frequency_orders, orders_last_60d. Main factors reducing churn risk: spend_last_60d, trend_orders_30_vs_90, orders_last_30d."
18086,"frequency_orders, monetary_total, recency_days","spend_last_60d, trend_orders_30_vs_90, monetary_mean","Main churn-risk drivers: frequency_orders, monetary_total, recency_days. Main factors reducing churn risk: spend_last_60d, trend_orders_30_vs_90, monetary_mean."
18087,"monetary_mean, monetary_median, frequency_orders","monetary_total, recency_days, trend_orders_30_vs_90","Main churn-risk drivers: monetary_mean, monetary_median, frequency_orders. Main factors reducing churn risk: monetary_total, recency_days, trend_orders_30_vs_90."
18092,"spend_last_60d, orders_last_30d, trend_spend_30_vs_90","frequency_orders, monetary_total, recency_days","Main churn-risk drivers: spend_last_60d, orders_last_30d, trend_spend_30_vs_90. Main factors reducing churn risk: frequency_orders, monetary_total, recency_days."
18093,"orders_last_30d, spend_last_60d, trend_spend_30_vs_90","orders_last_60d, recency_days, frequency_orders","Main churn-risk drivers: orders_last_30d, spend_last_60d, trend_spend_30_vs_90. Main factors reducing churn risk: orders_last_60d, recency_days, frequency_orders."
18094,"trend_orders_30_vs_90, spend_last_60d, orders_last_90d","frequency_orders, orders_last_60d, monetary_total","Main churn-risk drivers: trend_orders_30_vs_90, spend_last_60d, orders_last_90d. Main factors reducing churn risk: frequency_orders, orders_last_60d, monetary_total."
18095,"recency_days, frequency_orders, monetary_total","spend_last_60d, trend_orders_30_vs_90, orders_last_30d","Main churn-risk drivers: recency_days, frequency_orders, monetary_total. Main factors reducing churn risk: spend_last_60d, trend_orders_30_vs_90, orders_last_30d."
18097,"trend_orders_30_vs_90, spend_last_60d, orders_last_90d","frequency_orders, orders_last_60d, recency_days","Main churn-risk drivers: trend_orders_30_vs_90, spend_last_60d, orders_last_90d. Main factors reducing churn risk: frequency_orders, orders_last_60d, recency_days."
18099,"frequency_orders, monetary_total, trend_orders_30_vs_90","recency_days, trend_spend_30_vs_90, monetary_mean","Main churn-risk drivers: frequency_orders, monetary_total, trend_orders_30_vs_90. Main factors reducing churn risk: recency_days, trend_spend_30_vs_90, monetary_mean."
18101,"frequency_orders, monetary_total, trend_orders_30_vs_90","recency_days, trend_spend_30_vs_90, spend_last_60d","Main churn-risk drivers: frequency_orders, monetary_total, trend_orders_30_vs_90. Main factors reducing churn risk: recency_days, trend_spend_30_vs_90, spend_last_60d."
18102,"spend_last_60d, monetary_mean, monetary_median","monetary_total, spend_last_90d, frequency_orders","Main churn-risk drivers: spend_last_60d, monetary_mean, monetary_median. Main factors reducing churn risk: monetary_total, spend_last_90d, frequency_orders."
18106,"frequency_orders, recency_days, monetary_total","spend_last_60d, trend_orders_30_vs_90, monetary_mean","Main churn-risk drivers: frequency_orders, recency_days, monetary_total. Main factors reducing churn risk: spend_last_60d, trend_orders_30_vs_90, monetary_mean."
18108,"frequency_orders, monetary_total, orders_last_60d","spend_last_60d, trend_orders_30_vs_90, orders_last_30d","Main churn-risk drivers: frequency_orders, monetary_total, orders_last_60d. Main factors reducing churn risk: spend_last_60d, trend_orders_30_vs_90, orders_last_30d."
18109,"spend_last_60d, orders_last_30d, trend_orders_30_vs_90","frequency_orders, orders_last_60d, monetary_total","Main churn-risk drivers: spend_last_60d, orders_last_30d, trend_orders_30_vs_90. Main factors reducing churn risk: frequency_orders, orders_last_60d, monetary_total."
18112,"frequency_orders, monetary_total, orders_last_60d","trend_spend_30_vs_90, spend_last_60d, orders_last_30d","Main churn-risk drivers: frequency_orders, monetary_total, orders_last_60d. Main factors reducing churn risk: trend_spend_30_vs_90, spend_last_60d, orders_last_30d."
18113,"frequency_orders, recency_days, monetary_total","spend_last_60d, trend_orders_30_vs_90, orders_last_30d","Main churn-risk drivers: frequency_orders, recency_days, monetary_total. Main factors reducing churn risk: spend_last_60d, trend_orders_30_vs_90, orders_last_30d."
18114,"frequency_orders, recency_days, monetary_total","spend_last_60d, trend_orders_30_vs_90, monetary_mean","Main churn-risk drivers: frequency_orders, recency_days, monetary_total. Main factors reducing churn risk: spend_last_60d, trend_orders_30_vs_90, monetary_mean."
18116,"orders_last_60d, recency_days, spend_last_90d","frequency_orders, spend_last_60d, trend_orders_30_vs_90","Main churn-risk drivers: orders_last_60d, recency_days, spend_last_90d. Main factors reducing churn risk: frequency_orders, spend_last_60d, trend_orders_30_vs_90."
18118,"trend_orders_30_vs_90, orders_last_30d, orders_last_90d","frequency_orders, monetary_total, orders_last_60d","Main churn-risk drivers: trend_orders_30_vs_90, orders_last_30d, orders_last_90d. Main factors reducing churn risk: frequency_orders, monetary_total, orders_last_60d."
18119,"frequency_orders, recency_days, monetary_total","spend_last_60d, trend_orders_30_vs_90, monetary_mean","Main churn-risk drivers: frequency_orders, recency_days, monetary_total. Main factors reducing churn risk: spend_last_60d, trend_orders_30_vs_90, monetary_mean."
18120,"frequency_orders, monetary_total, orders_last_60d","spend_last_60d, trend_orders_30_vs_90, monetary_mean","Main churn-risk drivers: frequency_orders, monetary_total, orders_last_60d. Main factors reducing churn risk: spend_last_60d, trend_orders_30_vs_90, monetary_mean."
18121,"frequency_orders, monetary_total, trend_orders_30_vs_90","trend_spend_30_vs_90, spend_last_60d, recency_days","Main churn-risk drivers: frequency_orders, monetary_total, trend_orders_30_vs_90. Main factors reducing churn risk: trend_spend_30_vs_90, spend_last_60d, recency_days."
18122,"frequency_orders, monetary_total, orders_last_60d","trend_spend_30_vs_90, spend_last_60d, recency_days","Main churn-risk drivers: frequency_orders, monetary_total, orders_last_60d. Main factors reducing churn risk: trend_spend_30_vs_90, spend_last_60d, recency_days."
18125,"orders_last_60d, monetary_total, frequency_orders","spend_last_60d, trend_orders_30_vs_90, monetary_mean","Main churn-risk drivers: orders_last_60d, monetary_total, frequency_orders. Main factors reducing churn risk: spend_last_60d, trend_orders_30_vs_90, monetary_mean."
18127,"frequency_orders, monetary_total, trend_orders_30_vs_90","recency_days, trend_spend_30_vs_90, spend_last_60d","Main churn-risk drivers: frequency_orders, monetary_total, trend_orders_30_vs_90. Main factors reducing churn risk: recency_days, trend_spend_30_vs_90, spend_last_60d."
18129,"frequency_orders, monetary_total, orders_last_60d","spend_last_60d, trend_orders_30_vs_90, monetary_mean","Main churn-risk drivers: frequency_orders, monetary_total, orders_last_60d. Main factors reducing churn risk: spend_last_60d, trend_orders_30_vs_90, monetary_mean."
18133,"monetary_mean, monetary_median, frequency_orders","spend_last_60d, trend_orders_30_vs_90, orders_last_30d","Main churn-risk drivers: monetary_mean, monetary_median, frequency_orders. Main factors reducing churn risk: spend_last_60d, trend_orders_30_vs_90, orders_last_30d."
18135,"frequency_orders, monetary_total, orders_last_60d","spend_last_60d, trend_orders_30_vs_90, monetary_mean","Main churn-risk drivers: frequency_orders, monetary_total, orders_last_60d. Main factors reducing churn risk: spend_last_60d, trend_orders_30_vs_90, monetary_mean."
18136,"frequency_orders, monetary_total, orders_last_60d","spend_last_60d, trend_orders_30_vs_90, orders_last_30d","Main churn-risk drivers: frequency_orders, monetary_total, orders_last_60d. Main factors reducing churn risk: spend_last_60d, trend_orders_30_vs_90, orders_last_30d."
18138,"frequency_orders, recency_days, monetary_total","spend_last_60d, trend_orders_30_vs_90, orders_last_30d","Main churn-risk drivers: frequency_orders, recency_days, monetary_total. Main factors reducing churn risk: spend_last_60d, trend_orders_30_vs_90, orders_last_30d."
18142,"frequency_orders, orders_last_60d, monetary_total","trend_spend_30_vs_90, spend_last_60d, recency_days","Main churn-risk drivers: frequency_orders, orders_last_60d, monetary_total. Main factors reducing churn risk: trend_spend_30_vs_90, spend_last_60d, recency_days."
18143,"frequency_orders, spend_last_60d, monetary_total","orders_last_60d, recency_days, spend_last_90d","Main churn-risk drivers: frequency_orders, spend_last_60d, monetary_total. Main factors reducing churn risk: orders_last_60d, recency_days, spend_last_90d."
18144,"orders_last_30d, trend_orders_30_vs_90, orders_last_90d","frequency_orders, recency_days, monetary_total","Main churn-risk drivers: orders_last_30d, trend_orders_30_vs_90, orders_last_90d. Main factors reducing churn risk: frequency_orders, recency_days, monetary_total."
18145,"frequency_orders, orders_last_60d, monetary_total","spend_last_60d, trend_orders_30_vs_90, monetary_mean","Main churn-risk drivers: frequency_orders, orders_last_60d, monetary_total. Main factors reducing churn risk: spend_last_60d, trend_orders_30_vs_90, monetary_mean."
18146,"frequency_orders, monetary_total, trend_orders_30_vs_90","recency_days, trend_spend_30_vs_90, spend_last_60d","Main churn-risk drivers: frequency_orders, monetary_total, trend_orders_30_vs_90. Main factors reducing churn risk: recency_days, trend_spend_30_vs_90, spend_last_60d."
18147,"frequency_orders, monetary_total, orders_last_30d","recency_days, trend_orders_30_vs_90, spend_last_60d","Main churn-risk drivers: frequency_orders, monetary_total, orders_last_30d. Main factors reducing churn risk: recency_days, trend_orders_30_vs_90, spend_last_60d."
18149,"frequency_orders, monetary_total, orders_last_60d","spend_last_60d, trend_orders_30_vs_90, orders_last_30d","Main churn-risk drivers: frequency_orders, monetary_total, orders_last_60d. Main factors reducing churn risk: spend_last_60d, trend_orders_30_vs_90, orders_last_30d."
18150,"frequency_orders, monetary_total, trend_orders_30_vs_90","recency_days, trend_spend_30_vs_90, orders_last_30d","Main churn-risk drivers: frequency_orders, monetary_total, trend_orders_30_vs_90. Main factors reducing churn risk: recency_days, trend_spend_30_vs_90, orders_last_30d."
18151,"frequency_orders, monetary_total, trend_orders_30_vs_90","recency_days, trend_spend_30_vs_90, orders_last_30d","Main churn-risk drivers: frequency_orders, monetary_total, trend_orders_30_vs_90. Main factors reducing churn risk: recency_days, trend_spend_30_vs_90, orders_last_30d."
18155,"frequency_orders, monetary_total, orders_last_60d","trend_spend_30_vs_90, spend_last_60d, monetary_mean","Main churn-risk drivers: frequency_orders, monetary_total, orders_last_60d. Main factors reducing churn risk: trend_spend_30_vs_90, spend_last_60d, monetary_mean."
18156,"frequency_orders, recency_days, monetary_total","spend_last_60d, trend_orders_30_vs_90, monetary_mean","Main churn-risk drivers: frequency_orders, recency_days, monetary_total. Main factors reducing churn risk: spend_last_60d, trend_orders_30_vs_90, monetary_mean."
18159,"frequency_orders, recency_days, monetary_total","spend_last_60d, trend_orders_30_vs_90, orders_last_30d","Main churn-risk drivers: frequency_orders, recency_days, monetary_total. Main factors reducing churn risk: spend_last_60d, trend_orders_30_vs_90, orders_last_30d."
18160,"frequency_orders, monetary_total, orders_last_60d","spend_last_60d, trend_orders_30_vs_90, orders_last_30d","Main churn-risk drivers: frequency_orders, monetary_total, orders_last_60d. Main factors reducing churn risk: spend_last_60d, trend_orders_30_vs_90, orders_last_30d."
18161,"monetary_total, frequency_orders, trend_orders_30_vs_90","recency_days, trend_spend_30_vs_90, orders_last_30d","Main churn-risk drivers: monetary_total, frequency_orders, trend_orders_30_vs_90. Main factors reducing churn risk: recency_days, trend_spend_30_vs_90, orders_last_30d."
18165,"frequency_orders, monetary_total, orders_last_60d","trend_spend_30_vs_90, spend_last_60d, orders_last_30d","Main churn-risk drivers: frequency_orders, monetary_total, orders_last_60d. Main factors reducing churn risk: trend_spend_30_vs_90, spend_last_60d, orders_last_30d."
18167,"frequency_orders, monetary_total, orders_last_30d","recency_days, trend_orders_30_vs_90, orders_last_60d","Main churn-risk drivers: frequency_orders, monetary_total, orders_last_30d. Main factors reducing churn risk: recency_days, trend_orders_30_vs_90, orders_last_60d."
18168,"orders_last_60d, trend_orders_30_vs_90, monetary_total","frequency_orders, trend_spend_30_vs_90, spend_last_60d","Main churn-risk drivers: orders_last_60d, trend_orders_30_vs_90, monetary_total. Main factors reducing churn risk: frequency_orders, trend_spend_30_vs_90, spend_last_60d."
18170,"frequency_orders, monetary_total, orders_last_30d","recency_days, trend_orders_30_vs_90, orders_last_60d","Main churn-risk drivers: frequency_orders, monetary_total, orders_last_30d. Main factors reducing churn risk: recency_days, trend_orders_30_vs_90, orders_last_60d."
18171,"monetary_total, orders_last_30d, trend_orders_30_vs_90","recency_days, frequency_orders, orders_last_60d","Main churn-risk drivers: monetary_total, orders_last_30d, trend_orders_30_vs_90. Main factors reducing churn risk: recency_days, frequency_orders, orders_last_60d."
18172,"spend_last_60d, trend_orders_30_vs_90, orders_last_30d","frequency_orders, orders_last_60d, monetary_total","Main churn-risk drivers: spend_last_60d, trend_orders_30_vs_90, orders_last_30d. Main factors reducing churn risk: frequency_orders, orders_last_60d, monetary_total."
18173,"orders_last_60d, frequency_orders, spend_last_90d","spend_last_60d, trend_orders_30_vs_90, orders_last_30d","Main churn-risk drivers: orders_last_60d, frequency_orders, spend_last_90d. Main factors reducing churn risk: spend_last_60d, trend_orders_30_vs_90, orders_last_30d."
18176,"frequency_orders, recency_days, monetary_total","spend_last_60d, trend_orders_30_vs_90, orders_last_30d","Main churn-risk drivers: frequency_orders, recency_days, monetary_total. Main factors reducing churn risk: spend_last_60d, trend_orders_30_vs_90, orders_last_30d."
18177,"orders_last_60d, monetary_total, trend_orders_30_vs_90","frequency_orders, trend_spend_30_vs_90, spend_last_60d","Main churn-risk drivers: orders_last_60d, monetary_total, trend_orders_30_vs_90. Main factors reducing churn risk: frequency_orders, trend_spend_30_vs_90, spend_last_60d."
18178,"trend_orders_30_vs_90, spend_last_60d, spend_last_90d","recency_days, trend_spend_30_vs_90, frequency_orders","Main churn-risk drivers: trend_orders_30_vs_90, spend_last_60d, spend_last_90d. Main factors reducing churn risk: recency_days, trend_spend_30_vs_90, frequency_orders."
18179,"orders_last_60d, recency_days, monetary_total","spend_last_60d, frequency_orders, trend_orders_30_vs_90","Main churn-risk drivers: orders_last_60d, recency_days, monetary_total. Main factors reducing churn risk: spend_last_60d, frequency_orders, trend_orders_30_vs_90."
18180,"frequency_orders, monetary_total, trend_orders_30_vs_90","orders_last_60d, recency_days, trend_spend_30_vs_90","Main churn-risk drivers: frequency_orders, monetary_total, trend_orders_30_vs_90. Main factors reducing churn risk: orders_last_60d, recency_days, trend_spend_30_vs_90."
18183,"frequency_orders, orders_last_60d, monetary_total","spend_last_60d, trend_orders_30_vs_90, orders_last_30d","Main churn-risk drivers: frequency_orders, orders_last_60d, monetary_total. Main factors reducing churn risk: spend_last_60d, trend_orders_30_vs_90, orders_last_30d."
18185,"frequency_orders, monetary_total, orders_last_60d","spend_last_60d, trend_orders_30_vs_90, orders_last_30d","Main churn-risk drivers: frequency_orders, monetary_total, orders_last_60d. Main factors reducing churn risk: spend_last_60d, trend_orders_30_vs_90, orders_last_30d."
18188,"frequency_orders, recency_days, monetary_total","spend_last_60d, trend_orders_30_vs_90, orders_last_30d","Main churn-risk drivers: frequency_orders, recency_days, monetary_total. Main factors reducing churn risk: spend_last_60d, trend_orders_30_vs_90, orders_last_30d."
18189,"frequency_orders, recency_days, orders_last_60d","spend_last_60d, trend_orders_30_vs_90, orders_last_30d","Main churn-risk drivers: frequency_orders, recency_days, orders_last_60d. Main factors reducing churn risk: spend_last_60d, trend_orders_30_vs_90, orders_last_30d."
18190,"frequency_orders, monetary_total, orders_last_60d","spend_last_60d, trend_orders_30_vs_90, orders_last_30d","Main churn-risk drivers: frequency_orders, monetary_total, orders_last_60d. Main factors reducing churn risk: spend_last_60d, trend_orders_30_vs_90, orders_last_30d."
18191,"frequency_orders, monetary_total, recency_days","spend_last_60d, trend_orders_30_vs_90, orders_last_30d","Main churn-risk drivers: frequency_orders, monetary_total, recency_days. Main factors reducing churn risk: spend_last_60d, trend_orders_30_vs_90, orders_last_30d."
18193,"frequency_orders, monetary_total, orders_last_60d","trend_spend_30_vs_90, spend_last_60d, recency_days","Main churn-risk drivers: frequency_orders, monetary_total, orders_last_60d. Main factors reducing churn risk: trend_spend_30_vs_90, spend_last_60d, recency_days."
18196,"frequency_orders, monetary_total, orders_last_30d","recency_days, trend_orders_30_vs_90, monetary_mean","Main churn-risk drivers: frequency_orders, monetary_total, orders_last_30d. Main factors reducing churn risk: recency_days, trend_orders_30_vs_90, monetary_mean."
18198,"trend_orders_30_vs_90, orders_last_30d, orders_last_90d","frequency_orders, monetary_total, recency_days","Main churn-risk drivers: trend_orders_30_vs_90, orders_last_30d, orders_last_90d. Main factors reducing churn risk: frequency_orders, monetary_total, recency_days."
18200,"frequency_orders, monetary_total, orders_last_30d","recency_days, trend_orders_30_vs_90, monetary_mean","Main churn-risk drivers: frequency_orders, monetary_total, orders_last_30d. Main factors reducing churn risk: recency_days, trend_orders_30_vs_90, monetary_mean."
18202,"orders_last_60d, frequency_orders, spend_last_90d","spend_last_60d, trend_orders_30_vs_90, orders_last_30d","Main churn-risk drivers: orders_last_60d, frequency_orders, spend_last_90d. Main factors reducing churn risk: spend_last_60d, trend_orders_30_vs_90, orders_last_30d."
18203,"frequency_orders, monetary_total, orders_last_60d","trend_spend_30_vs_90, spend_last_60d, recency_days","Main churn-risk drivers: frequency_orders, monetary_total, orders_last_60d. Main factors reducing churn risk: trend_spend_30_vs_90, spend_last_60d, recency_days."
18204,"frequency_orders, spend_last_60d, orders_last_30d","recency_days, trend_orders_30_vs_90, monetary_mean","Main churn-risk drivers: frequency_orders, spend_last_60d, orders_last_30d. Main factors reducing churn risk: recency_days, trend_orders_30_vs_90, monetary_mean."
18210,"frequency_orders, monetary_total, recency_days","spend_last_60d, trend_orders_30_vs_90, orders_last_30d","Main churn-risk drivers: frequency_orders, monetary_total, recency_days. Main factors reducing churn risk: spend_last_60d, trend_orders_30_vs_90, orders_last_30d."
18211,"frequency_orders, monetary_total, trend_orders_30_vs_90","recency_days, trend_spend_30_vs_90, spend_last_60d","Main churn-risk drivers: frequency_orders, monetary_total, trend_orders_30_vs_90. Main factors reducing churn risk: recency_days, trend_spend_30_vs_90, spend_last_60d."
18212,"frequency_orders, recency_days, monetary_total","spend_last_60d, trend_orders_30_vs_90, monetary_mean","Main churn-risk drivers: frequency_orders, recency_days, monetary_total. Main factors reducing churn risk: spend_last_60d, trend_orders_30_vs_90, monetary_mean."
18213,"frequency_orders, monetary_total, orders_last_60d","spend_last_60d, trend_orders_30_vs_90, orders_last_30d","Main churn-risk drivers: frequency_orders, monetary_total, orders_last_60d. Main factors reducing churn risk: spend_last_60d, trend_orders_30_vs_90, orders_last_30d."
18218,"frequency_orders, orders_last_60d, monetary_total","spend_last_60d, trend_orders_30_vs_90, orders_last_30d","Main churn-risk drivers: frequency_orders, orders_last_60d, monetary_total. Main factors reducing churn risk: spend_last_60d, trend_orders_30_vs_90, orders_last_30d."
18219,"trend_orders_30_vs_90, monetary_total, orders_last_90d","frequency_orders, trend_spend_30_vs_90, recency_days","Main churn-risk drivers: trend_orders_30_vs_90, monetary_total, orders_last_90d. Main factors reducing churn risk: frequency_orders, trend_spend_30_vs_90, recency_days."
18220,"frequency_orders, monetary_total, orders_last_60d","spend_last_60d, trend_orders_30_vs_90, orders_last_30d","Main churn-risk drivers: frequency_orders, monetary_total, orders_last_60d. Main factors reducing churn risk: spend_last_60d, trend_orders_30_vs_90, orders_last_30d."
18221,"monetary_total, frequency_orders, orders_last_30d","recency_days, trend_orders_30_vs_90, spend_last_60d","Main churn-risk drivers: monetary_total, frequency_orders, orders_last_30d. Main factors reducing churn risk: recency_days, trend_orders_30_vs_90, spend_last_60d."
18222,"frequency_orders, monetary_total, orders_last_30d","recency_days, trend_orders_30_vs_90, orders_last_60d","Main churn-risk drivers: frequency_orders, monetary_total, orders_last_30d. Main factors reducing churn risk: recency_days, trend_orders_30_vs_90, orders_last_60d."
18223,"spend_last_60d, trend_orders_30_vs_90, orders_last_30d","frequency_orders, monetary_total, orders_last_60d","Main churn-risk drivers: spend_last_60d, trend_orders_30_vs_90, orders_last_30d. Main factors reducing churn risk: frequency_orders, monetary_total, orders_last_60d."
18224,"frequency_orders, monetary_total, recency_days","spend_last_60d, trend_orders_30_vs_90, orders_last_30d","Main churn-risk drivers: frequency_orders, monetary_total, recency_days. Main factors reducing churn risk: spend_last_60d, trend_orders_30_vs_90, orders_last_30d."
18225,"spend_last_60d, orders_last_30d, trend_orders_30_vs_90","frequency_orders, orders_last_60d, monetary_total","Main churn-risk drivers: spend_last_60d, orders_last_30d, trend_orders_30_vs_90. Main factors reducing churn risk: frequency_orders, orders_last_60d, monetary_total."
18226,"spend_last_60d, trend_orders_30_vs_90, orders_last_90d","frequency_orders, monetary_total, orders_last_60d","Main churn-risk drivers: spend_last_60d, trend_orders_30_vs_90, orders_last_90d. Main factors reducing churn risk: frequency_orders, monetary_total, orders_last_60d."
18227,"frequency_orders, monetary_total, orders_last_60d","spend_last_60d, trend_orders_30_vs_90, orders_last_30d","Main churn-risk drivers: frequency_orders, monetary_total, orders_last_60d. Main factors reducing churn risk: spend_last_60d, trend_orders_30_vs_90, orders_last_30d."
18229,"spend_last_60d, orders_last_30d, trend_orders_30_vs_90","frequency_orders, orders_last_60d, monetary_total","Main churn-risk drivers: spend_last_60d, orders_last_30d, trend_orders_30_vs_90. Main factors reducing churn risk: frequency_orders, orders_last_60d, monetary_total."
18230,"orders_last_30d, trend_orders_30_vs_90, spend_last_60d","frequency_orders, recency_days, monetary_total","Main churn-risk drivers: orders_last_30d, trend_orders_30_vs_90, spend_last_60d. Main factors reducing churn risk: frequency_orders, recency_days, monetary_total."
18231,"orders_last_60d, spend_last_90d, trend_spend_30_vs_90","frequency_orders, spend_last_60d, monetary_total","Main churn-risk drivers: orders_last_60d, spend_last_90d, trend_spend_30_vs_90. Main factors reducing churn risk: frequency_orders, spend_last_60d, monetary_total."
18232,"monetary_total, orders_last_60d, frequency_orders","trend_spend_30_vs_90, spend_last_60d, recency_days","Main churn-risk drivers: monetary_total, orders_last_60d, frequency_orders. Main factors reducing churn risk: trend_spend_30_vs_90, spend_last_60d, recency_days."
18233,"frequency_orders, monetary_mean, monetary_median","spend_last_60d, trend_orders_30_vs_90, orders_last_30d","Main churn-risk drivers: frequency_orders, monetary_mean, monetary_median. Main factors reducing churn risk: spend_last_60d, trend_orders_30_vs_90, orders_last_30d."
18235,"frequency_orders, monetary_total, orders_last_30d","recency_days, trend_orders_30_vs_90, monetary_mean","Main churn-risk drivers: frequency_orders, monetary_total, orders_last_30d. Main factors reducing churn risk: recency_days, trend_orders_30_vs_90, monetary_mean."
18236,"monetary_total, trend_orders_30_vs_90, spend_last_90d","recency_days, trend_spend_30_vs_90, frequency_orders","Main churn-risk drivers: monetary_total, trend_orders_30_vs_90, spend_last_90d. Main factors reducing churn risk: recency_days, trend_spend_30_vs_90, frequency_orders."
18237,"orders_last_30d, monetary_total, frequency_orders","orders_last_60d, recency_days, monetary_mean","Main churn-risk drivers: orders_last_30d, monetary_total, frequency_orders. Main factors reducing churn risk: orders_last_60d, recency_days, monetary_mean."
18239,"orders_last_60d, spend_last_90d, recency_days","frequency_orders, spend_last_60d, trend_orders_30_vs_90","Main churn-risk drivers: orders_last_60d, spend_last_90d, recency_days. Main factors reducing churn risk: frequency_orders, spend_last_60d, trend_orders_30_vs_90."
18241,"orders_last_30d, spend_last_60d, orders_last_90d","orders_last_60d, frequency_orders, recency_days","Main churn-risk drivers: orders_last_30d, spend_last_60d, orders_last_90d. Main factors reducing churn risk: orders_last_60d, frequency_orders, recency_days."
18242,"frequency_orders, orders_last_60d, monetary_total","spend_last_60d, trend_orders_30_vs_90, orders_last_30d","Main churn-risk drivers: frequency_orders, orders_last_60d, monetary_total. Main factors reducing churn risk: spend_last_60d, trend_orders_30_vs_90, orders_last_30d."
18245,"trend_orders_30_vs_90, spend_last_90d, orders_last_90d","frequency_orders, orders_last_60d, trend_spend_30_vs_90","Main churn-risk drivers: trend_orders_30_vs_90, spend_last_90d, orders_last_90d. Main factors reducing churn risk: frequency_orders, orders_last_60d, trend_spend_30_vs_90."
18246,"frequency_orders, monetary_total, orders_last_60d","spend_last_60d, trend_orders_30_vs_90, orders_last_30d","Main churn-risk drivers: frequency_orders, monetary_total, orders_last_60d. Main factors reducing churn risk: spend_last_60d, trend_orders_30_vs_90, orders_last_30d."
18248,"frequency_orders, monetary_total, trend_orders_30_vs_90","recency_days, trend_spend_30_vs_90, orders_last_30d","Main churn-risk drivers: frequency_orders, monetary_total, trend_orders_30_vs_90. Main factors reducing churn risk: recency_days, trend_spend_30_vs_90, orders_last_30d."
18250,"frequency_orders, recency_days, monetary_total","spend_last_60d, trend_orders_30_vs_90, orders_last_30d","Main churn-risk drivers: frequency_orders, recency_days, monetary_total. Main factors reducing churn risk: spend_last_60d, trend_orders_30_vs_90, orders_last_30d."
18252,"frequency_orders, monetary_total, orders_last_60d","trend_spend_30_vs_90, spend_last_60d, orders_last_30d","Main churn-risk drivers: frequency_orders, monetary_total, orders_last_60d. Main factors reducing churn risk: trend_spend_30_vs_90, spend_last_60d, orders_last_30d."
18257,"orders_last_30d, spend_last_60d, trend_orders_30_vs_90","frequency_orders, recency_days, orders_last_60d","Main churn-risk drivers: orders_last_30d, spend_last_60d, trend_orders_30_vs_90. Main factors reducing churn risk: frequency_orders, recency_days, orders_last_60d."
18259,"frequency_orders, recency_days, monetary_total","spend_last_60d, trend_orders_30_vs_90, orders_last_30d","Main churn-risk drivers: frequency_orders, recency_days, monetary_total. Main factors reducing churn risk: spend_last_60d, trend_orders_30_vs_90, orders_last_30d."
18260,"orders_last_60d, trend_orders_30_vs_90, spend_last_90d","frequency_orders, monetary_total, trend_spend_30_vs_90","Main churn-risk drivers: orders_last_60d, trend_orders_30_vs_90, spend_last_90d. Main factors reducing churn risk: frequency_orders, monetary_total, trend_spend_30_vs_90."
18261,"frequency_orders, monetary_total, orders_last_30d","recency_days, trend_orders_30_vs_90, monetary_mean","Main churn-risk drivers: frequency_orders, monetary_total, orders_last_30d. Main factors reducing churn risk: recency_days, trend_orders_30_vs_90, monetary_mean."
18262,"frequency_orders, monetary_total, trend_orders_30_vs_90","recency_days, trend_spend_30_vs_90, spend_last_60d","Main churn-risk drivers: frequency_orders, monetary_total, trend_orders_30_vs_90. Main factors reducing churn risk: recency_days, trend_spend_30_vs_90, spend_last_60d."
18263,"frequency_orders, orders_last_60d, monetary_total","trend_spend_30_vs_90, spend_last_60d, recency_days","Main churn-risk drivers: frequency_orders, orders_last_60d, monetary_total. Main factors reducing churn risk: trend_spend_30_vs_90, spend_last_60d, recency_days."
18265,"frequency_orders, monetary_total, orders_last_60d","trend_spend_30_vs_90, spend_last_60d, recency_days","Main churn-risk drivers: frequency_orders, monetary_total, orders_last_60d. Main factors reducing churn risk: trend_spend_30_vs_90, spend_last_60d, recency_days."
18268,"frequency_orders, monetary_total, trend_orders_30_vs_90","recency_days, trend_spend_30_vs_90, spend_last_60d","Main churn-risk drivers: frequency_orders, monetary_total, trend_orders_30_vs_90. Main factors reducing churn risk: recency_days, trend_spend_30_vs_90, spend_last_60d."
18269,"frequency_orders, recency_days, monetary_total","spend_last_60d, trend_orders_30_vs_90, orders_last_30d","Main churn-risk drivers: frequency_orders, recency_days, monetary_total. Main factors reducing churn risk: spend_last_60d, trend_orders_30_vs_90, orders_last_30d."
18270,"frequency_orders, monetary_total, recency_days","spend_last_60d, trend_orders_30_vs_90, orders_last_30d","Main churn-risk drivers: frequency_orders, monetary_total, recency_days. Main factors reducing churn risk: spend_last_60d, trend_orders_30_vs_90, orders_last_30d."
18272,"spend_last_60d, orders_last_30d, trend_orders_30_vs_90","orders_last_60d, recency_days, spend_last_90d","Main churn-risk drivers: spend_last_60d, orders_last_30d, trend_orders_30_vs_90. Main factors reducing churn risk: orders_last_60d, recency_days, spend_last_90d."
18273,"frequency_orders, monetary_total, orders_last_30d","recency_days, trend_orders_30_vs_90, spend_last_60d","Main churn-risk drivers: frequency_orders, monetary_total, orders_last_30d. Main factors reducing churn risk: recency_days, trend_orders_30_vs_90, spend_last_60d."
18280,"frequency_orders, monetary_total, recency_days","spend_last_60d, trend_orders_30_vs_90, orders_last_30d","Main churn-risk drivers: frequency_orders, monetary_total, recency_days. Main factors reducing churn risk: spend_last_60d, trend_orders_30_vs_90, orders_last_30d."
18281,"frequency_orders, monetary_total, orders_last_60d","spend_last_60d, trend_orders_30_vs_90, monetary_mean","Main churn-risk drivers: frequency_orders, monetary_total, orders_last_60d. Main factors reducing churn risk: spend_last_60d, trend_orders_30_vs_90, monetary_mean."
18282,"frequency_orders, monetary_total, trend_orders_30_vs_90","recency_days, trend_spend_30_vs_90, spend_last_60d","Main churn-risk drivers: frequency_orders, monetary_total, trend_orders_30_vs_90. Main factors reducing churn risk: recency_days, trend_spend_30_vs_90, spend_last_60d."
18283,"trend_orders_30_vs_90, monetary_total, orders_last_30d","frequency_orders, orders_last_60d, recency_days","Main churn-risk drivers: trend_orders_30_vs_90, monetary_total, orders_last_30d. Main factors reducing churn risk: frequency_orders, orders_last_60d, recency_days."
18287,"frequency_orders, orders_last_60d, monetary_total","spend_last_60d, trend_orders_30_vs_90, orders_last_30d","Main churn-risk drivers: frequency_orders, orders_last_60d, monetary_total. Main factors reducing churn risk: spend_last_60d, trend_orders_30_vs_90, orders_last_30d."
