{
  "roc_auc": 0.7197018678160919,
  "accuracy": 0.6706231454005934,
  "precision": 0.5904255319148937,
  "recall": 0.7655172413793103,
  "f1": 0.6666666666666666
}