{
  "roc_auc": 0.7194773706896551,
  "accuracy": 0.6513353115727003,
  "precision": 0.5925925925925926,
  "recall": 0.6068965517241379,
  "f1": 0.5996592844974447,
  "selected_model": "Logistic Regression"
}