{
  "roc_auc": 1.0,
  "accuracy": 0.9988479262672811,
  "precision": 0.996551724137931,
  "recall": 1.0,
  "f1": 0.998272884283247
}